{"engine":"clickhouse","workload":"delete_throughput_1m","n_rows":1000000,"samples":32,"median_us":2896.334,"min_us":2497.5419510155916,"iterations_us":[16680.958098731935, 2891.7500749230385, 3182.334010489285, 70576.87500491738, 2792.1670116484165, 3151.4998991042376, 2724.3340155109763, 2670.2909963205457, 3285.0420102477074, 2723.8749898970127, 2602.83297393471, 3039.791015908122, 3008.7499180808663, 2840.875065885484, 3073.791041970253, 2514.875028282404, 2900.916966609657, 2680.625068023801, 3021.1659613996744, 3028.6250403150916, 2642.5831019878387, 2619.332983158529, 2698.542084544897, 2710.2919993922114, 2924.9999206513166, 3095.333930104971, 3098.707995377481, 2629.333990626037, 2553.374972194433, 2497.5419510155916, 3208.499983884394, 3210.7499428093433]}
