{"engine":"sqlite3","workload":"delete_throughput_1m","n_rows":1000000,"samples":32,"median_us":60853.792,"min_us":60389.750,"iterations_us":[60427.833115682006, 60389.75005503744, 60861.08402814716, 60771.375079639256, 60477.5829706341, 60931.20900914073, 60751.124983653426, 60602.62490063906, 60627.45803501457, 60543.624917045236, 60734.54103898257, 60609.000036492944, 60445.25001198053, 60662.70894370973, 60403.95796298981, 61185.79104077071, 103661.04100830853, 65704.70798760653, 62666.208017617464, 62923.707999289036, 62787.917093373835, 61891.54204912484, 61993.49998496473, 61483.99994708598, 61470.16701288521, 61114.87501766533, 61041.49995371699, 60846.49998228997, 61081.41609001905, 61034.334008581936, 60573.24993889779, 60716.49992372841]}
