{"engine":"sqlite3","workload":"delete_throughput_10k","n_rows":10000,"samples":16,"median_us":527.709,"min_us":516.875,"iterations_us":[554.9999186769128, 533.9579656720161, 522.8749942034483, 519.9169972911477, 519.3749675527215, 518.7919596210122, 517.7920684218407, 527.417054399848, 528.0000623315573, 522.3749903962016, 516.8750649318099, 687.291962094605, 583.2499591633677, 543.5419734567404, 540.7080752775073, 562.5420017167926]}
