{"engine":"sqlite3","workload":"delete_throughput_10k","n_rows":10000,"samples":16,"median_us":534.208,"min_us":528.125,"iterations_us":[536.9590362533927, 535.7089685276151, 531.0000269673765, 528.1250341795385, 542.8330041468143, 543.5839993879199, 550.9589682333171, 537.7919878810644, 533.5829919204116, 533.9999916031957, 534.3329976312816, 534.0829957276583, 533.8329938240349, 534.3329976312816, 533.6669855751097, 533.2920118235052]}
