{"engine":"sqlite3","workload":"delete_throughput_10k","n_rows":10000,"samples":32,"median_us":536.875,"min_us":530.000,"iterations_us":[549.374963156879, 539.7080676630139, 536.6250406950712, 533.5829919204116, 531.333964318037, 530.7920509949327, 531.2080029398203, 676.875002682209, 583.791988901794, 555.5410170927644, 544.2920373752713, 539.1249433159828, 541.7090142145753, 533.2500440999866, 540.458015166223, 530.0840130075812, 532.3749501258135, 531.7499162629247, 531.0409469529986, 531.0419946908951, 531.333964318037, 531.2080029398203, 530.7910032570362, 530.7079991325736, 529.9999611452222, 622.1670191735029, 546.1249966174364, 548.8330498337746, 540.6249547377229, 537.1249280869961, 542.1249661594629, 541.4579063653946]}
