{"engine":"sqlite3","workload":"delete_throughput_1m","n_rows":1000000,"samples":32,"median_us":60226.667,"min_us":59767.000,"iterations_us":[60116.54098983854, 60657.79190976173, 60384.70799103379, 60514.79198504239, 60234.99998264015, 60168.66606660187, 60736.87504976988, 60634.042019955814, 60517.040896229446, 60246.124980039895, 60216.29204042256, 60361.458105035126, 60181.832988746464, 60606.95799533278, 60035.95900256187, 60218.33303384483, 59786.91694326699, 59766.999911516905, 59971.99995908886, 60299.95798598975, 60074.749984778464, 60174.83293544501, 60403.08403316885, 60200.20798314363, 60355.70800304413, 60665.66694062203, 60333.9170338586, 60198.41693341732, 60098.12490083277, 60732.70901106298, 59892.54207815975, 59864.6670114249]}
