{"engine":"sqlite3","workload":"delete_throughput_100k","n_rows":100000,"samples":16,"median_us":5738.333,"min_us":5540.375,"iterations_us":[5715.541017707437, 5768.9169771038, 5734.040983952582, 5777.749989647418, 5840.666999574751, 5754.999991040677, 5783.834028989077, 5617.12501803413, 5784.291948657483, 5742.624984122813, 5540.375015698373, 5682.75002297014, 5704.375042114407, 5852.958012837917, 5694.3329982459545, 5615.957954432815]}
