{"engine":"duckdb","workload":"delete_throughput_1m","n_rows":1000000,"samples":32,"median_us":228091.876,"min_us":223659.209,"iterations_us":[228989.70905225724, 232400.75004287064, 224210.91608703136, 231016.50003809482, 225230.04096001387, 229977.4590646848, 227983.08404162526, 228630.20899239928, 225888.62502016127, 225023.00003543496, 226419.37504522502, 225648.2089869678, 230784.95799563825, 224161.7909166962, 233581.87498524785, 226784.83300842345, 231573.04199412465, 227340.25004319847, 234072.37499486655, 228200.66707208753, 232321.54198922217, 230947.33292236924, 223829.08302824944, 229790.49989953637, 225120.3339546919, 228635.62498241663, 224777.16708090156, 227592.83299092203, 223659.20897573233, 230582.83398859203, 225274.08401947469, 231966.24999400228]}
