{"engine":"clickhouse","workload":"delete_throughput_10k","n_rows":10000,"samples":32,"median_us":3752.584,"min_us":2462.3749777674675,"iterations_us":[3569.0839868038893, 3436.2500300630927, 4631.416988559067, 16392.832971177995, 3936.0839873552322, 5128.500051796436, 4406.958003528416, 4723.916994407773, 4966.0420045256615, 5216.8749971315265, 4289.04197178781, 4538.250039331615, 3278.000047430396, 3443.5000270605087, 4389.000008814037, 3494.958975352347, 3360.792063176632, 2968.29198487103, 2570.917014963925, 3335.7091015204787, 3207.7920623123646, 2462.3749777674675, 3173.33301063627, 2941.6249599307775, 3387.9580441862345, 3168.5830326750875, 3276.08291991055, 5722.333095036447, 6383.750005625188, 5742.667010053992, 5857.5409930199385, 6454.7499641776085]}
