{"engine":"postgres17","workload":"delete_throughput_10k","n_rows":10000,"samples":32,"median_us":24564.979,"min_us":23243.958,"iterations_us":[26746.95907626301, 24461.249937303364, 23243.958014063537, 24777.75001898408, 24717.874941416085, 24404.08302936703, 24690.749938599765, 25234.916945919394, 23979.833000339568, 25002.958020195365, 24943.79202835262, 25284.37494765967, 25464.083068072796, 23927.291971631348, 23342.957952991128, 24559.958023019135, 23741.12489633262, 23450.708016753197, 24045.999976806343, 23606.166942045093, 23773.375083692372, 23586.541996337473, 25132.999988272786, 28002.62498203665, 26202.542008832097, 23830.04210423678, 24642.0840267092, 24570.000008679926, 25106.583954766393, 24278.20791490376, 24977.084016427398, 24340.500007383525]}
