{"engine":"clickhouse","workload":"delete_throughput_1m","n_rows":1000000,"samples":16,"median_us":2991.958,"min_us":2661.5000097081065,"iterations_us":[3394.2920272238553, 2861.3749891519547, 2831.9170232862234, 9582.749975379556, 2979.7909664921463, 2783.375035505742, 3138.666972517967, 3085.8340323902667, 3506.8329889327288, 2963.2090008817613, 3004.125028382987, 9987.957950215787, 3903.24997715652, 2851.7080354504287, 2661.5000097081065, 2704.8749616369605]}
