{"engine":"postgres17","workload":"delete_throughput_100k","n_rows":100000,"samples":16,"median_us":38879.792,"min_us":35808.125,"iterations_us":[41108.41697547585, 38367.000001017004, 38306.582951918244, 37709.29202437401, 39629.791979677975, 38201.41701726243, 37790.291011333466, 38637.58401712403, 44366.24998925254, 35808.12498694286, 40135.999966878444, 40569.833014160395, 39847.99998579547, 40729.54197181389, 37022.207980044186, 39121.99998740107]}
