{"engine":"sqlite3","workload":"delete_throughput_10k","n_rows":10000,"samples":32,"median_us":540.458,"min_us":512.791,"iterations_us":[539.249973371625, 537.0000144466758, 517.0829826965928, 514.5419854670763, 513.2909864187241, 512.7909826114774, 533.4169836714864, 670.9580775350332, 561.4999681711197, 569.4580031558871, 554.8340268433094, 543.9580418169498, 545.8339583128691, 541.6669882833958, 544.0419772639871, 531.7919421941042, 536.5000106394291, 532.5829843059182, 532.8749539330602, 532.9590057954192, 537.1669540181756, 536.7500707507133, 535.8339985832572, 536.9159625843167, 631.4590573310852, 596.3749717921019, 553.2919894903898, 546.8750605359674, 543.5410421341658, 545.3750491142273, 543.7500076368451, 542.6250863820314]}
