{"engine":"duckdb","workload":"delete_throughput_100k","n_rows":100000,"samples":16,"median_us":20342.395,"min_us":19960.375,"iterations_us":[20343.0830151774, 20448.624971322715, 20354.209002107382, 20358.832960482687, 20277.750038076192, 20341.70797560364, 20358.874986413866, 20078.79101438448, 20355.25004612282, 20260.208984836936, 20272.33300032094, 20206.833025440574, 20400.83397878334, 20542.208978440613, 19960.374978836626, 19993.250025436282]}
