{"engine":"postgres17","workload":"delete_throughput_100k","n_rows":100000,"samples":16,"median_us":36692.562,"min_us":33750.292,"iterations_us":[36399.9170367606, 37510.04103105515, 36559.7500349395, 37014.208966866136, 36909.16602499783, 36947.45898246765, 36665.58297118172, 37392.24997116253, 36575.79096034169, 36542.33296401799, 33750.29197195545, 36494.66700153425, 37196.9590196386, 36425.04202434793, 37197.0419655554, 36719.54100718722]}
