{"engine":"sqlite3","workload":"delete_throughput_1m","n_rows":1000000,"samples":32,"median_us":60576.604,"min_us":59823.708,"iterations_us":[68961.2909918651, 65227.2910811007, 60525.91698244214, 60359.250055626035, 60508.83303396404, 60475.49995128065, 60456.20795339346, 60521.87492605299, 60393.958003260195, 60901.91600378603, 60981.6670184955, 60522.83302415162, 60446.50007970631, 60666.08300898224, 60435.12490577996, 90470.37502750754, 68885.62499079853, 61054.958030581474, 60590.66602028906, 60005.166917108, 59940.91695174575, 60559.791047126055, 60646.58402465284, 60567.16607417911, 62442.00002402067, 60901.58398728818, 61444.04096994549, 60586.0420037061, 60678.333044052124, 61001.87497213483, 60019.749915227294, 59823.70802666992]}
