{"engine":"sqlite3","workload":"delete_throughput_10k","n_rows":10000,"samples":16,"median_us":538.625,"min_us":530.000,"iterations_us":[562.0840238407254, 551.1670024134219, 538.666034117341, 538.584019523114, 530.7919927872717, 530.0000193528831, 537.0829603634775, 533.9159979484975, 541.9579683803022, 530.3749931044877, 591.2079941481352, 604.041968472302, 554.1669670492411, 536.5000106394291, 541.5420164354146, 534.6669931896031]}
