{"engine":"sqlite3","workload":"delete_throughput_100k","n_rows":100000,"samples":16,"median_us":5859.333,"min_us":5738.125,"iterations_us":[5923.66699129343, 5814.208067022264, 5903.917015530169, 5853.082984685898, 5855.291965417564, 5739.709013141692, 5863.3750304579735, 5764.915957115591, 5787.290981970727, 5741.082946769893, 5937.166977673769, 5912.499967962503, 5863.583064638078, 5891.249980777502, 5738.125066272914, 5909.500061534345]}
