{"engine":"clickhouse","workload":"delete_throughput_10k","n_rows":10000,"samples":16,"median_us":5527.437,"min_us":3921.7090234160423,"iterations_us":[4300.333966966718, 3921.7090234160423, 4402.749997097999, 17937.124997843057, 4657.958983443677, 5288.207961712033, 5555.915995500982, 6392.333016265184, 6078.749953303486, 6650.708965025842, 5498.958053067327, 6693.792005535215, 5046.000005677342, 6096.833967603743, 4443.958983756602, 5756.333004683256]}
