{"engine":"postgres17","workload":"delete_throughput_10k","n_rows":10000,"samples":16,"median_us":20675.084,"min_us":19394.375,"iterations_us":[22631.54200045392, 21016.834012698382, 21684.708015527576, 19400.58299805969, 20057.9579686746, 20531.499991193414, 20865.792001131922, 20425.62502902001, 20182.79198091477, 20830.87502978742, 21656.000055372715, 19394.374976400286, 21316.54100958258, 19416.166993323714, 20818.667020648718, 20107.500022277236]}
