{"engine":"sqlite3","workload":"delete_throughput_100k","n_rows":100000,"samples":16,"median_us":5831.854,"min_us":5823.500,"iterations_us":[5985.666997730732, 5928.375001531094, 5904.915975406766, 5832.875031046569, 5844.417028129101, 5841.707985382527, 5834.000010509044, 5842.332961037755, 5830.832989886403, 5824.292020406574, 5825.249943882227, 5829.083966091275, 5823.4999887645245, 5825.457978062332, 5824.291962198913, 5829.875008203089]}
