{"engine":"sqlite3","workload":"delete_throughput_1m","n_rows":1000000,"samples":32,"median_us":60439.521,"min_us":59931.708,"iterations_us":[60306.7500051111, 60208.08301400393, 60010.79105772078, 60090.33299051225, 64688.9170166105, 70814.87495452166, 70249.66599419713, 70585.99998708814, 70555.3749576211, 65705.62499109656, 60698.125045746565, 60608.70795045048, 60822.415980510414, 60899.042058736086, 60660.37493292242, 60273.375012911856, 60505.874920636415, 60485.62494106591, 60143.457958474755, 60075.83299651742, 60028.916923329234, 60301.62493698299, 60579.24998458475, 60393.417021259665, 60236.084042117, 60332.708060741425, 60307.62498266995, 60302.50003095716, 60599.541990086436, 60803.333995863795, 60349.70807377249, 59931.70803412795]}
