{"engine":"postgres17","workload":"delete_throughput_100k","n_rows":100000,"samples":16,"median_us":38319.521,"min_us":33505.417,"iterations_us":[38622.167077846825, 39693.12505796552, 41733.37493557483, 38863.24993800372, 38271.125056780875, 39048.95798768848, 40100.87496135384, 38239.33401145041, 38483.87498874217, 33505.417057313025, 37020.209012553096, 37617.87503026426, 38367.916946299374, 37169.208051636815, 37929.20790147036, 37637.6670319587]}
