{"engine":"clickhouse","workload":"delete_throughput_10k","n_rows":10000,"samples":32,"median_us":5051.271,"min_us":3117.457963526249,"iterations_us":[3386.9160106405616, 3754.0419725701213, 4383.082967251539, 17233.66603255272, 4562.12495919317, 5183.250061236322, 4783.750046044588, 4741.167067550123, 6297.16704133898, 5437.250016257167, 5124.207935295999, 5039.292038418353, 5113.916005939245, 5063.24996240437, 5809.250054880977, 5447.916919365525, 5143.625079654157, 3502.54203658551, 5102.374940179288, 5115.917068906128, 5173.124955035746, 3794.916090555489, 5113.666993565857, 3117.457963526249, 4606.875008903444, 5127.2501004859805, 4961.667000316083, 5075.95797535032, 4217.166919261217, 3893.9170772209764, 3398.125059902668, 4050.708026625216]}
