{"engine":"clickhouse","workload":"delete_throughput_100k","n_rows":100000,"samples":32,"median_us":3683.958,"min_us":2786.667086184025,"iterations_us":[3747.2080439329147, 3553.5000497475266, 3635.20800601691, 14431.582996621728, 4406.625055707991, 3788.9170926064253, 4327.832954004407, 4529.749974608421, 3622.1250193193555, 3678.416949696839, 4286.583978682756, 4351.207986474037, 3689.5000375807285, 4398.874938488007, 4220.167058520019, 3666.167031042278, 3311.6660779342055, 2977.2910056635737, 2998.7499583512545, 3952.3340528830886, 3835.7919547706842, 4083.6669504642487, 3705.1249528303742, 2956.4170399680734, 3231.4580166712403, 2956.499927677214, 2786.667086184025, 3449.667012318969, 2880.0000436604023, 3273.1660176068544, 3226.625034585595, 3969.4999577477574]}
