{"engine":"postgres17","workload":"delete_throughput_1m","n_rows":1000000,"samples":16,"median_us":168156.479,"min_us":150681.541,"iterations_us":[170376.91600853577, 174560.00001402572, 177065.24999812245, 163909.91699881852, 162220.25000024587, 169167.49998927116, 170463.54204649106, 157718.54104241356, 163729.9589929171, 167145.45799186453, 179195.74998086318, 162754.91699343547, 161545.4160491936, 173789.3749959767, 174194.08302521333, 150681.54101027176]}
