{"engine":"sqlite3","workload":"delete_throughput_1m","n_rows":1000000,"samples":16,"median_us":59241.563,"min_us":58449.541,"iterations_us":[59234.79201737791, 59239.87505957484, 59243.25005616993, 59894.70798522234, 59162.87505533546, 59559.16701350361, 58449.54098574817, 58457.37503841519, 59361.084015108645, 59300.83408020437, 59304.374968633056, 59208.79193581641, 59213.917003944516, 59107.4168914929, 59315.3330264613, 59253.91591154039]}
