{"engine":"duckdb","workload":"delete_throughput_10k","n_rows":10000,"samples":16,"median_us":2085.605,"min_us":1963.333,"iterations_us":[1983.2919933833182, 2133.6249774321914, 2065.5840053223073, 2067.291992716491, 1963.3329939097166, 2005.290996748954, 2184.125012718141, 2103.917009662837, 2047.1669849939644, 2038.9999845065176, 1998.291991185397, 2122.499980032444, 2179.540984798223, 2156.791975721717, 3876.083006616682, 5631.49998197332]}
