{"engine":"clickhouse","workload":"delete_throughput_100k","n_rows":100000,"samples":16,"median_us":3966.292,"min_us":3329.0829742327332,"iterations_us":[3382.9580061137676, 3329.0829742327332, 3968.0000045336783, 13883.915962651372, 4134.9579696543515, 3819.083038251847, 4146.457999013364, 4013.791971374303, 4016.2919904105365, 3656.0840089805424, 3554.3330013751984, 3965.29195131734, 3967.291966546327, 3709.8750472068787, 3716.2500084377825, 4112.083988729864]}
