{"engine":"sqlite3","workload":"delete_throughput_1m","n_rows":1000000,"samples":16,"median_us":57831.813,"min_us":57248.708,"iterations_us":[58083.749958314, 58296.70903040096, 57660.87502706796, 57787.417026702315, 57823.37498385459, 57923.33302088082, 57248.70797712356, 57472.83302480355, 57784.916018135846, 57646.70803910121, 58071.166975423694, 58940.87499473244, 58925.54100137204, 57544.08304346725, 57840.250025037676, 58216.83397516608]}
