{"engine":"sqlite3","workload":"delete_throughput_10k","n_rows":10000,"samples":32,"median_us":528.854,"min_us":514.834,"iterations_us":[558.1669975072145, 544.24989502877, 540.749984793365, 679.749995470047, 591.6249938309193, 563.0829837173223, 528.1659541651607, 528.6670057103038, 533.9999916031957, 524.7920053079724, 530.70904687047, 521.915964782238, 526.334042660892, 515.5419930815697, 515.4160317033529, 515.9169668331742, 515.041989274323, 514.8340715095401, 524.1669714450836, 515.0421056896448, 514.9579374119639, 612.7089727669954, 530.2079953253269, 550.7499445229769, 529.2920395731926, 525.5410214886069, 529.0419794619083, 518.0420121178031, 530.8339605107903, 535.2090811356902, 532.8329280018806, 528.5420920699835]}
