{"engine":"clickhouse","workload":"delete_throughput_1m","n_rows":1000000,"samples":32,"median_us":3256.542,"min_us":2687.54200078547,"iterations_us":[21267.91700720787, 3264.833940193057, 3554.2079713195562, 81311.458023265, 2754.4160839170218, 3248.7499993294477, 3428.458934649825, 3267.5829716026783, 2804.7499945387244, 3295.250004157424, 3623.333992436528, 4030.9589821845293, 3129.167016595602, 2906.5830167382956, 3282.250021584332, 3257.291973568499, 3124.2920085787773, 2916.458062827587, 3736.124956049025, 3381.7499643191695, 3982.083988375962, 2687.54200078547, 3195.3330617398024, 3227.0000083371997, 3089.957986958325, 3521.6660471633077, 3255.792078562081, 2782.1249095723033, 3374.0829676389694, 2738.5419234633446, 3178.8330525159836, 2904.250053688884]}
