{"engine":"postgres17","workload":"delete_throughput_1m","n_rows":1000000,"samples":32,"median_us":173378.812,"min_us":151642.750,"iterations_us":[163449.9579668045, 170820.58393862098, 178408.3331003785, 177030.3340163082, 172541.2500090897, 176651.6250791028, 151642.75001734495, 169076.45901665092, 168832.33305998147, 180724.95807427913, 178033.7499221787, 184382.33307097107, 183404.58301827312, 173572.91700318456, 171554.4160688296, 174860.70899758488, 170327.66598276794, 170053.08298394084, 195220.2080283314, 171656.54199197888, 164539.37499318272, 172220.58307379484, 175018.70798878372, 175267.20801834017, 152159.62496586144, 170040.83294887096, 184536.33307944983, 183067.45903100818, 174724.4589496404, 179214.16694298387, 173184.7079936415, 167939.6249819547]}
