{"engine":"clickhouse","workload":"delete_throughput_1m","n_rows":1000000,"samples":32,"median_us":3021.104,"min_us":2564.7920556366444,"iterations_us":[16005.457961000502, 3053.9589934051037, 3411.2080466002226, 68890.20802918822, 2863.750094547868, 3309.9999418482184, 3095.9160067141056, 2854.8749396577477, 3610.9170177951455, 2812.5829994678497, 2750.70802308619, 2832.4590530246496, 2675.499999895692, 2718.874951824546, 3176.1249992996454, 3163.041896186769, 2988.249994814396, 2770.4579988494515, 2564.7920556366444, 3404.4160274788737, 3125.3750203177333, 2614.7919707000256, 3060.5419306084514, 3236.041055060923, 2942.332997918129, 2569.7919772937894, 2645.7919739186764, 2687.5409530475736, 2959.8750406876206, 3301.0420156642795, 3384.8750172182918, 3367.2500867396593]}
