{"engine":"postgres17","workload":"delete_throughput_100k","n_rows":100000,"samples":32,"median_us":39432.729,"min_us":33892.583,"iterations_us":[37631.29108119756, 40373.708005063236, 40013.79199326038, 38971.70897107571, 39593.37493870407, 39109.791978262365, 39334.87494941801, 39612.87497077137, 39699.37504734844, 36863.37498947978, 39530.583075247705, 39814.70805592835, 39640.875067561865, 39293.83400827646, 40161.99999023229, 39548.6248889938, 39570.749970152974, 40452.54201628268, 36277.62501128018, 34769.290941767395, 34723.41690212488, 38707.499974407256, 38478.749920614064, 38890.0829711929, 40001.37490220368, 40601.750020869076, 43864.70792815089, 66289.9580784142, 35441.33296236396, 39185.62503531575, 33892.58298557252, 38117.37499199808]}
