{"engine":"postgres17","workload":"delete_throughput_1m","n_rows":1000000,"samples":16,"median_us":182192.500,"min_us":144335.875,"iterations_us":[190832.9589641653, 179597.87498693913, 181233.41700993478, 144335.8749966137, 182118.58300492167, 184625.95902383327, 185661.66597884148, 185336.58294472843, 188738.08399075642, 179553.7910074927, 172056.70796101913, 182266.4170176722, 185908.7499906309, 175250.58303726837, 188293.58305083588, 181086.20902057737]}
