{"engine":"clickhouse","workload":"delete_throughput_10k","n_rows":10000,"samples":16,"median_us":5165.042,"min_us":3367.2500285319984,"iterations_us":[3367.2500285319984, 3530.5829951539636, 4211.749997921288, 16704.584006220102, 4431.4590049907565, 4812.083032447845, 5617.207963950932, 5438.832973595709, 5375.333013944328, 4929.749993607402, 5110.58303527534, 5219.499988015741, 5500.33402396366, 6206.042016856372, 5756.791972089559, 4756.375041324645]}
