{"engine":"postgres17","workload":"delete_throughput_10k","n_rows":10000,"samples":16,"median_us":23966.541,"min_us":22297.916,"iterations_us":[24547.959095798433, 24930.916028097272, 23319.458006881177, 22297.916002571583, 24226.916953921318, 23362.95903660357, 24082.832969725132, 23134.20793507248, 23132.20896758139, 22814.12505544722, 23518.500034697354, 24661.208037286997, 25205.542100593448, 23850.24994146079, 24138.45795672387, 24485.375033691525]}
