{"engine":"postgres17","workload":"delete_throughput_1m","n_rows":1000000,"samples":16,"median_us":180283.084,"min_us":131815.792,"iterations_us":[171380.0000725314, 179411.3750802353, 161803.79199795425, 181974.29203428328, 175362.16601729393, 182974.66705553234, 188911.95801552385, 185381.2080807984, 184746.1659926921, 131815.7920613885, 141709.83398798853, 187314.04200661927, 186062.9579750821, 176612.62501496822, 175726.08299087733, 181154.79196421802]}
