{"engine":"duckdb","workload":"delete_throughput_10k","n_rows":10000,"samples":16,"median_us":2080.979,"min_us":2028.792,"iterations_us":[2096.5830190107226, 2095.7919768989086, 2064.1659502871335, 2095.4160136170685, 2095.333009492606, 2085.625019390136, 2028.791990596801, 2061.749983113259, 2079.9170015379786, 2075.37499954924, 2095.2500053681433, 2053.875010460615, 2082.040999084711, 2133.250003680587, 2059.624996036291, 2053.6669762805104]}
