{"engine":"clickhouse","workload":"delete_throughput_1m","n_rows":1000000,"samples":16,"median_us":3190.104,"min_us":2819.9160005897284,"iterations_us":[3747.957991436124, 3233.5830037482083, 2986.417035572231, 9769.792028237134, 2886.375004891306, 3105.0830148160458, 3045.0000194832683, 3916.791989468038, 3668.125020340085, 3005.2500078454614, 3557.7090457081795, 3588.999970816076, 3146.6250075027347, 2819.9160005897284, 2933.249983470887, 3920.3750202432275]}
