{"engine":"duckdb","workload":"delete_throughput_1m","n_rows":1000000,"samples":32,"median_us":230929.688,"min_us":225936.500,"iterations_us":[232857.457944192, 234868.458006531, 235438.0419710651, 227271.91599551588, 230238.95896039903, 229213.33403792232, 232052.4170063436, 228708.91692582518, 227329.0839511901, 230177.37490590662, 233194.45794913918, 235489.54201396555, 226797.83299099654, 226242.12503433228, 235955.3340356797, 235888.54202535003, 230899.37504846603, 232661.83398663998, 236958.08299817145, 231290.24996887892, 230584.37509462237, 231129.25002351403, 229055.08300755173, 230959.9999571219, 229419.75004505366, 225936.50000635535, 227302.91704647243, 231604.0830919519, 234791.20898991823, 229137.45802361518, 226599.37501884997, 232823.50006047636]}
