{"engine":"postgres17","workload":"delete_throughput_1m","n_rows":1000000,"samples":16,"median_us":186190.313,"min_us":169882.833,"iterations_us":[187338.12496066093, 187519.00002826005, 190630.08402008563, 184716.49999264628, 186319.58303740248, 182125.54196361452, 187242.3749882728, 183388.62498058006, 186205.91703802347, 179147.00001711026, 189524.3750186637, 183764.792047441, 169882.83296814188, 183564.87498385832, 186174.70801109448, 189565.5420375988]}
