{"engine":"clickhouse","workload":"delete_throughput_100k","n_rows":100000,"samples":16,"median_us":3770.355,"min_us":3165.3750920668244,"iterations_us":[3165.3750920668244, 3528.041997924447, 4134.582937695086, 14458.541991189122, 3541.041980497539, 3425.7920924574137, 3680.459107272327, 4010.917036794126, 4485.0410195067525, 3576.416987925768, 3584.332996979356, 3987.833042629063, 4115.334013476968, 3860.2499989792705, 4091.7920414358377, 3637.0420129969716]}
