{"engine":"sqlite3","workload":"delete_throughput_100k","n_rows":100000,"samples":32,"median_us":5903.229,"min_us":5705.583,"iterations_us":[6104.917032644153, 5952.208070084453, 5967.458011582494, 5958.124995231628, 5844.083963893354, 6014.666985720396, 5875.542061403394, 5928.375059738755, 5969.709018245339, 5772.167001850903, 5941.333016380668, 5903.8749895989895, 5862.166988663375, 5933.041917160153, 5716.0420110449195, 5990.750039927661, 5900.041083805263, 5972.374929115176, 5956.124980002642, 5947.5828893482685, 5889.249965548515, 5747.417104430497, 5902.583012357354, 5988.833960145712, 5785.916931927204, 5817.457917146385, 5751.417018473148, 5854.125018231571, 5867.375060915947, 5705.583025701344, 5936.792003922164, 5821.708007715642]}
