{"engine":"sqlite3","workload":"delete_throughput_1m","n_rows":1000000,"samples":16,"median_us":59432.792,"min_us":58171.459,"iterations_us":[59493.916982319206, 58873.49997647107, 59194.708010181785, 58602.12503466755, 58623.37502185255, 58413.99997007102, 58171.45900800824, 58274.29099008441, 59566.62498647347, 59371.66704097763, 60001.624980941415, 59872.3340081051, 60167.16698650271, 59713.87500176206, 59895.75001876801, 59879.915963392705]}
