{"engine":"clickhouse","workload":"delete_throughput_100k","n_rows":100000,"samples":32,"median_us":3756.041,"min_us":3062.7920059487224,"iterations_us":[3548.62492531538, 4249.874968081713, 3678.0419759452343, 13676.207978278399, 3781.3750095665455, 3654.250060208142, 3550.750087015331, 4709.957982413471, 3572.4580520763993, 4497.374990023673, 3960.7499493286014, 4330.291063524783, 4065.4169861227274, 3815.125091932714, 3564.5830212160945, 4266.583011485636, 3476.250101812184, 3648.957936093211, 4184.041055850685, 4255.417035892606, 3685.2500634267926, 3730.707918293774, 3246.3339157402515, 4195.375018753111, 3663.6660806834698, 3586.3330122083426, 4246.541997417808, 4116.249969229102, 3346.5420128777623, 3062.7920059487224, 3643.1250628083944, 4159.624921157956]}
