{"engine":"clickhouse","workload":"delete_throughput_10k","n_rows":10000,"samples":32,"median_us":4594.334,"min_us":3032.1249505504966,"iterations_us":[3615.3339315205812, 4067.957983352244, 3975.3339951857924, 17339.666024781764, 3662.999952211976, 4448.208026587963, 3960.791975259781, 5975.333042442799, 5354.916909709573, 4606.167087331414, 3451.3750579208136, 5038.417060859501, 4868.375021032989, 3398.1669694185257, 4157.082992605865, 5193.79205070436, 5337.0409877970815, 4507.208010181785, 4522.792063653469, 5386.624950915575, 5346.084013581276, 5395.709071308374, 3826.541011221707, 4999.040975235403, 3386.999946087599, 5059.832939878106, 4609.834053553641, 4582.500085234642, 7255.167001858354, 7428.874960169196, 3949.9999256804585, 3032.1249505504966]}
