{"engine":"duckdb","workload":"delete_throughput_100k","n_rows":100000,"samples":16,"median_us":20110.125,"min_us":19958.666,"iterations_us":[20042.499992996454, 20106.624928303063, 20027.332939207554, 20117.333042435348, 20082.541974261403, 20608.83305966854, 19958.666060119867, 20044.45798229426, 20138.832973316312, 20536.33297327906, 20034.832996316254, 20118.124899454415, 20447.041955776513, 20241.082995198667, 20000.08407048881, 20113.624981604517]}
