{"engine":"clickhouse","workload":"delete_throughput_100k","n_rows":100000,"samples":16,"median_us":3511.500,"min_us":2979.3339781463146,"iterations_us":[3409.5830051228404, 3144.834015984088, 3443.8750008121133, 12771.125009749085, 3512.083028908819, 3490.916977170855, 3848.4999677166343, 3663.457988295704, 3802.1670188754797, 3510.9169548377395, 4091.917013283819, 3815.333009697497, 3810.9589950181544, 2979.3339781463146, 3377.959015779197, 3401.666006539017]}
