{"engine":"clickhouse","workload":"delete_throughput_100k","n_rows":100000,"samples":32,"median_us":3744.833,"min_us":2772.91692327708,"iterations_us":[3583.792014978826, 3513.250034302473, 3862.665966153145, 14136.208919808269, 4245.084011927247, 4238.791996613145, 3789.333044551313, 3786.750021390617, 4316.70795660466, 4211.124964058399, 3576.416987925768, 3611.5829134359956, 3622.916992753744, 4391.165915876627, 3951.875027269125, 4017.3750603571534, 3702.91608851403, 3503.6250483244658, 3692.9999478161335, 3845.791914500296, 5726.750008761883, 5627.208040095866, 3138.7500930577517, 3433.709032833576, 2772.91692327708, 2892.4590442329645, 3090.791986323893, 3989.5829977467656, 3057.5840501114726, 3210.8339946717024, 3886.7079420015216, 3561.33293826133]}
