{"engine":"clickhouse","workload":"delete_throughput_10k","n_rows":10000,"samples":16,"median_us":4965.188,"min_us":3058.2090839743614,"iterations_us":[3911.915933713317, 3058.2090839743614, 3502.9170103371143, 15796.832973137498, 4753.2920725643635, 4600.874963216484, 5268.541048280895, 5870.834109373391, 5160.250002518296, 5906.542064622045, 5960.625014267862, 5468.37504953146, 4770.125029608607, 3695.0840149074793, 4003.666923381388, 5204.541957937181]}
