{"engine":"duckdb","workload":"delete_throughput_100k","n_rows":100000,"samples":16,"median_us":19898.833,"min_us":19745.208,"iterations_us":[19936.750002671033, 19753.99994989857, 19745.207973755896, 19747.790996916592, 19887.415983248502, 19910.24997550994, 19772.999978158623, 19871.50002969429, 19765.499979257584, 19776.207976974547, 20206.833025440574, 20287.833001930267, 20057.707966770977, 20177.166967187077, 20198.000012896955, 20055.33396732062]}
