{"engine":"sqlite3","workload":"delete_throughput_100k","n_rows":100000,"samples":32,"median_us":5866.522,"min_us":5634.708,"iterations_us":[5912.87505812943, 5740.458960644901, 5982.20806568861, 5920.458002947271, 5848.915898241103, 5816.91600382328, 6058.707949705422, 6184.333935379982, 5959.082976914942, 5874.084075912833, 5967.958946712315, 5821.666098199785, 5837.833043187857, 5858.9589316397905, 5772.875039838254, 5843.042046763003, 5649.166996590793, 5747.0418978482485, 5662.042065523565, 5829.500034451485, 6020.333035849035, 5877.624964341521, 5904.457997530699, 5710.833007469773, 5739.500047639012, 5856.625037267804, 5634.707980789244, 6036.833045072854, 5909.667001105845, 6064.250017516315, 6703.0839854851365, 6436.791969463229]}
