{"engine":"duckdb","workload":"delete_throughput_1m","n_rows":1000000,"samples":16,"median_us":213661.583,"min_us":212119.458,"iterations_us":[234537.2919808142, 219081.75002317876, 214062.541956082, 213051.5419994481, 212770.25004383177, 212743.08301508427, 212308.45799436793, 218968.37500389665, 212119.45795221254, 212268.50000675768, 213260.62502339482, 213209.7919820808, 219296.75003048033, 215495.66701287404, 218377.0839474164, 235588.08298548684]}
