{"engine":"duckdb","workload":"delete_throughput_100k","n_rows":100000,"samples":32,"median_us":20244.458,"min_us":20102.958,"iterations_us":[20447.45907187462, 20241.582999005914, 20254.25003375858, 20207.665977068245, 20301.999989897013, 20121.50001246482, 20346.99998330325, 20231.332979165018, 20163.250039331615, 20250.999950803816, 20320.58290205896, 20128.542091697454, 20165.792084299028, 20264.499937184155, 20181.79092556238, 20247.33310099691, 20218.958030454814, 20335.041917860508, 20209.374953992665, 20199.24996420741, 20170.50003632903, 20233.834045939147, 20264.083985239267, 20238.082972355187, 20102.957962080836, 20287.249935790896, 20431.915996596217, 20185.208064503968, 20560.62500923872, 20616.957917809486, 20270.16703505069, 20311.083062551916]}
