{"engine":"postgres17","workload":"delete_throughput_10k","n_rows":10000,"samples":16,"median_us":21648.770,"min_us":20710.750,"iterations_us":[23535.79201735556, 23264.54099966213, 23304.250033106655, 23023.91699049622, 22503.707965370268, 21270.00002656132, 21145.45798394829, 21766.874997410923, 22036.332986317575, 21167.333994526416, 20710.75001731515, 25456.29203086719, 21280.79195972532, 21463.833982124925, 21530.665981117636, 21044.49999751523]}
