{"engine":"duckdb","workload":"delete_throughput_1m","n_rows":1000000,"samples":16,"median_us":220817.000,"min_us":210008.542,"iterations_us":[231429.08298177645, 223509.9999816157, 211177.58302716538, 213724.0410083905, 218398.66699883714, 216379.83398977667, 216491.29199795425, 223235.3329891339, 234871.54202302918, 233936.8750108406, 230099.74998421967, 235506.66600931436, 210507.5410217978, 217725.16699275002, 210008.5419951938, 236191.0410108976]}
