{"engine":"duckdb","workload":"delete_throughput_10k","n_rows":10000,"samples":32,"median_us":2189.708,"min_us":2112.500,"iterations_us":[2511.9580095633864, 2164.5830711349845, 2200.4999918863177, 2162.2079657390714, 2407.4589600786567, 2220.458001829684, 2240.624977275729, 2167.3329174518585, 2366.04199744761, 2284.6669889986515, 2152.4999756366014, 2138.4579595178366, 2124.625025317073, 2307.3749616742134, 2221.084083430469, 2174.20794069767, 2112.500020302832, 2322.791959159076, 2178.916009142995, 2154.832938686013, 2662.291983142495, 3297.916962765157, 2555.4579915478826, 2168.4999810531735, 2155.0420206040144, 2262.4169941991568, 2228.2080026343465, 2140.0839323177934, 2135.1249888539314, 2227.4169605225325, 2147.7079717442393, 2167.8749471902847]}
