{"engine":"duckdb","workload":"delete_throughput_10k","n_rows":10000,"samples":16,"median_us":2141.479,"min_us":2054.292,"iterations_us":[2054.2920101433992, 2154.7499345615506, 2080.750069580972, 2066.7079370468855, 2118.124975822866, 2686.999971047044, 9083.000011742115, 2162.6659436151385, 2176.83392111212, 2128.2080560922623, 2200.2910263836384, 2320.8329221233726, 2093.7089575454593, 2062.832936644554, 2092.750044539571, 2173.0419248342514]}
