{"engine":"clickhouse","workload":"delete_throughput_1m","n_rows":1000000,"samples":16,"median_us":2652.959,"min_us":2400.374971330166,"iterations_us":[18673.37489966303, 2761.4160208031535, 2682.000049389899, 73298.58397133648, 2552.666002884507, 2595.416037365794, 3104.583011008799, 8117.125020362437, 2751.4169923961163, 2599.3749732151628, 2623.916952870786, 2577.209030278027, 2929.5000713318586, 2400.374971330166, 2447.7499537169933, 2486.082958057523]}
