{"engine":"sqlite3","workload":"delete_throughput_100k","n_rows":100000,"samples":32,"median_us":5847.313,"min_us":5631.916,"iterations_us":[5977.499997243285, 5899.499985389411, 5837.459000758827, 5880.084005184472, 5754.832993261516, 5989.208002574742, 5993.708036839962, 5751.208984293044, 5867.625004611909, 5742.709035985172, 5836.541997268796, 5770.95802873373, 5922.041949816048, 5859.749973751605, 5631.915992125869, 5963.374977000058, 5732.124904170632, 5857.1669505909085, 5893.917055800557, 5788.291920907795, 5934.083950705826, 5750.874988734722, 5953.79201695323, 5872.499896213412, 5769.5419527590275, 5802.70797945559, 5708.958022296429, 5862.374906428158, 5899.791023693979, 5828.042048960924, 5796.125042252243, 5649.83393996954]}
