{"engine":"duckdb","workload":"delete_throughput_10k","n_rows":10000,"samples":32,"median_us":2099.396,"min_us":2041.416,"iterations_us":[2198.7500367686152, 2153.416979126632, 2140.917000360787, 2105.124993249774, 2089.583082124591, 2243.2920522987843, 2139.6250231191516, 2095.625037327409, 2086.459076963365, 2220.4170236364007, 2228.7500323727727, 2103.750011883676, 2061.749924905598, 2092.874958179891, 2265.708055347204, 2145.3750086948276, 2099.6249513700604, 2056.8749168887734, 2097.541932016611, 2142.9589251056314, 2071.0830576717854, 2041.416009888053, 2050.8330781012774, 2203.8749884814024, 2099.167089909315, 2056.7080937325954, 2069.4578997790813, 2091.291011311114, 2260.875073261559, 2133.416011929512, 2056.3749130815268, 2048.625028692186]}
