{"engine":"duckdb","workload":"delete_throughput_100k","n_rows":100000,"samples":16,"median_us":20191.730,"min_us":20004.292,"iterations_us":[20115.49996677786, 20065.207965672016, 20004.291960503906, 20504.9590440467, 20641.291979700327, 20405.95799917355, 20159.333012998104, 20538.79201412201, 20172.08398319781, 20222.249964717776, 20211.375027429312, 20085.332973394543, 20220.79098969698, 20089.249999728054, 20103.20802219212, 20313.08301957324]}
