{"engine":"duckdb","workload":"delete_throughput_10k","n_rows":10000,"samples":32,"median_us":2092.458,"min_us":2031.625,"iterations_us":[2192.6671033725142, 2107.3330426588655, 2083.79200194031, 2051.750081591308, 2105.124993249774, 2207.0410195738077, 2122.8750701993704, 2104.70799356699, 2034.4590302556753, 2255.3339367732406, 2066.624932922423, 2095.4590290784836, 2095.708972774446, 2031.6250156611204, 2184.0420085936785, 2123.7500477582216, 2093.7089575454593, 2061.5420071408153, 2063.0829967558384, 2172.791981138289, 2091.2080071866512, 2089.2079919576645, 2048.8749723881483, 2159.9169122055173, 2102.4999441578984, 2059.207996353507, 2047.0829913392663, 2051.500021480024, 2189.5410027354956, 2069.79108043015, 2050.4590356722474, 2047.2080213949084]}
