{"engine":"duckdb","workload":"delete_throughput_1m","n_rows":1000000,"samples":32,"median_us":231056.708,"min_us":226039.375,"iterations_us":[231820.62502019107, 293684.91703644395, 322548.2499692589, 267347.4579351023, 228456.12501259893, 231015.12505672872, 238125.75009651482, 228520.83400357515, 227133.45801457763, 237203.95797863603, 234287.4170280993, 229094.41695082933, 230287.58296277374, 230078.291031532, 237361.16697546095, 232209.24998167902, 231119.04202960432, 228346.08308039606, 229893.16598977894, 233630.83403091878, 226528.75003404915, 226039.37494568527, 230119.4170722738, 236481.8339701742, 229270.54204046726, 227887.62499112636, 231958.08299351484, 237437.37500626594, 232162.37500309944, 230165.2500173077, 229698.000010103, 231098.29099848866]}
