{"engine":"clickhouse","workload":"delete_throughput_10k","n_rows":10000,"samples":32,"median_us":4935.979,"min_us":3405.2080009132624,"iterations_us":[4342.0420261099935, 3405.2080009132624, 4765.416961163282, 20198.83308093995, 4816.792090423405, 5329.250008799136, 5493.625067174435, 5964.04098905623, 5706.458003260195, 5145.584000274539, 5203.332984820008, 5057.791015133262, 4935.833974741399, 4746.875027194619, 4877.125029452145, 4936.125013045967, 5194.999976083636, 5053.083063103259, 3781.2499795109034, 4808.666999451816, 4431.0829835012555, 4581.41602575779, 3630.375023931265, 4216.416971758008, 4609.45803206414, 5222.332896664739, 5640.708026476204, 6052.333046682179, 5023.082951083779, 5196.374957449734, 4214.91707675159, 4902.790999040008]}
