{"engine":"sqlite3","workload":"delete_throughput_100k","n_rows":100000,"samples":16,"median_us":5883.187,"min_us":5663.375,"iterations_us":[5874.916038010269, 6007.833988405764, 5834.334006067365, 5859.499971847981, 5994.666018523276, 5903.5419835709035, 5844.25003034994, 5663.375020958483, 5892.082990612835, 5721.750028897077, 5954.5409749262035, 5963.040981441736, 5773.874989245087, 5944.83403256163, 5772.333999630064, 5891.458014957607]}
