{"engine":"duckdb","workload":"delete_throughput_1m","n_rows":1000000,"samples":16,"median_us":210437.645,"min_us":207387.375,"iterations_us":[208006.00002985448, 215605.62500962988, 208350.5829796195, 208118.7919829972, 207387.37494684756, 213346.16595413536, 207626.70796830207, 210768.74999562278, 211175.75000971556, 210381.24995538965, 210494.0409772098, 208090.54095298052, 208275.25004278868, 218106.5000477247, 219027.16701151803, 216389.08301247284]}
