{"engine":"duckdb","workload":"delete_throughput_100k","n_rows":100000,"samples":32,"median_us":20363.667,"min_us":20194.584,"iterations_us":[20298.95898886025, 20283.916033804417, 20346.91593144089, 20577.791961841285, 20795.291988179088, 20488.0409874022, 20350.041100755334, 20565.417013131082, 20422.040950506926, 20415.208069607615, 20313.87505121529, 20344.165968708694, 20337.625057436526, 20435.37504505366, 20414.500031620264, 20681.58402107656, 20517.70908292383, 20392.167032696307, 20260.750083252788, 20218.875026330352, 20264.290971681476, 20377.29206494987, 20194.584038108587, 20473.625045269728, 20444.37499716878, 20248.20796214044, 20322.791999205947, 20457.24994968623, 20281.791919842362, 20420.41695676744, 20245.749969035387, 20331.08309842646]}
