{"engine":"postgres17","workload":"delete_throughput_10k","n_rows":10000,"samples":16,"median_us":21566.104,"min_us":20734.750,"iterations_us":[21701.87496813014, 22002.500016242266, 20865.41597964242, 21408.29199925065, 21260.457986500114, 21924.166998360306, 21081.249986309558, 21403.208025731146, 20734.750025440007, 22006.332990713418, 21897.583967074752, 21430.33395987004, 22122.457972727716, 21845.625014975667, 21319.625026080757, 23535.292013548315]}
