{"engine":"duckdb","workload":"delete_throughput_100k","n_rows":100000,"samples":32,"median_us":20389.104,"min_us":20041.166,"iterations_us":[20776.292076334357, 20840.750075876713, 21008.416078984737, 20743.20800602436, 20409.291959367692, 20491.87500961125, 20658.708992414176, 20360.167021863163, 20489.12493046373, 20584.8750192672, 20717.58301462978, 20682.416041381657, 20690.875011496246, 20667.749922722578, 20395.125029608607, 20222.999970428646, 20239.165984094143, 20333.49999692291, 20383.08302871883, 20132.124889642, 20195.291028358042, 20288.91595546156, 20500.87507814169, 20191.166899167, 20041.16598982364, 20493.209012784064, 20330.833038315177, 20347.459008917212, 20281.04104101658, 20200.332975946367, 20203.542080707848, 20145.834074355662]}
