{"engine":"duckdb","workload":"delete_throughput_10k","n_rows":10000,"samples":16,"median_us":2031.063,"min_us":1988.541,"iterations_us":[2065.7909917645156, 2069.332986138761, 2037.5839667394757, 1988.540985621512, 2022.291999310255, 1991.3329742848873, 2023.8329889252782, 2059.5829701051116, 2039.249986410141, 2038.2920047268271, 2018.4169989079237, 2007.3330379091203, 2027.9170130379498, 2037.7500331960618, 2034.208970144391, 2026.4170016162097]}
