{"engine":"postgres17","workload":"delete_throughput_100k","n_rows":100000,"samples":16,"median_us":37017.583,"min_us":32382.083,"iterations_us":[39775.54105222225, 36789.49997993186, 37205.04097873345, 36830.12502733618, 35985.29100418091, 36370.292014908046, 39377.70798802376, 38231.87499074265, 38755.625020712614, 32382.083008997142, 35912.33299812302, 36666.834028437734, 36685.458035208285, 39341.374998912215, 38501.87500938773, 39067.58298398927]}
