{"engine":"duckdb","workload":"delete_throughput_1m","n_rows":1000000,"samples":16,"median_us":208484.208,"min_us":206254.750,"iterations_us":[212481.2500551343, 206713.3749369532, 208788.3329950273, 207158.08297973126, 207001.5410427004, 207379.0410067886, 208488.49997855723, 213587.4170344323, 208628.62502690405, 210500.5419580266, 208667.41705685854, 207363.04204910994, 209490.0420634076, 208479.915978387, 206254.7500245273, 206528.3750416711]}
