{"engine":"duckdb","workload":"delete_throughput_10k","n_rows":10000,"samples":32,"median_us":2059.646,"min_us":1990.458,"iterations_us":[2081.334008835256, 2088.0410447716713, 2030.7500381022692, 2093.5420179739594, 2194.875036366284, 2069.749985821545, 2018.4169989079237, 2041.041967459023, 2185.416058637202, 2106.9160429760814, 2032.624906860292, 2040.5419636517763, 2060.667029581964, 2224.916941486299, 2072.499948553741, 1990.457996726036, 2033.8749745860696, 2065.2919774875045, 2104.2090374976397, 2036.2089853733778, 2037.9580091685057, 2041.5830658748746, 2099.917037412524, 2058.6249884217978, 2066.4589246734977, 2025.4579139873385, 2007.1250619366765, 2165.6249882653356, 2047.7500511333346, 2054.0000405162573, 2093.000104650855, 2030.1250042393804]}
