{"engine":"clickhouse","workload":"delete_throughput_100k","n_rows":100000,"samples":32,"median_us":3599.167,"min_us":2605.541027151048,"iterations_us":[3686.0830150544643, 3507.1250749751925, 3932.874999009073, 14041.375019587576, 3535.500029101968, 3560.6659948825836, 4028.2499976456165, 3650.1670256257057, 3516.0830011591315, 3429.3750068172812, 4277.374944649637, 4278.542008250952, 3087.3329378664494, 3068.958059884608, 4050.7910307496786, 4195.749992504716, 3654.4579779729247, 3538.4170478209853, 4238.83309122175, 4353.584023192525, 4251.792095601559, 3144.333022646606, 3540.333011187613, 3637.6670468598604, 4078.082973137498, 3458.542050793767, 2946.5840198099613, 2605.541027151048, 3083.999967202544, 4098.874982446432, 2833.458944223821, 3126.3750279322267]}
