{"engine":"sqlite3","workload":"delete_throughput_1m","n_rows":1000000,"samples":16,"median_us":58851.291,"min_us":57493.708,"iterations_us":[58861.91601166502, 57928.04196244106, 58846.54104011133, 58691.542013548315, 60209.999966900796, 58897.66599284485, 59089.79201922193, 58856.0409960337, 59774.45800090209, 59709.74999945611, 58860.04201602191, 58742.33302893117, 58177.20800405368, 58832.207985688, 58681.91702757031, 57493.708038236946]}
