{"engine":"duckdb","workload":"delete_throughput_1m","n_rows":1000000,"samples":32,"median_us":229939.062,"min_us":225255.709,"iterations_us":[229184.87491551787, 226488.58395405114, 227114.50001224875, 231678.16700879484, 227171.5410752222, 230066.75008218735, 226789.8339778185, 233339.1250576824, 225765.83304908127, 229153.5419644788, 234201.66701544076, 230135.99996920675, 230759.20797418803, 231857.66697861254, 229924.29102305323, 227231.79194144905, 233229.91596069187, 227596.95793502033, 230238.6249648407, 226365.95799122006, 230859.33295078576, 225255.70902507752, 228766.70910045505, 230847.16696757823, 228695.45803405344, 232174.54191762954, 227440.99993724376, 229953.8339721039, 231529.66692578048, 233572.54196889699, 229542.25004650652, 231772.7078916505]}
