{"engine":"clickhouse","workload":"delete_throughput_1m","n_rows":1000000,"samples":32,"median_us":3138.541,"min_us":2505.1250122487545,"iterations_us":[24308.20802692324, 3128.3750431612134, 3292.7090069279075, 81295.5410219729, 3202.9589638113976, 3267.7500275895, 2810.3330405429006, 2727.49993018806, 2807.707991451025, 3344.3340798839927, 3286.499995738268, 2741.7080709710717, 3149.0830006077886, 2891.2079287692904, 3270.75005043298, 2594.957943074405, 3115.9580685198307, 2505.1250122487545, 3222.291939891875, 2732.2920504957438, 3268.7499187886715, 2919.625025242567, 3163.5418999940157, 3095.3329987823963, 2715.2079856023192, 3231.541020795703, 2738.54099214077, 3237.9160402342677, 2714.7498913109303, 3148.707910440862, 3197.832964360714, 2682.4160013347864]}
