{"engine":"duckdb","workload":"delete_throughput_100k","n_rows":100000,"samples":32,"median_us":20157.229,"min_us":19932.250,"iterations_us":[20211.08299959451, 19932.250026613474, 20244.749961420894, 20157.375023700297, 20260.333083570004, 20378.75005044043, 20362.499984912574, 20209.50010046363, 20398.167078383267, 20079.16697766632, 20260.000019334257, 20287.49999590218, 20232.500042766333, 20392.08309724927, 20092.75008458644, 20184.16696228087, 20099.958055652678, 20088.95797189325, 19949.416047893465, 20035.20797006786, 20121.95799034089, 20271.416986361146, 20157.082937657833, 20154.124940745533, 20114.58296328783, 20085.916970856488, 20050.2909719944, 20110.958022996783, 20209.16691981256, 20272.25005440414, 20041.33304581046, 19981.79208021611]}
