{"engine":"sqlite3","workload":"delete_throughput_100k","n_rows":100000,"samples":32,"median_us":5913.000,"min_us":5717.584,"iterations_us":[5999.082932248712, 6088.290945626795, 5934.040993452072, 5796.74995969981, 5821.209051646292, 5732.874968089163, 5943.7500312924385, 5869.541899301112, 6055.625039152801, 5942.875053733587, 5847.040913067758, 5927.416030317545, 5839.833989739418, 6155.582959763706, 6034.416030161083, 5721.541005186737, 6025.708978995681, 5891.583045013249, 6114.250048995018, 6006.875075399876, 5819.58401016891, 5805.082968436182, 5898.1250040233135, 5950.167076662183, 5973.167018964887, 5764.291039668024, 5938.957910984755, 5768.2080660015345, 5991.209065541625, 5898.5830983147025, 5717.584048397839, 5836.165975779295]}
