{"engine":"sqlite3","workload":"delete_throughput_10k","n_rows":10000,"samples":32,"median_us":539.104,"min_us":518.625,"iterations_us":[558.3750316873193, 552.0000122487545, 561.1249944195151, 548.7079033628106, 546.3749403133988, 539.7089989855886, 543.6250939965248, 539.0410078689456, 539.1669692471623, 539.4580075517297, 538.5830299928784, 629.0419260039926, 593.9170951023698, 572.7920215576887, 556.0839781537652, 549.6250232681632, 524.2499755695462, 522.8749942034483, 519.6250276640058, 525.5830474197865, 521.6250428929925, 526.1660553514957, 518.6250200495124, 520.6660134717822, 519.0829979255795, 525.9159952402115, 526.7910892143846, 526.0839825496078, 526.3750208541751, 528.9589753374457, 771.332997828722, 557.083054445684]}
