{"engine":"sqlite3","workload":"delete_throughput_10k","n_rows":10000,"samples":16,"median_us":508.875,"min_us":490.166,"iterations_us":[545.0000171549618, 552.0830163732171, 544.416019693017, 563.3750115521252, 694.7499932721257, 549.8339887708426, 513.3749800734222, 503.2499902881682, 492.1660292893648, 490.1660140603781, 492.8329726681113, 513.0000063218176, 503.9579700678587, 504.6249716542661, 504.04202193021774, 504.75000170990825]}
