{"engine":"sqlite3","workload":"filter_sum_10k_i64","n_rows":10000,"samples":16,"median_us":161.521,"min_us":160.000,"iterations_us":[164.5830343477428, 163.66702038794756, 164.4170260988176, 163.95800048485398, 159.99999595806003, 161.16700135171413, 161.50000737980008, 161.5419751033187, 161.37497732415795, 161.50000737980008, 161.29203140735626, 161.25000547617674, 161.50000737980008, 166.12501349300146, 172.9580108076334, 181.20900494977832]}
