{"engine":"duckdb","workload":"filter_sum_1m_i64","n_rows":1000000,"samples":16,"median_us":204.979,"min_us":185.750,"iterations_us":[224.79204926639795, 194.54199355095625, 211.20801102370024, 206.12496882677078, 216.91701840609312, 202.95800641179085, 192.83301662653685, 186.83396046981215, 208.12498405575752, 205.04096755757928, 197.74999236688018, 191.70896848663688, 212.45796233415604, 205.9590187855065, 204.9169852398336, 185.75001740828156]}
