{"engine":"sqlite3","workload":"filter_sum_10k_i64","n_rows":10000,"samples":16,"median_us":155.542,"min_us":152.750,"iterations_us":[154.25006859004498, 156.2080578878522, 153.33399642258883, 158.29200856387615, 164.4589938223362, 153.58300879597664, 153.29092275351286, 159.54102855175734, 155.8329677209258, 160.91694124042988, 158.37501268833876, 155.25007620453835, 152.95902267098427, 163.08296471834183, 153.3749746158719, 152.75005716830492]}
