{"engine":"clickhouse","workload":"filter_sum_100k_i64","n_rows":100000,"samples":32,"median_us":805.375,"min_us":681.4170628786087,"iterations_us":[1136.0000353306532, 13208.332937210798, 1255.0840619951487, 906.1249438673258, 1072.5840693339705, 1437.4159509316087, 979.6670638024807, 855.8749686926603, 865.5830752104521, 805.8749372139573, 816.0830475389957, 768.0000271648169, 759.4589842483401, 804.8750460147858, 778.0829910188913, 706.7919941619039, 1100.9160662069917, 899.6670367196202, 740.8749079331756, 729.1249930858612, 682.3750445619226, 752.5839610025287, 714.6670250222087, 692.6659261807799, 681.4170628786087, 683.4999658167362, 714.6249990910292, 733.1250235438347, 728.7079934030771, 1045.375014655292, 1168.333925306797, 812.7079345285892]}
