{"engine":"clickhouse","workload":"filter_sum_100k_i64","n_rows":100000,"samples":16,"median_us":979.000,"min_us":820.9999650716782,"iterations_us":[1134.0000201016665, 14081.500004976988, 1440.917025320232, 1300.5000073462725, 1023.9169932901859, 841.0420268774033, 844.0410019829869, 872.1249760128558, 914.0829788520932, 930.8750159107149, 1015.9169905818999, 1239.5000085234642, 1039.4160053692758, 942.0829592272639, 820.9999650716782, 853.167031891644]}
