{"engine":"sqlite3","workload":"filter_sum_1m_i64","n_rows":1000000,"samples":32,"median_us":16284.771,"min_us":15897.625,"iterations_us":[16215.292038396, 16085.874987766147, 16636.95799652487, 15897.625009529293, 16279.291943646967, 16414.4579321146, 16388.91699258238, 16273.917048238218, 16529.00001499802, 16120.625077746809, 16290.250001475215, 16226.792009547353, 16199.457924813032, 16482.5419196859, 16210.458939895034, 16239.415970630944, 16449.1250179708, 16193.750081583858, 16514.125047251582, 16160.9590286389, 16303.958022035658, 16435.416997410357, 16076.750005595386, 16504.916013218462, 16475.083073601127, 16424.208995886147, 16350.666992366314, 16190.082998946309, 16258.000046946108, 16622.83402401954, 16499.708057381213, 16193.541930988431]}
