{"engine":"duckdb","workload":"filter_sum_10k_i64","n_rows":10000,"samples":16,"median_us":104.021,"min_us":72.041,"iterations_us":[125.58407615870237, 128.2920129597187, 125.24996418505907, 108.08301158249378, 99.50005915015936, 108.20792522281408, 106.62490967661142, 105.87496217340231, 81.20795246213675, 104.66703679412603, 102.20799595117569, 90.12490045279264, 99.99994654208422, 72.04094436019659, 103.37494313716888, 91.95890743285418]}
