{"engine":"duckdb","workload":"filter_sum_10k_i64","n_rows":10000,"samples":16,"median_us":103.021,"min_us":92.042,"iterations_us":[141.20800187811255, 124.79198630899191, 132.4999611824751, 96.12500434741378, 108.04098565131426, 101.66695574298501, 153.33294868469238, 93.70798943564296, 96.0840261541307, 104.37495075166225, 97.79201354831457, 111.2080062739551, 92.50000584870577, 105.41599476709962, 94.50002107769251, 92.0420279726386]}
