{"engine":"clickhouse","workload":"filter_sum_1m_i64","n_rows":1000000,"samples":32,"median_us":1590.645,"min_us":1264.1249923035502,"iterations_us":[1709.8330426961184, 13729.917001910508, 2368.0829908698797, 1912.832958623767, 1695.8341002464294, 1455.8749971911311, 1567.250001244247, 1649.7500473633409, 1915.1249434798956, 1601.0829713195562, 1539.8330288007855, 1362.7080479636788, 1436.0829954966903, 1374.4579628109932, 2062.2910233214498, 2074.000076390803, 1711.9580879807472, 1468.0000022053719, 1455.749967135489, 1346.1250346153975, 2088.3330143988132, 1825.2909649163485, 1638.959045521915, 1340.0829629972577, 1339.1249813139439, 1410.6669696047902, 1837.0830221101642, 1810.333109460771, 1580.2079578861594, 1413.166057318449, 1312.0830990374088, 1264.1249923035502]}
