{"engine":"duckdb","workload":"filter_sum_100k_i64","n_rows":100000,"samples":16,"median_us":141.125,"min_us":130.708,"iterations_us":[164.0829723328352, 153.04103726521134, 137.83399481326342, 143.7499886378646, 140.37499204277992, 134.83298243954778, 138.58301099389791, 138.33300909027457, 185.70799147710204, 165.95801571384072, 130.70798013359308, 141.87500346451998, 131.3749817200005, 135.83299005404115, 145.75000386685133, 146.95798745378852]}
