{"engine":"postgres17","workload":"filter_sum_1m_i64","n_rows":1000000,"samples":16,"median_us":40149.813,"min_us":35042.333,"iterations_us":[47238.6660403572, 35750.04200683907, 35042.33300918713, 39752.667013090104, 38576.167018618435, 39131.83300755918, 39324.45903774351, 38996.75002321601, 41841.582977212965, 40546.95897502825, 39450.91605419293, 41401.49999875575, 41661.83399502188, 43070.41602442041, 45549.29200094193, 40790.79203074798]}
