{"engine":"postgres17","workload":"filter_sum_100k_i64","n_rows":100000,"samples":16,"median_us":37061.729,"min_us":24044.875,"iterations_us":[25888.500036671758, 24044.874997343868, 27353.541983757168, 32655.415998306125, 36105.79203814268, 37956.95799635723, 37709.04097473249, 37754.70895925537, 37501.62495998666, 36935.08298601955, 36970.08400922641, 37093.54199236259, 38962.12496329099, 39375.916006974876, 37029.91601312533, 39563.00002755597]}
