{"engine":"sqlite3","workload":"filter_sum_10k_i64","n_rows":10000,"samples":16,"median_us":161.312,"min_us":160.917,"iterations_us":[161.50000737980008, 164.79101032018661, 161.083007697016, 161.20803775265813, 161.33300960063934, 163.7920504435897, 160.9169994480908, 161.29197319969535, 161.1249754205346, 161.1249754205346, 161.04098176583648, 161.0000035725534, 170.54099589586258, 164.95899762958288, 162.41701086983085, 162.87504695355892]}
