{"engine":"sqlite3","workload":"filter_sum_1m_i64","n_rows":1000000,"samples":16,"median_us":15793.042,"min_us":15483.708,"iterations_us":[15725.083008874208, 15872.166957706213, 15920.332982204854, 15483.70800446719, 15608.084038831294, 15883.541957009584, 15661.958022974432, 15670.166991185397, 16269.165964331478, 15809.625037945807, 15766.541997436434, 16038.417001254857, 15892.416005954146, 16181.499988306314, 15590.000024531037, 15776.458021719009]}
