{"engine":"postgres17","workload":"filter_sum_100k_i64","n_rows":100000,"samples":32,"median_us":40016.000,"min_us":26957.917,"iterations_us":[29822.084004990757, 26957.917027175426, 33961.292007006705, 39794.54201180488, 39870.83304673433, 41609.33301318437, 39192.29190796614, 36508.374963887036, 41702.58296653628, 40834.875078871846, 40919.417049735785, 40111.04197707027, 40892.62499473989, 36242.87503771484, 40891.499957069755, 41560.000041499734, 41690.1670396328, 39868.4999672696, 40194.750064983964, 38179.62505854666, 40660.333004780114, 34993.91593504697, 39982.917020097375, 39994.95902098715, 41378.58399190009, 38997.04199284315, 40037.0410643518, 39875.50002057105, 40567.83299893141, 39956.58294297755, 41031.66703134775, 40566.62495713681]}
