{"engine":"clickhouse","workload":"filter_sum_1m_i64","n_rows":1000000,"samples":16,"median_us":1516.833,"min_us":1409.374992363155,"iterations_us":[1633.6669796146452, 13044.708000961691, 1780.874968972057, 1533.999980892986, 1631.9170244969428, 1493.0000179447234, 1459.5839893445373, 1673.4160017222166, 1651.5000024810433, 1443.499990273267, 1499.6660174801946, 1409.374992363155, 1425.374997779727, 1422.7079809643328, 1552.6660135947168, 1490.2499970048666]}
