{"engine":"postgres17","workload":"filter_sum_100k_i64","n_rows":100000,"samples":16,"median_us":36039.563,"min_us":22606.000,"iterations_us":[24892.207991797477, 23056.16601370275, 22605.99995497614, 33818.75000195578, 35509.042034391314, 36773.54200044647, 35417.37498017028, 35769.79204080999, 36821.79196039215, 38145.874976180494, 37039.834016468376, 38951.79199753329, 37280.79202119261, 35354.04201829806, 36612.04199306667, 36309.33305248618]}
