{"engine":"sqlite3","workload":"filter_sum_1m_i64","n_rows":1000000,"samples":32,"median_us":16107.854,"min_us":15811.458,"iterations_us":[16249.625012278557, 15935.24997588247, 16054.707928560674, 16063.49996291101, 16263.37505877018, 16114.166006445885, 16220.58404609561, 15980.917029082775, 16118.750092573464, 16118.541941978037, 16231.790999881923, 16309.500089846551, 15995.374997146428, 16438.084072433412, 15946.791041642427, 15846.707974560559, 16286.417027004063, 15811.457997187972, 16336.209024302661, 16286.666970700026, 15961.374971084297, 16194.834024645388, 15840.000007301569, 16169.083071872592, 16083.625028841197, 15967.500046826899, 16393.5839664191, 16665.12491647154, 16018.29205173999, 16080.416971817613, 15819.54094581306, 16101.540997624397]}
