{"engine":"duckdb","workload":"filter_sum_100k_i64","n_rows":100000,"samples":32,"median_us":133.917,"min_us":122.000,"iterations_us":[164.95794989168644, 165.87506979703903, 155.1669556647539, 155.50001990050077, 141.58303383737803, 140.54100029170513, 141.41702558845282, 143.00004113465548, 137.9579771310091, 132.4170734733343, 135.5829881504178, 134.7920624539256, 133.7910071015358, 133.66690836846828, 128.9580250158906, 132.66701716929674, 134.7500365227461, 133.7080029770732, 134.62500646710396, 129.54208068549633, 132.62499123811722, 133.08296911418438, 132.29099567979574, 132.5419871136546, 130.1660668104887, 134.04199853539467, 134.99998021870852, 129.6249683946371, 127.49992311000824, 136.24993152916431, 129.08305507153273, 121.99999764561653]}
