{"engine":"duckdb","workload":"filter_sum_10k_i64","n_rows":10000,"samples":32,"median_us":93.979,"min_us":80.500,"iterations_us":[123.95798694342375, 117.41602793335915, 94.08302139490843, 105.54096661508083, 113.41599747538567, 91.4999982342124, 85.70798672735691, 84.83394049108028, 94.58290878683329, 86.1660810187459, 89.99998681247234, 130.70902787148952, 269.9579345062375, 143.95802281796932, 116.58400762826204, 109.16602332144976, 105.08403647691011, 90.79196024686098, 88.95795326679945, 119.37494855374098, 94.62493471801281, 81.9170381873846, 97.20900561660528, 93.2919792830944, 86.16701234132051, 88.87494914233685, 93.00000965595245, 108.66601951420307, 93.8749872148037, 88.37494533509016, 80.50003089010715, 82.62507617473602]}
