{"engine":"postgres17","workload":"filter_sum_100k_i64","n_rows":100000,"samples":16,"median_us":36443.063,"min_us":22387.500,"iterations_us":[24960.541049949825, 22387.499979231507, 23142.040998209268, 29760.000004898757, 34538.87498471886, 36565.083952154964, 36111.667053774, 36321.04198914021, 38532.958016730845, 36813.62501811236, 37138.91701772809, 38313.20803146809, 37024.20799527317, 39481.49998905137, 36675.99998880178, 36256.08398579061]}
