{"engine":"postgres17","workload":"filter_sum_1m_i64","n_rows":1000000,"samples":16,"median_us":41887.417,"min_us":34708.708,"iterations_us":[42684.45901107043, 35088.79098808393, 34708.70800083503, 35827.833984512836, 36826.583032961935, 40535.45801434666, 39041.54198244214, 41707.416996359825, 40265.832969453186, 42367.16701416299, 42067.417001817375, 46482.999983709306, 44027.91702887043, 44266.62501646206, 45639.62499378249, 46502.49995756894]}
