{"engine":"postgres17","workload":"filter_sum_10k_i64","n_rows":10000,"samples":16,"median_us":26144.000,"min_us":24069.166,"iterations_us":[24916.082969866693, 24467.915995046496, 24069.165985565633, 25285.249983426183, 25893.666956108063, 26146.541989874095, 26060.333009809256, 26120.665948837996, 26750.917022582144, 26302.91599780321, 26643.083023373038, 26298.540993593633, 28376.25000393018, 26141.45801635459, 27300.00001611188, 26683.875010348856]}
