{"engine":"postgres17","workload":"filter_sum_1m_i64","n_rows":1000000,"samples":16,"median_us":41282.250,"min_us":35667.417,"iterations_us":[43450.457975268364, 36557.00001399964, 35667.41698887199, 36713.24998140335, 36038.58302813023, 37253.124988637865, 41095.37502517924, 38796.25000990927, 43926.20798898861, 42715.45901428908, 43857.16700926423, 42248.00004158169, 40556.5410037525, 41469.12496071309, 42707.16704195365, 46040.66698811948]}
