{"engine":"duckdb","workload":"filter_sum_100k_i64","n_rows":100000,"samples":16,"median_us":136.624,"min_us":130.042,"iterations_us":[160.66699754446745, 152.16699102893472, 135.54200995713472, 145.87497571483254, 157.79200475662947, 140.29198791831732, 136.66599988937378, 140.2089837938547, 143.41704081743956, 132.91701907292008, 136.125017888844, 133.54199472814798, 132.33302161097527, 131.74995547160506, 136.58299576491117, 130.0420262850821]}
