{"engine":"duckdb","workload":"filter_sum_1m_i64","n_rows":1000000,"samples":16,"median_us":180.563,"min_us":164.458,"iterations_us":[216.2919845432043, 229.74994499236345, 225.7089945487678, 202.87500228732824, 197.2499885596335, 173.79201017320156, 181.709008757025, 178.16602485254407, 179.4170239008963, 198.12502432614565, 174.91704784333706, 182.66704864799976, 168.2079746387899, 164.45800429210067, 170.45799177139997, 169.70804426819086]}
