{"engine":"sqlite3","workload":"filter_sum_1m_i64","n_rows":1000000,"samples":16,"median_us":16393.750,"min_us":15984.625,"iterations_us":[15984.625031705946, 16355.583036784083, 16431.91702896729, 16261.540993582457, 16476.583026815206, 16592.125000897795, 16195.042000617832, 16538.374999072403, 16246.541985310614, 16330.957994796336, 16574.25001030788, 16264.542005956173, 16446.207999251783, 16492.624999955297, 16296.20895255357, 16474.834003020078]}
