{"engine":"sqlite3","workload":"filter_sum_1m_i64","n_rows":1000000,"samples":32,"median_us":16316.521,"min_us":15883.834,"iterations_us":[16136.666992679238, 16266.082995571196, 16419.58300024271, 15946.167055517435, 16053.250059485435, 16083.333059214056, 16426.834044978023, 16018.24990939349, 15883.833984844387, 16584.625001996756, 16349.832993000746, 16235.791030339897, 16163.249965757132, 16170.584014616907, 16516.875009983778, 16338.458051905036, 16289.790975861251, 16461.25002298504, 16547.1670916304, 16483.00001397729, 16362.291993573308, 16080.416971817613, 16346.541000530124, 16467.08301268518, 16550.624975934625, 16445.875051431358, 16163.7500859797, 16294.58402749151, 16535.499948076904, 16359.083936549723, 16207.583947107196, 16202.667029574513]}
