{"engine":"clickhouse","workload":"filter_sum_10k_i64","n_rows":10000,"samples":32,"median_us":529.146,"min_us":485.6659797951579,"iterations_us":[642.5840547308326, 13741.500093601644, 1206.9169897586107, 831.7079627886415, 609.2919502407312, 533.7079055607319, 575.7909966632724, 522.000016644597, 542.249996215105, 541.4999322965741, 591.8750539422035, 714.7500291466713, 665.250001475215, 686.5420145913959, 541.5419582277536, 548.3330460265279, 528.3330101519823, 529.9589829519391, 521.0000090301037, 497.2920287400484, 509.1670900583267, 486.04095354676247, 493.79095435142517, 507.4579967185855, 496.37502525001764, 509.12494771182537, 500.5421116948128, 515.4169630259275, 510.16604993492365, 504.0409741923213, 486.7089446634054, 485.6659797951579]}
