{"engine":"postgres17","workload":"filter_sum_1m_i64","n_rows":1000000,"samples":16,"median_us":42825.687,"min_us":36801.333,"iterations_us":[42695.291922427714, 36900.37503838539, 36801.33307352662, 37681.62499181926, 39370.29209919274, 42015.45799151063, 41449.08289890736, 43161.20804287493, 43471.66698426008, 43500.16708485782, 47161.9589952752, 46462.58405409753, 43976.5410264954, 48768.45795661211, 42956.08296524733, 41891.66601281613]}
