{"engine":"sqlite3","workload":"filter_sum_1m_i64","n_rows":1000000,"samples":16,"median_us":15798.521,"min_us":15542.542,"iterations_us":[15713.458007667214, 15798.375010490417, 16034.499974921346, 16278.791008517146, 16047.915967646986, 15868.667047470808, 15857.958002015948, 15770.750003866851, 15681.83401832357, 15994.833025615662, 15670.875029172748, 15973.166970070451, 15798.66698011756, 15750.667022075504, 15542.541979812086, 15786.834002938122]}
