{"engine":"duckdb","workload":"filter_sum_100k_i64","n_rows":100000,"samples":16,"median_us":141.187,"min_us":126.042,"iterations_us":[177.58301692083478, 150.3750099800527, 146.04104217141867, 139.25001258030534, 137.3749691992998, 238.41700749471784, 169.41700596362352, 148.20904470980167, 152.16699102893472, 133.25002510100603, 133.87500075623393, 138.83301289752126, 133.20898870006204, 130.33300638198853, 143.12495477497578, 126.04199582710862]}
