{"engine":"sqlite3","workload":"filter_sum_10k_i64","n_rows":10000,"samples":16,"median_us":155.833,"min_us":151.625,"iterations_us":[157.54095511510968, 158.95802062004805, 158.1250107847154, 159.7920199856162, 159.29201617836952, 161.0000035725534, 159.24999024719, 156.20799968019128, 154.83296010643244, 155.0420420244336, 155.04099428653717, 155.45799396932125, 155.16596613451838, 152.24999515339732, 151.91599959507585, 151.6249612905085]}
