{"engine":"duckdb","workload":"filter_sum_100k_i64","n_rows":100000,"samples":32,"median_us":136.375,"min_us":126.750,"iterations_us":[161.7079833522439, 157.9170348122716, 146.83394692838192, 290.6669396907091, 145.37491369992495, 137.45902106165886, 135.9580783173442, 148.20799697190523, 144.20796651393175, 153.04191038012505, 144.29190196096897, 132.4999611824751, 135.70894952863455, 136.54108624905348, 143.4159930795431, 136.125017888844, 133.0419909209013, 126.74997560679913, 138.66706285625696, 130.62497600913048, 138.9170065522194, 128.24998702853918, 133.20893049240112, 132.04198330640793, 136.20906975120306, 132.29099567979574, 133.2910032942891, 132.29204341769218, 128.58293484896421, 133.99997260421515, 140.50002209842205, 143.20795889943838]}
