{"engine":"clickhouse","workload":"filter_sum_1m_i64","n_rows":1000000,"samples":32,"median_us":1562.666,"min_us":1258.0000329762697,"iterations_us":[1693.6250030994415, 13563.165906816721, 1837.8329696133733, 2148.4579192474484, 2125.375089235604, 1639.4580015912652, 1662.541995756328, 1386.7910020053387, 1357.5829798355699, 1964.458031579852, 2041.3328893482685, 1652.624923735857, 1501.8329722806811, 1362.374983727932, 1386.9160320609808, 1691.7079919949174, 1913.2500747218728, 1618.4590058401227, 1512.9579696804285, 1345.2500570565462, 1336.6249622777104, 1529.4170007109642, 1806.7910568788648, 1475.2499992027879, 1433.7910106405616, 1470.0830215588212, 1379.9170264974236, 1258.0000329762697, 1522.5419774651527, 1818.5420194640756, 1593.4580005705357, 1531.874993816018]}
