{"engine":"clickhouse","workload":"filter_sum_100k_i64","n_rows":100000,"samples":16,"median_us":909.333,"min_us":781.0829556547105,"iterations_us":[973.3329643495381, 13654.29104771465, 1289.8329878225923, 1053.5410256125033, 984.9169873632491, 858.957995660603, 795.957981608808, 833.4169979207218, 805.1249897107482, 935.999967623502, 1187.290996313095, 997.7919980883598, 832.166988402605, 882.6669654808939, 806.5839647315443, 781.0829556547105]}
