{"engine":"sqlite3","workload":"filter_sum_100k_i64","n_rows":100000,"samples":16,"median_us":1598.354,"min_us":1575.750,"iterations_us":[1604.999997653067, 1817.9999897256494, 1591.7080454528332, 1610.0830398499966, 1613.6250924319029, 1612.0419604703784, 1653.374987654388, 1701.4170298352838, 1579.9578977748752, 1576.9160818308592, 1578.9170283824205, 1577.042043209076, 1575.7500659674406, 1576.7499571666121, 1741.9580835849047, 1585.375051945448]}
