{"engine":"duckdb","workload":"filter_sum_10k_i64","n_rows":10000,"samples":32,"median_us":77.541,"min_us":69.209,"iterations_us":[101.66701395064592, 82.9590717330575, 79.66707926243544, 75.58299694210291, 78.54192517697811, 84.54197086393833, 107.20803402364254, 83.7499974295497, 78.9170153439045, 77.54098623991013, 76.08404848724604, 72.75003008544445, 74.66704118996859, 82.87501987069845, 121.37496378272772, 76.04202255606651, 75.75005292892456, 77.50000804662704, 71.66597060859203, 71.87493611127138, 73.83397314697504, 69.20902524143457, 88.74991908669472, 111.20806448161602, 87.58297190070152, 79.70794104039669, 77.54098623991013, 76.79103873670101, 75.29195863753557, 72.25002627819777, 70.99995855242014, 79.0000194683671]}
