{"engine":"clickhouse","workload":"filter_sum_10k_i64","n_rows":10000,"samples":16,"median_us":595.062,"min_us":541.0420126281679,"iterations_us":[760.8329760842025, 12278.624984901398, 881.1249863356352, 658.1670022569597, 766.957993619144, 603.8749706931412, 692.6250061951578, 612.4170031398535, 568.3340132236481, 580.0829967483878, 570.7499803975224, 586.2499820068479, 563.5840352624655, 555.7090044021606, 541.0420126281679, 564.6669887937605]}
