{"engine":"sqlite3","workload":"filter_sum_100k_i64","n_rows":100000,"samples":16,"median_us":1568.083,"min_us":1513.875,"iterations_us":[1587.5829849392176, 1607.790996786207, 1566.8330015614629, 1551.666995510459, 1545.0000064447522, 1545.2500083483756, 1624.2500278167427, 1597.2499968484044, 1569.3330205976963, 1598.4589699655771, 1572.5829871371388, 1560.5830121785402, 1644.7919770143926, 1513.8750313781202, 1532.6249995268881, 1534.292008727789]}
