{"engine":"clickhouse","workload":"filter_sum_1m_i64","n_rows":1000000,"samples":16,"median_us":1516.333,"min_us":1317.832968197763,"iterations_us":[1628.2920259982347, 12700.375053100288, 1918.7500001862645, 2013.916033320129, 1775.7921013981104, 1495.2500350773335, 1465.209061279893, 1408.2500711083412, 1352.1669898182154, 1836.0420363023877, 1849.333057180047, 1437.583938241005, 1323.0419717729092, 1317.832968197763, 1416.4999593049288, 1537.4160138890147]}
