{"engine":"clickhouse","workload":"filter_sum_1m_i64","n_rows":1000000,"samples":32,"median_us":1716.375,"min_us":1342.6661025732756,"iterations_us":[1902.917050756514, 14600.291964598, 2350.499969907105, 1792.8750021383166, 1723.1670208275318, 2198.1659810990095, 2083.458937704563, 1988.7079251930118, 2093.4579661116004, 1619.9580859392881, 2378.0830670148134, 1709.5839139074087, 1777.250086888671, 1378.0830195173621, 1421.833992935717, 1376.583008095622, 2069.292007945478, 1943.1249238550663, 1533.708069473505, 1527.7080237865448, 1396.4589452371001, 1349.9580090865493, 2055.7499956339598, 1914.5419355481863, 1596.4580234140158, 1555.625000037253, 1342.6661025732756, 2087.9589719697833, 1614.958979189396, 1487.2909523546696, 1538.0829572677612, 1379.7919964417815]}
