{"engine":"duckdb","workload":"filter_sum_100k_i64","n_rows":100000,"samples":16,"median_us":139.750,"min_us":131.333,"iterations_us":[172.9580108076334, 146.50000957772136, 145.7909820601344, 159.1669861227274, 142.24997721612453, 136.95802772417665, 139.91602463647723, 137.91699893772602, 139.5839499309659, 137.54202518612146, 135.08403208106756, 161.58301150426269, 131.3330139964819, 135.58403588831425, 136.5839852951467, 140.37505025044084]}
