{"engine":"postgres17","workload":"filter_sum_10k_i64","n_rows":10000,"samples":16,"median_us":24612.125,"min_us":23304.500,"iterations_us":[24864.209000952542, 23977.207951247692, 24110.62503233552, 24483.917048200965, 25251.95898488164, 24351.416970603168, 23304.50003501028, 24753.04203107953, 24006.958003155887, 23822.041926905513, 24825.708009302616, 24766.792077571154, 24740.332970395684, 24973.625084385276, 25586.250005289912, 24352.12500859052]}
