{"engine":"clickhouse","workload":"filter_sum_100k_i64","n_rows":100000,"samples":32,"median_us":822.333,"min_us":689.2499513924122,"iterations_us":[945.7080159336329, 13421.125011518598, 1358.291949145496, 1093.1659489870071, 1164.6249331533909, 895.2909847721457, 788.9580447226763, 753.7499768659472, 838.2080122828484, 734.41700078547, 806.082971394062, 987.041974440217, 1192.249939776957, 885.2080209180713, 849.2500055581331, 837.1670264750719, 828.2079361379147, 764.0409749001265, 711.5419721230865, 816.4580212906003, 740.9170502796769, 871.1670525372028, 868.0419996380806, 780.37497587502, 877.7918992564082, 720.0409891083837, 783.249968662858, 772.7919146418571, 701.5420123934746, 735.6670685112476, 689.2499513924122, 726.5829481184483]}
