{"engine":"sqlite3","workload":"filter_sum_10k_i64","n_rows":10000,"samples":32,"median_us":154.833,"min_us":150.000,"iterations_us":[155.95904551446438, 155.66602814942598, 152.37496700137854, 153.16694043576717, 164.12499826401472, 153.74994836747646, 152.791035361588, 152.5420229882002, 157.83298294991255, 163.20799477398396, 279.16603721678257, 168.95809676498175, 164.29205425083637, 172.41702880710363, 158.2079567015171, 153.791974298656, 152.79208309948444, 165.99998343735933, 160.16699373722076, 158.79201237112284, 164.66702800244093, 153.16694043576717, 151.58404130488634, 150.83292964845896, 150.9999856352806, 160.04196368157864, 151.4580799266696, 154.00000847876072, 151.08310617506504, 162.2500130906701, 150.00009443610907, 153.54203060269356]}
