{"engine":"sqlite3","workload":"filter_sum_10k_i64","n_rows":10000,"samples":32,"median_us":151.999,"min_us":151.250,"iterations_us":[154.75007239729166, 160.2920237928629, 151.7079072073102, 152.95797493308783, 158.12506899237633, 164.49997201561928, 151.79207548499107, 154.54203821718693, 151.74993313848972, 163.9999682083726, 152.66600530594587, 151.95796731859446, 158.45801681280136, 164.33291602879763, 157.16603957116604, 154.04203440994024, 151.4169853180647, 152.04097144305706, 157.70795289427042, 157.66697470098734, 151.54096763581038, 154.66706827282906, 151.74993313848972, 151.25004574656487, 151.83398500084877, 151.87496319413185, 151.95796731859446, 151.54201537370682, 151.91698912531137, 151.91698912531137, 151.70802362263203, 151.41605399549007]}
