{"engine":"duckdb","workload":"filter_sum_100k_i64","n_rows":100000,"samples":16,"median_us":150.833,"min_us":128.917,"iterations_us":[148.08401465415955, 148.1659710407257, 151.08310617506504, 152.9159490019083, 142.08396896719933, 167.33398661017418, 154.91596423089504, 128.9169304072857, 155.0000160932541, 149.37506057322025, 133.75002890825272, 134.4579504802823, 157.08303544670343, 160.50005797296762, 150.58298595249653, 158.37489627301693]}
