{"engine":"clickhouse","workload":"filter_sum_100k_i64","n_rows":100000,"samples":32,"median_us":823.042,"min_us":693.2909600436687,"iterations_us":[992.9579682648182, 13020.62498871237, 1190.708950161934, 1015.2499889954925, 1149.20805208385, 1043.416908942163, 892.7501039579511, 888.0420355126262, 820.2079916372895, 838.4590037167072, 807.2919445112348, 789.416953921318, 782.4170170351863, 763.2499327883124, 755.7080825790763, 940.0839917361736, 933.7919764220715, 825.8750895038247, 839.6670455113053, 796.3329553604126, 762.9160536453128, 893.7910897657275, 747.4999874830246, 739.6249566227198, 717.9580861702561, 693.2909600436687, 713.3340695872903, 716.4169801399112, 952.0830353721976, 910.8340600505471, 716.7919538915157, 748.9160634577274]}
