{"engine":"duckdb","workload":"filter_sum_1m_i64","n_rows":1000000,"samples":32,"median_us":187.896,"min_us":165.292,"iterations_us":[226.83409042656422, 194.37505397945642, 209.5840172842145, 209.66690499335527, 215.49989469349384, 200.37498325109482, 199.0839373320341, 198.33305850625038, 194.29204985499382, 181.12501129508018, 188.41703422367573, 194.58297174423933, 195.45899704098701, 177.95804888010025, 190.04195928573608, 182.9169923439622, 187.37500067800283, 183.16693603992462, 183.33399202674627, 176.45792104303837, 165.29194545000792, 183.16705245524645, 172.45905473828316, 176.4580374583602, 178.7920482456684, 198.0409724637866, 167.29196067899466, 172.16696869581938, 183.87497402727604, 305.3339896723628, 190.91693684458733, 173.37501049041748]}
