{"engine":"sqlite3","workload":"filter_sum_1m_i64","n_rows":1000000,"samples":16,"median_us":16087.583,"min_us":15682.042,"iterations_us":[16012.249980121851, 16110.04094593227, 16218.24991889298, 15979.62505184114, 16380.582936108112, 16135.458019562066, 15872.750082053244, 16034.125001169741, 15682.041994296014, 16293.291002511978, 16265.584039501846, 16065.125004388392, 16176.374978385866, 15870.667062699795, 16110.25002785027, 15838.125022128224]}
