{"engine":"duckdb","workload":"filter_sum_10k_i64","n_rows":10000,"samples":16,"median_us":97.125,"min_us":78.833,"iterations_us":[128.457963000983, 103.62500324845314, 151.6659976914525, 119.45900041610003, 78.83296348154545, 95.12499673292041, 104.5420067384839, 94.87499482929707, 99.83399650081992, 92.25000394508243, 82.66599616035819, 93.41700933873653, 99.12496898323298, 105.91698810458183, 87.50002598389983, 87.16701995581388]}
