{"engine":"clickhouse","workload":"filter_sum_10k_i64","n_rows":10000,"samples":32,"median_us":556.375,"min_us":459.3329504132271,"iterations_us":[702.2920763120055, 13325.917068868876, 1186.95804849267, 920.6669637933373, 700.2920610830188, 614.7919921204448, 632.5419526547194, 567.9579917341471, 582.6250417158008, 549.6669327840209, 538.4159740060568, 566.457980312407, 539.3750034272671, 563.0829837173223, 699.4580617174506, 769.0839702263474, 595.7919638603926, 603.3750250935555, 540.8750148490071, 531.6670285537839, 528.4170620143414, 516.8330390006304, 579.7500489279628, 527.750002220273, 459.3329504132271, 545.4170750454068, 494.5419495925307, 493.8750062137842, 489.5830061286688, 548.6669251695275, 488.4999943897128, 491.8749909847975]}
