{"engine":"sqlite3","workload":"filter_sum_100k_i64","n_rows":100000,"samples":32,"median_us":1622.771,"min_us":1553.875,"iterations_us":[1629.4579254463315, 1612.9999421536922, 1622.7500746026635, 1621.625036932528, 1623.749965801835, 1868.8749987632036, 1627.8750263154507, 1627.7909744530916, 1608.2500806078315, 1601.250027306378, 1603.9999900385737, 1810.0000452250242, 1608.0839559435844, 1563.1249407306314, 1565.4159942641854, 1553.8749285042286, 1560.0420301780105, 3943.749936297536, 1643.2920238003135, 1615.5000776052475, 1599.833951331675, 1622.7919841185212, 1742.7499406039715, 1585.6670215725899, 1571.2920576334, 1573.1670428067446, 1788.416993804276, 1776.167075149715, 1636.5420306101441, 1652.5830142199993, 1672.1669817343354, 1682.8749794512987]}
