{"engine":"postgres17","workload":"filter_sum_1m_i64","n_rows":1000000,"samples":16,"median_us":39605.541,"min_us":36000.667,"iterations_us":[43451.75001071766, 36000.66702347249, 36571.45798206329, 37679.91700442508, 37986.87498783693, 38792.25003765896, 38936.95899751037, 39606.1249775812, 38359.75000401959, 39604.95797218755, 39803.08404425159, 39740.666979923844, 40457.91603857651, 40554.25000842661, 42530.33403074369, 41701.040987391025]}
