{"engine":"postgres17","workload":"filter_sum_10k_i64","n_rows":10000,"samples":16,"median_us":24738.979,"min_us":22382.417,"iterations_us":[23556.332977022976, 24717.541004065424, 24585.625040344894, 24760.416999924928, 24620.29200978577, 24366.249970626086, 24226.33400419727, 25684.166001155972, 24022.875004447997, 22382.416995242238, 26711.624988820404, 27212.249988224357, 25452.582980506122, 26626.91700970754, 27406.416018493474, 25626.250018831342]}
