{"engine":"duckdb","workload":"filter_sum_1m_i64","n_rows":1000000,"samples":32,"median_us":164.500,"min_us":150.917,"iterations_us":[205.79202100634575, 185.24995539337397, 175.66699534654617, 166.45900905132294, 183.20803064852953, 185.2919813245535, 174.50004816055298, 157.99992252141237, 173.62507060170174, 159.49993394315243, 168.08300279080868, 170.16706988215446, 159.95895955711603, 153.08300498872995, 155.9159718453884, 154.12503853440285, 164.79205805808306, 162.54198271781206, 167.29102935642004, 168.91700215637684, 172.16696869581938, 150.916981510818, 152.5420229882002, 158.04101713001728, 167.4999948590994, 158.04206486791372, 164.1659764572978, 152.54109166562557, 155.91701958328485, 164.20800238847733, 156.70806169509888, 218.70795171707869]}
