{"engine":"sqlite3","workload":"filter_sum_10k_i64","n_rows":10000,"samples":32,"median_us":152.833,"min_us":152.167,"iterations_us":[156.29094559699297, 158.0000389367342, 152.791035361588, 158.20900443941355, 153.0840527266264, 152.29196287691593, 152.58300118148327, 152.41594519466162, 152.75005716830492, 158.2079567015171, 152.49999705702066, 152.83399261534214, 152.95809134840965, 152.83306129276752, 152.37496700137854, 153.00000086426735, 152.58300118148327, 154.6249259263277, 152.6669366285205, 152.83399261534214, 153.12503091990948, 152.91606541723013, 152.8329448774457, 153.167056851089, 153.04109547287226, 153.12491450458765, 152.58393250405788, 152.6250271126628, 152.5420229882002, 152.83306129276752, 152.6250271126628, 152.1669328212738]}
