{"engine":"clickhouse","workload":"filter_sum_10k_i64","n_rows":10000,"samples":32,"median_us":557.480,"min_us":488.12502063810825,"iterations_us":[624.6659904718399, 12343.916925601661, 980.8340109884739, 893.5420773923397, 793.6250185593963, 700.7919484749436, 615.7919997349381, 640.5829917639494, 577.3750599473715, 613.2499547675252, 580.2499363198876, 584.7919965162873, 555.7090044021606, 528.7500098347664, 544.9579330161214, 559.2500092461705, 535.5000030249357, 539.958942681551, 535.2499429136515, 693.5830460861325, 759.7500225529075, 695.0839888304472, 540.0419468060136, 547.7919476106763, 529.6659655869007, 503.2080225646496, 505.6669469922781, 496.58294301480055, 514.0000721439719, 500.9579472243786, 512.4160088598728, 488.12502063810825]}
