{"engine":"sqlite3","workload":"filter_sum_100k_i64","n_rows":100000,"samples":32,"median_us":1608.750,"min_us":1555.083,"iterations_us":[1631.2920488417149, 1610.8329873532057, 1788.416993804276, 1581.1669873073697, 1562.124933116138, 1607.5840685516596, 1615.0419833138585, 1608.7089898064733, 1769.541995599866, 1644.9169488623738, 1613.5000623762608, 1609.3330923467875, 1608.7909461930394, 1609.1660363599658, 1804.7080375254154, 1641.2499826401472, 1593.1250527501106, 1587.7080149948597, 1583.4999503567815, 1585.2500218898058, 1610.4161040857434, 1717.4170352518559, 1607.4160812422633, 1614.290988072753, 1605.7080356404185, 1575.541915372014, 1572.7910213172436, 1708.833035081625, 1565.5000461265445, 1572.291017509997, 1555.0829702988267, 1558.0829931423068]}
