{"engine":"duckdb","workload":"filter_sum_1m_i64","n_rows":1000000,"samples":16,"median_us":203.854,"min_us":176.042,"iterations_us":[213.2919616997242, 207.9169498756528, 217.4160908907652, 345.7500133663416, 229.12491112947464, 205.91693464666605, 219.37501151114702, 206.04196470230818, 201.79105922579765, 177.95793246477842, 177.25001089274883, 199.8329535126686, 197.12490029633045, 176.04196909815073, 193.45898181200027, 195.16597967594862]}
