{"engine":"duckdb","workload":"filter_sum_1m_i64","n_rows":1000000,"samples":32,"median_us":184.478,"min_us":162.292,"iterations_us":[220.12495901435614, 208.12498405575752, 191.54197070747614, 186.5000231191516, 194.79193724691868, 194.04198974370956, 186.33296713232994, 198.62502813339233, 185.12492533773184, 185.20804587751627, 172.9580108076334, 186.04204524308443, 184.29092597216368, 179.2920520529151, 172.54101112484932, 184.70792565494776, 188.08292225003242, 182.70895816385746, 206.87503274530172, 174.1249579936266, 182.04201478511095, 168.7499461695552, 181.04095943272114, 249.83391631394625, 184.66601613909006, 176.70798115432262, 162.41602133959532, 172.2919987514615, 168.37497241795063, 168.37497241795063, 162.29203902184963, 170.0409920886159]}
