{"engine":"sqlite3","workload":"filter_sum_100k_i64","n_rows":100000,"samples":32,"median_us":1610.771,"min_us":1557.042,"iterations_us":[1774.7079255059361, 1632.7500343322754, 1611.9999345391989, 1595.0839733704925, 1594.5419436320662, 1585.9580598771572, 1802.2500444203615, 1626.95802282542, 1608.2079382613301, 1595.7499854266644, 1589.9580903351307, 1588.3339801803231, 1803.541905246675, 1626.9159968942404, 1576.7919830977917, 1619.7080258280039, 1617.5410710275173, 1622.3329585045576, 1738.9579443261027, 1596.541958861053, 1589.9169957265258, 1566.7080879211426, 1557.0420073345304, 1560.08405610919, 1725.3749538213015, 1666.832948103547, 1641.4170386269689, 1609.5420578494668, 1614.3330140039325, 1589.1670482233167, 1581.9590771570802, 1774.5000077411532]}
