{"engine":"duckdb","workload":"filter_sum_1m_i64","n_rows":1000000,"samples":16,"median_us":218.334,"min_us":189.041,"iterations_us":[217.08302665501833, 213.12496392056346, 219.58397701382637, 189.0410203486681, 349.74998561665416, 281.6249616444111, 347.1669624559581, 334.74998781457543, 202.83303456380963, 317.9160412400961, 242.66703985631466, 210.04100563004613, 189.37495769932866, 270.91597439721227, 193.62499006092548, 198.2920221053064]}
