{"engine":"sqlite3","workload":"filter_sum_10k_i64","n_rows":10000,"samples":16,"median_us":153.375,"min_us":152.250,"iterations_us":[154.37498223036528, 153.66700245067477, 153.08300498872995, 152.24999515339732, 152.7909771539271, 152.54196478053927, 152.8330030851066, 152.79196668416262, 152.66705304384232, 152.7080312371254, 160.99994536489248, 171.87499906867743, 161.25000547617674, 159.95901776477695, 160.3750279173255, 159.8750241100788]}
