{"engine":"clickhouse","workload":"filter_sum_1m_i64","n_rows":1000000,"samples":16,"median_us":1587.187,"min_us":1375.7089618593454,"iterations_us":[1913.0410510115325, 14630.582998506725, 1793.5839714482427, 2072.5830108858645, 1838.1249974481761, 1661.083020735532, 1470.1669570058584, 1448.166964109987, 1513.2909757085145, 1840.58299055323, 1692.7500255405903, 1510.7500366866589, 1491.7079824954271, 1375.7089618593454, 1387.2080016881227, 1412.4579611234367]}
