{"engine":"duckdb","workload":"filter_sum_1m_i64","n_rows":1000000,"samples":16,"median_us":186.000,"min_us":171.958,"iterations_us":[234.7910194657743, 211.91698033362627, 204.16703773662448, 180.83298346027732, 187.2080028988421, 188.75004025176167, 182.58299678564072, 184.04098227620125, 187.3329747468233, 179.95800590142608, 187.49997252598405, 181.29096133634448, 171.95800319314003, 196.6669806279242, 184.7919775173068, 179.541006218642]}
