{"engine":"clickhouse","workload":"filter_sum_1m_i64","n_rows":1000000,"samples":32,"median_us":1527.958,"min_us":1285.3749794885516,"iterations_us":[1777.0839622244239, 13469.583005644381, 1963.6249635368586, 2193.0000511929393, 1806.9579964503646, 1495.9999825805426, 1492.8750460967422, 1458.8340418413281, 1735.7090255245566, 1975.4579989239573, 1675.9580466896296, 1344.4579672068357, 1352.2920198738575, 1361.0409805551171, 1394.0409990027547, 1807.2499660775065, 1566.7499974370003, 1560.2500643581152, 1300.583011470735, 1316.5830168873072, 1296.3749468326569, 1538.999960757792, 2039.1669822856784, 1693.29100754112, 1359.7499346360564, 1291.458960622549, 1327.2090582177043, 1285.3749794885516, 1618.7920700758696, 1849.8339923098683, 1516.9160906225443, 1374.3749586865306]}
