{"engine":"duckdb","workload":"filter_sum_10k_i64","n_rows":10000,"samples":32,"median_us":105.250,"min_us":89.709,"iterations_us":[108.66706725209951, 157.9170348122716, 121.7500539496541, 95.33402044326067, 122.58300557732582, 94.25007738173008, 117.83302761614323, 143.29096302390099, 160.5829456821084, 133.45805928111076, 246.04203645139933, 143.7920145690441, 106.66705202311277, 146.41694724559784, 103.16597763448954, 108.45798533409834, 105.08298873901367, 109.08301919698715, 92.54110045731068, 99.91705883294344, 94.62493471801281, 95.2909467741847, 95.91702837496996, 104.62501086294651, 110.0829103961587, 94.4589264690876, 89.70906492322683, 95.0830290094018, 93.58290117233992, 105.41698429733515, 103.62500324845314, 97.79096581041813]}
