{"engine":"clickhouse","workload":"filter_sum_100k_i64","n_rows":100000,"samples":16,"median_us":866.271,"min_us":745.1670244336128,"iterations_us":[1010.8330752700567, 13368.415995500982, 1255.8329617604613, 925.0409202650189, 939.3329964950681, 812.9579946398735, 753.2499730587006, 745.1670244336128, 803.0839962884784, 1022.2910204902291, 1104.5830324292183, 919.5830207318068, 776.8329232931137, 791.4999732747674, 761.2499175593257, 797.6250490173697]}
