{"engine":"sqlite3","workload":"filter_sum_100k_i64","n_rows":100000,"samples":16,"median_us":1566.208,"min_us":1543.834,"iterations_us":[1567.6659531891346, 1566.8749692849815, 1570.7500278949738, 1568.3750389143825, 1565.5419556424022, 1563.2080030627549, 1565.749989822507, 1543.8339905813336, 1564.2080106772482, 1566.8750274926424, 1597.8750307112932, 1569.0409927628934, 1566.6669933125377, 1564.7910186089575, 1564.5830426365137, 1547.5840191356838]}
