{"engine":"sqlite3","workload":"filter_sum_100k_i64","n_rows":100000,"samples":32,"median_us":1680.355,"min_us":1577.584,"iterations_us":[2047.1250172704458, 1720.2920280396938, 1638.583024032414, 1886.208076030016, 1650.791964493692, 1649.9171033501625, 1602.5420045480132, 1616.8339643627405, 1629.540929570794, 1817.8749596700072, 1681.709080003202, 1650.166930630803, 5758.541985414922, 5731.9579645991325, 8114.375057630241, 6372.125004418194, 5975.375068373978, 4608.832998201251, 5907.083977945149, 5022.583995014429, 5436.167004518211, 1588.7500485405326, 1885.4161025956273, 1641.8331069871783, 1620.5830033868551, 1616.499968804419, 1678.9999790489674, 1801.6659887507558, 1604.6249074861407, 1578.458002768457, 1577.5839565321803, 1583.3339421078563]}
