{"engine":"clickhouse","workload":"filter_sum_100k_i64","n_rows":100000,"samples":32,"median_us":838.520,"min_us":683.416030369699,"iterations_us":[1077.875029295683, 13756.54200091958, 1355.0000730901957, 1026.8749902024865, 860.6249466538429, 1124.7919173911214, 1085.4590218514204, 911.5830762311816, 868.2080078870058, 862.6249618828297, 805.1249897107482, 777.7499267831445, 816.4159953594208, 779.1250245645642, 771.9580316916108, 768.9170306548476, 941.6659595444798, 1097.0840230584145, 879.4589666649699, 787.3750291764736, 799.0839658305049, 707.4580062180758, 884.625012986362, 683.416030369699, 722.3329739645123, 705.6660251691937, 697.0000686123967, 730.9999782592058, 697.3750423640013, 1046.7079700902104, 1115.7920816913247, 726.0410347953439]}
