{"engine":"sqlite3","workload":"filter_sum_1m_i64","n_rows":1000000,"samples":16,"median_us":16037.479,"min_us":15751.708,"iterations_us":[19182.417017873377, 18932.416976895183, 18836.33399847895, 19030.95905436203, 18473.458010703325, 17042.16602956876, 16195.582982618362, 15767.292003147304, 16087.833035271615, 15987.124992534518, 15941.290999762714, 15937.042015139014, 15769.625024404377, 15766.584023367614, 15757.374989334494, 15751.70800788328]}
