{"engine":"duckdb","workload":"filter_sum_10k_i64","n_rows":10000,"samples":16,"median_us":104.958,"min_us":91.417,"iterations_us":[131.8340073339641, 106.58300016075373, 122.83399701118469, 116.45798804238439, 93.62504351884127, 109.41701475530863, 91.70803241431713, 106.45802831277251, 110.20799865946174, 95.7080046646297, 91.4169941097498, 93.08301378041506, 100.3750367090106, 103.4580054692924, 101.91701585426927, 113.79102943465114]}
