{"engine":"clickhouse","workload":"filter_sum_10k_i64","n_rows":10000,"samples":16,"median_us":702.625,"min_us":535.0830033421516,"iterations_us":[725.8330006152391, 13239.708030596375, 1033.000007737428, 711.1669983714819, 717.9169915616512, 630.0410022959113, 558.6249753832817, 535.0830033421516, 720.249954611063, 694.0839812159538, 645.9580035880208, 741.8330060318112, 791.3329754956067, 651.2910476885736, 579.875020775944, 535.5830071493983]}
