{"engine":"postgres17","workload":"filter_sum_100k_i64","n_rows":100000,"samples":16,"median_us":39271.416,"min_us":26569.959,"iterations_us":[26569.959009066224, 27936.24997138977, 36010.29107812792, 37681.83302599937, 35644.58293840289, 35727.16691996902, 39730.62499426305, 39351.95796657354, 40478.16700767726, 39123.875088989735, 39564.8330450058, 39448.41609336436, 41330.33298421651, 40403.62499654293, 39190.87501708418, 39720.70792224258]}
