{"engine":"duckdb","workload":"filter_sum_100k_i64","n_rows":100000,"samples":32,"median_us":133.896,"min_us":119.000,"iterations_us":[163.33407256752253, 145.33300418406725, 135.04107482731342, 130.45803643763065, 125.2500806003809, 125.66708028316498, 128.29096522182226, 125.95800217241049, 138.66694644093513, 141.95800758898258, 202.5000285357237, 334.45795997977257, 139.66707047075033, 132.99996498972178, 146.1249776184559, 133.29193461686373, 134.9160447716713, 131.4160181209445, 132.08307791501284, 140.9159740433097, 154.74995598196983, 146.00006397813559, 134.49997641146183, 157.3750050738454, 134.95900202542543, 129.20796871185303, 130.16699813306332, 131.12497981637716, 118.99997480213642, 126.66708789765835, 119.99998241662979, 129.24999464303255]}
