{"engine":"duckdb","workload":"filter_sum_10k_i64","n_rows":10000,"samples":16,"median_us":108.479,"min_us":69.209,"iterations_us":[117.95898899435997, 91.66699601337314, 110.16696225851774, 189.04200987890363, 157.54200285300612, 121.2499919347465, 85.95798863098025, 106.79202387109399, 110.41603283956647, 113.62502118572593, 99.58300506696105, 69.20902524143457, 105.04201054573059, 98.082993645221, 110.87500024586916, 92.6670036278665]}
