{"engine":"sqlite3","workload":"filter_sum_1m_i64","n_rows":1000000,"samples":32,"median_us":15978.959,"min_us":15631.959,"iterations_us":[15899.7499383986, 15782.458009198308, 15631.958958692849, 16047.374927438796, 16079.20799870044, 16011.583036743104, 16289.165941998363, 15690.291998907924, 16195.45801077038, 15717.292088083923, 16200.999962165952, 16095.333034172654, 15963.542042300105, 16419.833060353994, 15794.12491992116, 15944.08298842609, 15836.3749505952, 15939.707984216511, 16116.499900817871, 15896.999975666404, 16170.082963071764, 15994.374989531934, 15826.125047169626, 16261.041047982872, 15723.207965493202, 16186.750028282404, 15916.708973236382, 15816.375031135976, 16079.708002507687, 15849.833027459681, 16081.207897514105, 16180.583043023944]}
