{"engine":"clickhouse","workload":"filter_sum_10k_i64","n_rows":10000,"samples":16,"median_us":603.958,"min_us":509.7499815747142,"iterations_us":[590.2089178562164, 12375.541031360626, 1183.292013593018, 739.3340347334743, 679.1249616071582, 828.5000221803784, 782.8340167179704, 781.3340052962303, 594.5420125499368, 602.5419570505619, 567.0000100508332, 605.3750403225422, 557.6669936999679, 553.5000236704946, 526.1660553514957, 509.7499815747142]}
