{"engine":"postgres17","workload":"filter_sum_1m_i64","n_rows":1000000,"samples":32,"median_us":48477.854,"min_us":38020.291,"iterations_us":[43432.00009316206, 38020.29090002179, 39213.792071677744, 40290.625067427754, 40795.458015054464, 41742.000030353665, 41817.2919889912, 46758.290962316096, 45071.457978338, 49021.95802424103, 47612.749971449375, 45283.70895422995, 46517.582959495485, 48310.87507773191, 53303.45791298896, 53963.66596687585, 54117.915919050574, 52761.37497276068, 49301.83291435242, 48612.66608349979, 48855.6670024991, 48848.54098781943, 50784.83303077519, 48766.1249935627, 46393.24999880046, 90099.74997024983, 52283.62500201911, 50283.20802375674, 50928.0419209972, 48343.040980398655, 51829.45798151195, 46414.208016358316]}
