{"engine":"postgres17","workload":"filter_sum_10k_i64","n_rows":10000,"samples":32,"median_us":27892.021,"min_us":25540.375,"iterations_us":[30026.875087060034, 27466.87491890043, 28433.45806468278, 27762.708021327853, 27875.74997637421, 27413.083938881755, 28087.541926652193, 27930.083102546632, 27704.583015292883, 26591.04100894183, 26738.41593787074, 28006.54200837016, 27520.083007402718, 27986.290981061757, 27024.792041629553, 28289.249981753528, 25540.375034324825, 27274.70896206796, 27609.95796415955, 28015.3329949826, 27966.708061285317, 27381.332940422, 28001.790982671082, 26851.95906087756, 28304.666047915816, 28039.79197051376, 28356.74991365522, 27908.29201694578, 28500.999906100333, 27748.16600140184, 28078.290983103216, 25845.00005468726]}
