{"engine":"postgres17","workload":"filter_sum_10k_i64","n_rows":10000,"samples":16,"median_us":24948.166,"min_us":21923.500,"iterations_us":[24920.50000000745, 26021.50000166148, 23554.874991532415, 23499.834001995623, 21923.4999967739, 25381.83401338756, 23894.70802154392, 24975.832959171385, 25347.832997795194, 22896.084003150463, 25476.165988948196, 25650.625000707805, 24845.12497903779, 25282.79199032113, 23541.83403076604, 25731.667003128678]}
