{"engine":"sqlite3","workload":"filter_sum_10k_i64","n_rows":10000,"samples":32,"median_us":152.584,"min_us":152.250,"iterations_us":[168.750062584877, 164.29205425083637, 155.50001990050077, 154.83296010643244, 158.0419484525919, 161.08399722725153, 155.7080540806055, 152.6250271126628, 152.6669366285205, 152.7080312371254, 163.2090425118804, 152.66705304384232, 152.45797112584114, 152.33305748552084, 152.49999705702066, 152.54097525030375, 152.49999705702066, 152.45901886373758, 156.16591554135084, 155.25007620453835, 152.41594519466162, 152.6250271126628, 152.5420229882002, 152.45797112584114, 152.37496700137854, 152.41699293255806, 152.49999705702066, 152.6250271126628, 152.33398880809546, 152.41699293255806, 152.49999705702066, 152.25005336105824]}
