{"engine":"duckdb","workload":"filter_sum_100k_i64","n_rows":100000,"samples":32,"median_us":136.291,"min_us":126.291,"iterations_us":[159.58293806761503, 139.45798855274916, 142.70900283008814, 138.58394231647253, 167.4590166658163, 151.20895113795996, 132.87493493407965, 143.1669807061553, 138.4170027449727, 137.2500555589795, 131.12497981637716, 132.25001748651266, 139.0830148011446, 129.87502850592136, 134.7500365227461, 128.74999083578587, 129.41600289195776, 132.66701716929674, 133.49996879696846, 134.12500265985727, 252.33300402760506, 139.58290219306946, 137.3749691992998, 137.24993914365768, 134.04199853539467, 164.5830925554037, 126.29094999283552, 145.79202979803085, 126.70806609094143, 134.2500327154994, 135.33304445445538, 127.83403508365154]}
