{"engine":"postgres17","workload":"filter_sum_10k_i64","n_rows":10000,"samples":16,"median_us":26385.187,"min_us":23273.167,"iterations_us":[23523.584008216858, 23273.16702576354, 25156.666000839323, 26260.58302121237, 26930.041960440576, 27747.04195326194, 27493.749978020787, 25714.16599676013, 26107.790996320546, 26535.000011790544, 26528.166024945676, 27484.207996167243, 25797.708018217236, 26122.541981749237, 26509.791030548513, 28645.417012739927]}
