{"engine":"clickhouse","workload":"filter_sum_10k_i64","n_rows":10000,"samples":32,"median_us":578.812,"min_us":506.16601947695017,"iterations_us":[735.7079302892089, 13583.54208059609, 1773.832947947085, 848.792027682066, 762.5420112162828, 709.7919005900621, 628.3329566940665, 645.1250519603491, 579.7089543193579, 585.9170341864228, 583.7080534547567, 590.0840042158961, 634.124968200922, 570.6660449504852, 604.2920285835862, 568.2919872924685, 723.7499812617898, 742.3750357702374, 560.290995053947, 577.9160419479012, 570.4170325770974, 537.2919840738177, 514.7079937160015, 551.957986317575, 557.7079718932509, 515.3750535100698, 535.5000030249357, 506.16601947695017, 518.6670459806919, 519.3749675527215, 518.1250162422657, 525.4169227555394]}
