{"engine":"duckdb","workload":"filter_sum_1m_i64","n_rows":1000000,"samples":32,"median_us":183.563,"min_us":170.791,"iterations_us":[215.87510127574205, 208.49995780736208, 214.95798137038946, 195.04199735820293, 191.2500010803342, 211.04200277477503, 183.6250303313136, 193.290994502604, 182.9169923439622, 192.45909061282873, 182.83305689692497, 176.04196909815073, 193.41602455824614, 194.41696349531412, 187.91703041642904, 173.66709653288126, 176.5829510986805, 177.7498982846737, 184.08300820738077, 180.7910157367587, 183.50000027567148, 170.79105600714684, 174.29201398044825, 246.5000143274665, 181.54201097786427, 171.00002150982618, 176.29098147153854, 172.4159810692072, 188.12494818121195, 177.95793246477842, 186.08290702104568, 181.08298536390066]}
