{"engine":"sqlite3","workload":"filter_sum_100k_i64","n_rows":100000,"samples":16,"median_us":1590.458,"min_us":1540.542,"iterations_us":[1571.5000336058438, 1588.209008332342, 1589.8749697953463, 1601.1669649742544, 1591.0409856587648, 1596.249989233911, 1621.207979042083, 1540.5419981107116, 1576.9159654155374, 1586.1659776419401, 1606.375037226826, 1573.084038682282, 1662.0829701423645, 1580.5409639142454, 1594.5420018397272, 1606.4579831436276]}
