{"engine":"postgres17","workload":"filter_sum_100k_i64","n_rows":100000,"samples":16,"median_us":37172.833,"min_us":23840.708,"iterations_us":[24615.374975837767, 23840.708017814904, 29716.29099920392, 32618.41699713841, 37073.20796092972, 39422.04103805125, 38050.874951295555, 36764.124990440905, 38324.708002619445, 39654.29199161008, 39381.66599255055, 37042.9580216296, 37272.45901245624, 36911.832983605564, 38863.624969962984, 38058.08298056945]}
