{"engine":"duckdb","workload":"filter_sum_10k_i64","n_rows":10000,"samples":32,"median_us":110.313,"min_us":79.916,"iterations_us":[377.6670200750232, 355.791999027133, 295.8750119432807, 233.41691121459007, 210.2500293403864, 198.29196389764547, 239.95793890208006, 241.04106705635786, 117.24990326911211, 115.16700033098459, 129.0410291403532, 103.49997319281101, 99.2080895230174, 92.08300616592169, 134.3749463558197, 230.12503515928984, 208.6249878630042, 101.95793583989143, 118.291936814785, 98.83404709398746, 96.41703218221664, 91.41594637185335, 114.62508700788021, 85.95897816121578, 79.91609163582325, 83.41600187122822, 80.6670868769288, 95.62494233250618, 105.99999222904444, 100.4999503493309, 90.29207285493612, 83.29097181558609]}
