{"engine":"sqlite3","workload":"filter_sum_100k_i64","n_rows":100000,"samples":16,"median_us":1597.792,"min_us":1536.417,"iterations_us":[1586.4159795455635, 1652.00000628829, 1566.0000499337912, 1618.8750159926713, 1593.666966073215, 1626.5420126728714, 1617.8329824469984, 1654.9999709241092, 1601.9170288927853, 1554.4999623671174, 1547.9159774258733, 2201.2910339981318, 1579.6669758856297, 1622.8749882429838, 1536.4169958047569, 1559.0830007568002]}
