{"engine":"duckdb","workload":"insert_throughput_10k","n_rows":10000,"samples":16,"median_us":62263.188,"min_us":61472.667,"iterations_us":[68162.37501334399, 62674.041953869164, 61799.374991096556, 62754.66701481491, 61649.95802100748, 62811.70801958069, 62109.83404889703, 62369.62502589449, 62283.12500752509, 61472.666973713785, 61961.29199815914, 62186.16699334234, 62243.2500240393, 61495.040950831026, 62797.208956908435, 62494.95904194191]}
