{"engine":"clickhouse","workload":"insert_throughput_100k","n_rows":100000,"samples":32,"median_us":652230.374,"min_us":628255.0418982282,"iterations_us":[630770.4580249265, 665999.332908541, 630491.9170215726, 636258.2920119166, 653094.2079843953, 644268.5829242691, 648298.249929212, 653629.0000658482, 650618.2079901919, 663198.7080909312, 656689.1249967739, 647792.4169739708, 648495.5840278417, 656772.1670726314, 633184.7088877112, 661462.1670451015, 656985.5000125244, 657809.9170001224, 649718.8749490306, 639899.1249734536, 657261.0000148416, 653254.7920942307, 628255.0418982282, 661242.6249776036, 637891.9160924852, 650678.0839990824, 651366.5409293026, 661725.2089781687, 664112.2080618516, 650233.9589642361, 662924.624979496, 657701.582997106]}
