{"engine":"postgres17","workload":"insert_throughput_100k","n_rows":100000,"samples":16,"median_us":193879.667,"min_us":187027.250,"iterations_us":[230114.16697409004, 193442.66701955348, 191707.16701773927, 192819.0829930827, 199127.33300589025, 203882.83400097862, 202210.45799553394, 201336.95797994733, 197970.24998115376, 192437.33398616314, 187027.25000912324, 191599.37498625368, 193908.45904126763, 191633.62501421943, 194852.66704577953, 193850.87495902553]}
