{"engine":"sqlite3","workload":"insert_throughput_1m","n_rows":1000000,"samples":16,"median_us":642382.208,"min_us":622181.042,"iterations_us":[656267.8329646587, 637547.7500259876, 685251.9160020165, 622181.0419810936, 625580.2909727208, 671558.6669743061, 647487.2079561464, 637533.875007648, 674945.2920048498, 623783.6250220425, 626786.750042811, 670634.8329898901, 645238.0000264384, 639526.4160237275, 678574.9579430558, 628250.0829547644]}
