{"engine":"clickhouse","workload":"insert_throughput_10k","n_rows":10000,"samples":32,"median_us":60727.625,"min_us":4523.583920672536,"iterations_us":[66465.12495353818, 55318.959057331085, 54383.62492714077, 62857.33403638005, 55285.12503951788, 69396.8340056017, 65038.957982324064, 62306.874897331, 62856.74998071045, 63834.41702928394, 60829.333029687405, 65639.74998425692, 63502.49995011836, 59719.87498924136, 60190.91699272394, 56710.79189050943, 61599.20908976346, 62603.87506335974, 56946.99997548014, 57386.66595425457, 58306.54199235141, 61560.45803800225, 5158.541025593877, 66000.62490906566, 4723.457968793809, 65269.29198298603, 4620.7079431042075, 55241.08407553285, 58171.70802038163, 68632.91596528143, 4523.583920672536, 60625.916928984225]}
