{"engine":"sqlite3","workload":"insert_throughput_10k","n_rows":10000,"samples":32,"median_us":21553.709,"min_us":20380.459,"iterations_us":[69384.12506133318, 34547.624993138015, 23176.125017926097, 22767.08302088082, 22681.79098609835, 21839.375025592744, 22515.167016535997, 22288.166917860508, 21995.99996674806, 22069.70809493214, 22099.124966189265, 21786.83306556195, 22708.749980665743, 21498.500020243227, 21289.79202825576, 20944.584044627845, 20628.83402686566, 21684.707957319915, 21179.832983762026, 20664.16700836271, 20690.749981440604, 21569.374948740005, 21429.37493044883, 20449.250005185604, 20380.45902736485, 21639.74998984486, 21296.708029694855, 20968.709024600685, 20668.08403469622, 21538.04211411625, 21178.00002451986, 20994.792110286653]}
