{"engine":"duckdb","workload":"insert_throughput_100k","n_rows":100000,"samples":16,"median_us":409007.000,"min_us":402461.333,"iterations_us":[409067.99997901544, 408280.87500995025, 408943.6660287902, 407235.87496904656, 420809.24997571856, 425242.45800450444, 411117.6670412533, 408945.9999813698, 405726.8750038929, 410642.04095164314, 402461.3330257125, 405933.83298255503, 406249.9579740688, 414870.6250125542, 419129.70901466906, 409966.999955941]}
