{"engine":"duckdb","workload":"insert_throughput_1m","n_rows":1000000,"samples":16,"median_us":3887892.250,"min_us":3854081.458,"iterations_us":[3880527.4999467656, 3872824.667021632, 3917298.333020881, 3874051.9160055555, 3854081.458004657, 3860076.8339820206, 3924621.707992628, 3865513.958968222, 3900358.624989167, 3863219.74999737, 3949156.9160018116, 3996511.9999833405, 3888924.417027738, 3908750.208967831, 3933780.916966498, 3886860.082973726]}
