{"engine":"clickhouse","workload":"insert_throughput_100k","n_rows":100000,"samples":32,"median_us":648806.376,"min_us":609093.3330124244,"iterations_us":[633051.6668967903, 639322.4580679089, 634638.7920202687, 623039.084021002, 609093.3330124244, 649575.3329945728, 654250.5839606747, 645512.3330233619, 661945.250001736, 656889.0839116648, 638813.2080901414, 664807.1249946952, 644122.1670247614, 645976.4169994742, 656711.7080558091, 641217.6659796387, 649120.2920442447, 650811.8329802528, 639756.2910569832, 654556.5420528874, 633490.4580144212, 661306.3330296427, 671301.7080910504, 650696.4999716729, 655135.0000081584, 648492.4589749426, 642810.7080282643, 655375.4999767989, 663438.5419311002, 644265.208975412, 655276.4589432627, 641077.6670090854]}
