{"engine":"sqlite3","workload":"insert_throughput_1m","n_rows":1000000,"samples":16,"median_us":790305.583,"min_us":760024.542,"iterations_us":[763889.5419659093, 762791.000015568, 772599.5410000905, 796822.7500095963, 828902.8750150464, 863549.7500072233, 907505.4169516079, 768605.7919636369, 834105.7910001837, 783788.4160107933, 768504.5420075767, 760024.5419889688, 765588.9999587089, 842002.7910033241, 903279.208985623, 877864.0830423683]}
