{"engine":"duckdb","workload":"insert_throughput_1m","n_rows":1000000,"samples":16,"median_us":3814022.937,"min_us":3728106.250,"iterations_us":[3742412.667023018, 3837239.500018768, 3732256.7920200527, 3846224.7499846853, 3728106.2499969266, 3772126.7500310205, 3842787.917004898, 3734474.0409753285, 4086279.5839784667, 3789397.749991622, 3918108.1670103595, 3795982.3749843054, 3832063.499954529, 3956612.1250391006, 3792911.6670275107, 3948892.7079946734]}
