{"engine":"duckdb","workload":"insert_throughput_100k","n_rows":100000,"samples":16,"median_us":402271.000,"min_us":395427.958,"iterations_us":[404703.9169818163, 398501.4579957351, 399146.2920093909, 395427.9579920694, 400240.7920197584, 423780.2909919992, 410396.58401859924, 405933.2920005545, 401892.87497196347, 402649.1250260733, 397474.12502765656, 412768.66698171943, 398808.16702498123, 396203.207958024, 407425.20801723003, 412672.458041925]}
