{"engine":"duckdb","workload":"insert_throughput_10k","n_rows":10000,"samples":16,"median_us":62635.875,"min_us":61661.542,"iterations_us":[69170.74997909367, 62578.083015978336, 62716.12498676404, 62453.04096955806, 62274.95800703764, 62641.79199934006, 62641.70800568536, 63043.08399558067, 62065.91596128419, 62833.999982103705, 62086.83300064877, 62630.04196807742, 63132.20801530406, 61661.54198581353, 62844.95798172429, 62310.16700621694]}
