{"engine":"sqlite3","workload":"insert_throughput_100k","n_rows":100000,"samples":32,"median_us":64955.792,"min_us":64214.750,"iterations_us":[64831.540919840336, 64681.58308416605, 64709.62497405708, 64979.8329686746, 64555.332995951176, 65240.20794313401, 65150.37501230836, 65296.9169896096, 64430.37500139326, 65041.12493712455, 64214.7499602288, 65507.291932590306, 64684.79102477431, 64336.666953749955, 65112.12501209229, 64264.04195372015, 64699.958893470466, 64947.58301414549, 65018.54199450463, 64964.00001924485, 64900.374971330166, 64846.749999560416, 65203.75004038215, 65827.33301911503, 64607.2078961879, 65007.66705721617, 64485.83409655839, 65577.0410085097, 64666.66690539569, 65153.2910997048, 65498.166950419545, 65322.37504143268]}
