{"engine":"postgres17","workload":"insert_throughput_100k","n_rows":100000,"samples":16,"median_us":202912.938,"min_us":195460.959,"iterations_us":[239186.79100461304, 205638.5410251096, 202327.2089427337, 195460.95898840576, 199484.8749600351, 201654.0829790756, 204037.1249895543, 203490.125015378, 203238.87490667403, 252183.6250089109, 195651.74996387213, 202538.75001799315, 204173.91590308398, 202587.00009435415, 200943.41598451138, 203470.37492319942]}
