{"engine":"duckdb","workload":"insert_throughput_100k","n_rows":100000,"samples":16,"median_us":402355.958,"min_us":396502.958,"iterations_us":[402079.66696470976, 398314.66699251905, 399469.2499982193, 402709.70802521333, 405882.8330016695, 402632.2499848902, 397502.625011839, 452342.41598518565, 413764.5830051042, 410971.50003770366, 403974.00001529604, 396502.9579703696, 402844.5840231143, 397875.1669637859, 400291.58303514123, 400344.24996702]}
