{"engine":"sqlite3","workload":"insert_throughput_100k","n_rows":100000,"samples":16,"median_us":65863.084,"min_us":65182.375,"iterations_us":[68239.49998943135, 65362.58303094655, 66162.04103920609, 65785.79201595858, 65983.12500864267, 66363.58302785084, 65940.37503236905, 65595.83399211988, 65182.37496493384, 65566.37497851625, 65667.58296685293, 65516.832983121276, 66421.7920275405, 65663.95796835423, 68081.66700648144, 67711.3329875283]}
