{"engine":"duckdb","workload":"insert_throughput_100k","n_rows":100000,"samples":16,"median_us":418056.354,"min_us":414138.125,"iterations_us":[422578.58300581574, 415330.95797058195, 416339.2500486225, 415161.7089519277, 419127.58303806186, 456932.87497852, 420254.66705672443, 415303.83296776563, 418682.4169009924, 420563.6669648811, 419760.8329122886, 417418.1669950485, 415563.45799472183, 418168.4999493882, 417944.20895166695, 414138.12490645796]}
