{"engine":"clickhouse","workload":"insert_throughput_100k","n_rows":100000,"samples":16,"median_us":658305.896,"min_us":626956.5839902498,"iterations_us":[645127.208030317, 657242.5829945132, 626956.5839902498, 640664.5409879275, 628351.0829671286, 668001.7919861712, 674427.7090183459, 663934.6670126542, 660809.0829686262, 638666.5829923004, 640410.4169923812, 653554.0419863537, 676313.4159846231, 668728.3330247737, 662798.7500396557, 659369.2080350593]}
