{"engine":"clickhouse","workload":"insert_throughput_10k","n_rows":10000,"samples":32,"median_us":61351.271,"min_us":2482.9580215737224,"iterations_us":[62144.41603515297, 63264.54202644527, 55017.70903356373, 61845.124932006, 59872.20897804946, 61671.458068303764, 68553.16692963243, 62183.16708691418, 68787.29199524969, 64617.75000207126, 61417.374992743134, 58489.875053055584, 70326.62502024323, 59626.29208806902, 65824.91693552583, 62707.665958441794, 4971.958929672837, 60938.833048567176, 62029.499909840524, 68759.83299687505, 59478.792012669146, 2482.9580215737224, 60135.167092084885, 58561.83392461389, 61285.1670011878, 71279.16696481407, 62631.00006617606, 59710.16699913889, 4769.125021994114, 4380.583064630628, 3274.208982475102, 60710.082994773984]}
