{"engine":"clickhouse","workload":"insert_throughput_1m","n_rows":1000000,"samples":32,"median_us":6513216.812,"min_us":6386916.41704645,"iterations_us":[6479363.083024509, 6386916.41704645, 6517262.249952182, 6518886.915990151, 6671583.374962211, 6522217.707941309, 6539233.874995261, 6433218.875085004, 6498913.874966092, 6511437.833076343, 6469510.25002636, 6451430.7079371065, 6520418.66700165, 6443885.000073351, 6548466.540989466, 6438934.29194577, 6504636.792000383, 6470893.625053577, 6541166.500071995, 6516819.165903144, 6482296.709087677, 6535102.124908008, 6550947.082927451, 6561443.874961697, 6451809.207908809, 6514995.791018009, 6502162.083052099, 6526389.540988021, 6518038.500100374, 6542458.417010494, 6394650.332978927, 6472248.95900581]}
