{"engine":"duckdb","workload":"insert_throughput_10k","n_rows":10000,"samples":16,"median_us":62551.292,"min_us":61870.000,"iterations_us":[71165.0830344297, 62615.79197598621, 63010.83299331367, 63365.74995657429, 63278.916000854224, 62425.45798886567, 62796.45796166733, 62442.74997152388, 62451.6669777222, 62624.1669524461, 62486.792041454464, 61870.00003410503, 62116.79201805964, 62063.66699188948, 63659.4170355238, 62056.08299933374]}
