{"engine":"clickhouse","workload":"insert_throughput_10k","n_rows":10000,"samples":16,"median_us":60544.375,"min_us":54908.249992877245,"iterations_us":[69766.75003534183, 62240.707979071885, 58524.042018689215, 62650.625011883676, 60759.541986044496, 59574.91701701656, 65338.70898419991, 56579.79100942612, 65321.50000566617, 54908.249992877245, 65822.66697660089, 60329.20797588304, 57326.50001300499, 65311.12495576963, 57132.74999288842, 57603.50002674386]}
