{"engine":"duckdb","workload":"insert_throughput_1m","n_rows":1000000,"samples":16,"median_us":3980239.021,"min_us":3932824.541,"iterations_us":[4009341.7500611395, 3945956.5409924835, 3993786.1249782145, 3977306.249900721, 3932824.540999718, 4055088.5839620605, 4017648.375011049, 3977932.1249807253, 3986050.958978012, 3989348.3329797164, 3971753.5000527278, 3967722.4589977413, 3982545.9169223905, 3945962.5830641016, 4073864.542064257, 3961975.959013216]}
