{"engine":"sqlite3","workload":"insert_throughput_100k","n_rows":100000,"samples":32,"median_us":66586.437,"min_us":66082.958,"iterations_us":[66895.45803237706, 67067.54106562585, 66526.0839741677, 66280.41598014534, 66247.95799143612, 66157.6249403879, 66754.91703208536, 67448.66701774299, 67007.04095419496, 66418.91703475267, 67013.04099988192, 66730.12499231845, 66128.74998245388, 67029.66697048396, 67123.20796214044, 66626.37507542968, 66858.54203533381, 66340.62505327165, 67163.6670595035, 66596.7499371618, 66243.58403496444, 66115.333000198, 66483.29098243266, 66576.12498383969, 66252.12507788092, 66985.04206724465, 101374.20799583197, 66250.45801047236, 66121.95796333253, 66082.95801561326, 66395.58402821422, 66687.04107869416]}
