{"engine":"clickhouse","workload":"insert_throughput_10k","n_rows":10000,"samples":32,"median_us":62667.792,"min_us":2457.4579438194633,"iterations_us":[79743.16703621298, 55188.58402501792, 65537.70799655467, 68549.91696309298, 61398.375080898404, 69142.08305533975, 63438.20795882493, 63426.62498354912, 60810.75000111014, 58329.875115305185, 66103.79193443805, 67763.91598396003, 4802.1250404417515, 64954.54197283834, 64720.12505400926, 65519.29097622633, 2457.4579438194633, 2880.8750212192535, 66925.41600205004, 62623.7919786945, 63746.374915353954, 67017.5839914009, 57338.70796393603, 59621.917083859444, 3533.4579879418015, 60274.54196009785, 61297.499923966825, 59444.62493062019, 64278.915990144014, 59620.04198227078, 62711.791950277984, 4613.500088453293]}
