{"engine":"postgres17","workload":"insert_throughput_10k","n_rows":10000,"samples":16,"median_us":52969.604,"min_us":46217.125,"iterations_us":[67501.12504232675, 58522.29194715619, 52170.54195236415, 47534.165903925896, 52767.12495833635, 52185.62495429069, 51169.45900954306, 46217.12502557784, 51058.33290144801, 49822.87506572902, 54111.33298184723, 53172.083920799196, 54667.08296444267, 56827.9589060694, 54592.41708740592, 53412.04104479402]}
