{"engine":"clickhouse","workload":"insert_throughput_100k","n_rows":100000,"samples":16,"median_us":641930.646,"min_us":597156.7910164595,"iterations_us":[610339.2919758335, 643462.5419788063, 612792.7500056103, 627841.9159352779, 664964.6250298247, 692251.2090532109, 652976.8749605864, 598430.9159684926, 653723.2090486214, 638525.6249923259, 647187.2499678284, 640398.749965243, 597156.7910164595, 663597.5000681356, 671334.4170711935, 627595.9579506889]}
