{"engine":"sqlite3","workload":"insert_throughput_1m","n_rows":1000000,"samples":16,"median_us":592366.063,"min_us":588251.583,"iterations_us":[588942.2499458306, 589020.2499576844, 593173.4999758191, 738465.9579838626, 605473.2089978643, 591258.5830083117, 596326.3339945115, 589598.0839850381, 590479.2079818435, 591954.4160133228, 589198.7080103718, 592777.7090109885, 604555.3750009276, 598309.1249945574, 595069.1249454394, 588251.5829871409]}
