{"engine":"duckdb","workload":"insert_throughput_10k","n_rows":10000,"samples":16,"median_us":66418.146,"min_us":65617.292,"iterations_us":[72857.74999763817, 65617.29195527732, 66868.29205136746, 66101.79098788649, 65919.49996072799, 66183.49999189377, 66619.79202181101, 66212.00009249151, 66940.0830520317, 66974.20799173415, 66024.29097983986, 66216.5000103414, 67218.58400851488, 66909.16698426008, 65951.70800574124, 67697.0409695059]}
