{"engine":"postgres17","workload":"insert_throughput_10k","n_rows":10000,"samples":16,"median_us":50503.333,"min_us":48349.750,"iterations_us":[61076.74998929724, 53865.54199503735, 52965.54195228964, 51390.08298283443, 50877.332978416234, 49634.58300335333, 50319.91598661989, 50080.624991096556, 50051.62500310689, 51475.58299358934, 50293.91701100394, 52135.99995477125, 49935.416027437896, 48349.74999539554, 49479.45801541209, 50686.74997892231]}
