{"engine":"postgres17","workload":"insert_throughput_100k","n_rows":100000,"samples":16,"median_us":196401.479,"min_us":181551.375,"iterations_us":[240890.292043332, 196387.70795427263, 196415.2500149794, 184402.0839780569, 193092.25003235042, 193562.1249722317, 194955.957995262, 197419.4580106996, 198027.62498147786, 196360.29098182917, 196921.9580059871, 243933.70898906142, 181551.37496069074, 193637.7910315059, 196887.9170017317, 196820.9999613464]}
