{"engine":"sqlite3","workload":"insert_throughput_10k","n_rows":10000,"samples":16,"median_us":18748.729,"min_us":18262.583,"iterations_us":[19078.082987107337, 18752.917007077485, 18810.958019457757, 18502.708000596613, 18262.58300570771, 18549.41697092727, 18885.12499863282, 18575.29196422547, 18844.16601387784, 18824.70800774172, 18524.45799158886, 18834.74999340251, 18574.33299301192, 18506.833992432803, 19811.749982181937, 18744.541972409934]}
