{"engine":"clickhouse","workload":"insert_throughput_1m","n_rows":1000000,"samples":32,"median_us":6454414.896,"min_us":6373333.041090518,"iterations_us":[6511295.333970338, 6438351.540942676, 6488072.333973832, 6377151.749911718, 6478631.749982014, 6446951.208985411, 6460354.040958919, 6458754.166029394, 6385788.957937621, 6469326.582970098, 6440599.6249988675, 6456020.166981034, 6457240.58302585, 6373333.041090518, 6504687.999957241, 6513511.292054318, 6452809.624955989, 6529519.0420001745, 6440713.167074136, 6531871.875049546, 6524317.458970472, 6478373.374906369, 6464757.457957603, 6414845.33296898, 6403678.4580675885, 6394642.375060357, 6495888.416888192, 6427931.374986656, 6375967.708067037, 6452524.2920499295, 6400558.708934113, 6404413.874959573]}
