{"engine":"sqlite3","workload":"insert_throughput_1m","n_rows":1000000,"samples":32,"median_us":717056.583,"min_us":708974.041,"iterations_us":[716859.5829280093, 723230.6670630351, 848549.0420134738, 721639.2089612782, 787271.042005159, 714515.500003472, 727341.250050813, 724270.0000060722, 708974.0410447121, 710349.4589682668, 710607.6249619946, 727434.7500642762, 718527.6659438387, 711507.7079506591, 715411.416022107, 716529.8749459907, 717481.2500597909, 720729.5420812443, 717082.6660003513, 715818.3340216056, 713589.5419633016, 713964.7499425337, 726601.2500040233, 721333.1250241026, 713375.708903186, 717030.4999453947, 716584.249981679, 722065.4580742121, 723061.874974519, 714163.6669402942, 718072.2500197589, 711538.2920019329]}
