{"engine":"sqlite3","workload":"insert_throughput_1m","n_rows":1000000,"samples":32,"median_us":696745.959,"min_us":689548.875,"iterations_us":[768067.582976073, 700193.9589390531, 690439.9580089375, 691728.9580451325, 701687.1249070391, 697422.584053129, 698327.7080580592, 769161.4159848541, 722812.0419895276, 698553.4580890089, 695127.7500484139, 696567.5830142573, 702438.4160758927, 689548.8749723881, 690912.8749975935, 695513.500017114, 697488.4580122307, 699405.6670228019, 693863.8749998063, 692319.3749971688, 697131.4589027315, 697013.4159782901, 696924.3340427056, 693203.5420322791, 689678.5839926451, 691153.9579741657, 699050.9169409052, 694234.9580349401, 698505.7919519022, 692117.709084414, 690206.62503317, 692176.6670420766]}
