{"engine":"sqlite3","workload":"insert_throughput_1m","n_rows":1000000,"samples":32,"median_us":721664.854,"min_us":713589.708,"iterations_us":[722561.5000352263, 723295.9578977898, 778346.7910485342, 721143.0419702083, 721632.0830630139, 717734.583071433, 726940.8339634538, 720809.7920520231, 720705.0420111045, 713720.4590253532, 715697.0000360161, 727777.999942191, 721784.2090176418, 713589.7080879658, 718248.7499667332, 714303.8338981569, 721697.6250056177, 723716.0420045257, 718749.3749661371, 722850.2919897437, 718826.5420263633, 717683.0829121172, 729708.332917653, 722145.0000070035, 716377.2500352934, 755487.3749613762, 734742.3330647871, 732668.0000405759, 916051.7500713468, 736685.5420405045, 717359.6669454128, 721414.5000325516]}
