{"engine":"postgres17","workload":"insert_throughput_100k","n_rows":100000,"samples":32,"median_us":205649.375,"min_us":196354.750,"iterations_us":[235111.00001633167, 202804.50000427663, 207087.58407272398, 208920.45903019607, 207118.8340196386, 209743.33304911852, 197716.04193374515, 196969.58409622312, 203989.4589688629, 275736.7080776021, 210017.4999795854, 248378.9169928059, 228791.54107067734, 212872.37503565848, 200995.50008308142, 199955.33407200128, 202984.20800827444, 205257.37502612174, 204269.66703962535, 205373.24994802475, 206374.33393858373, 207364.83298242092, 204168.49991306663, 196354.74996175617, 202267.33305025846, 203332.8750403598, 210647.08300400525, 205925.5000203848, 206732.75005538017, 204235.7079917565, 207837.54205331206, 205278.95796112716]}
