{"engine":"duckdb","workload":"insert_throughput_100k","n_rows":100000,"samples":32,"median_us":425065.438,"min_us":419673.583,"iterations_us":[422211.12502738833, 420176.3749588281, 423566.45804829895, 424199.83306899667, 425747.66697362065, 466390.87493531406, 425318.1250533089, 426277.58299931884, 428042.45895240456, 423660.3749450296, 425645.16700804234, 420935.0000601262, 426560.1250808686, 426257.7500194311, 420036.832918413, 420695.70801686496, 430417.45794471353, 435361.0419202596, 427450.4160275683, 427034.12496484816, 419673.58300462365, 424512.9170594737, 421375.2920040861, 428062.79193609953, 420907.5829712674, 427602.7500163764, 424812.74995952845, 420384.54208523035, 421762.87493202835, 419801.5419533476, 426832.7089957893, 426665.3750091791]}
