{"engine":"duckdb","workload":"insert_throughput_1m","n_rows":1000000,"samples":32,"median_us":4022225.437,"min_us":3973116.375,"iterations_us":[4031331.083038822, 3997523.249941878, 3973116.375040263, 4017968.1660374627, 4069317.667046562, 4036654.2919073254, 3987781.708012335, 3983539.041946642, 3989129.6250279993, 4039705.333998427, 4023159.8749523982, 4042304.874979891, 4021290.999953635, 4031495.2089684084, 4032530.3750578314, 4023324.124980718, 4010434.541036375, 4009066.416998394, 3979167.7920147777, 3980804.708087817, 4011132.8329658136, 4176865.54195825, 4049045.249936171, 4042675.207951106, 4014214.124996215, 4059862.249996513, 4062152.0419372246, 4013785.499962978, 3977733.3330130205, 4101571.2909866124, 4087270.125048235, 4014418.3749798685]}
