{"engine":"postgres17","workload":"insert_throughput_1m","n_rows":1000000,"samples":16,"median_us":2075944.167,"min_us":2024095.125,"iterations_us":[2080176.7079974525, 2087040.6670146622, 2024095.1249725185, 2081612.2079850174, 2068331.3329936936, 2085889.7090074606, 2110051.4589925297, 2071711.62503073, 2084361.4579644054, 2040375.4999861121, 2083424.583019223, 2066375.7920265198, 2058171.2079583667, 2051783.0839962699, 2082342.7499854006, 2024915.9999657422]}
