{"engine":"sqlite3","workload":"insert_throughput_100k","n_rows":100000,"samples":16,"median_us":62370.521,"min_us":61688.291,"iterations_us":[64756.999956443906, 62364.667013753206, 62888.12501588836, 62465.29199415818, 62031.000037677586, 62715.41601745412, 62562.16700421646, 62015.0410104543, 62017.87502504885, 62457.00002182275, 62376.37501908466, 61688.29096714035, 62749.16703114286, 61992.542003281415, 62014.91696992889, 61712.166003417224]}
