{"engine":"sqlite3","workload":"insert_throughput_1m","n_rows":1000000,"samples":16,"median_us":623804.417,"min_us":615679.208,"iterations_us":[615679.2079564184, 619342.7919643, 652700.3750088625, 664881.7499517463, 678920.9579583257, 623534.5830209553, 620093.7500107102, 623926.1250011623, 623580.9579957277, 658813.0830205046, 677970.208984334, 623682.709003333, 618208.3750027232, 621029.7920042649, 650944.4169932976, 665395.6249938346]}
