{"engine":"postgres17","workload":"insert_throughput_1m","n_rows":1000000,"samples":16,"median_us":2932005.709,"min_us":2188031.500,"iterations_us":[2427045.749966055, 2752487.7910036594, 2188031.5000307746, 3153562.416031491, 2585795.084014535, 3092034.8330400884, 3089584.500005003, 2452574.7500010766, 3049879.41600848, 3387690.3749769554, 2220238.5420096107, 2928879.374987446, 3744521.332962904, 2543644.791992847, 2935132.0420391858, 3255640.04102489]}
