{"engine":"sqlite3","workload":"insert_throughput_100k","n_rows":100000,"samples":16,"median_us":64278.062,"min_us":62506.208,"iterations_us":[62902.91697951034, 68108.4169773385, 69837.95802807435, 69035.91699665412, 69922.91600909084, 70243.83300449699, 75924.04203023762, 64443.83302005008, 62870.334018953145, 64541.45803581923, 62506.208021659404, 63495.7910515368, 64112.291962374, 63007.66597269103, 62846.91602922976, 62828.54196615517]}
