{"engine":"postgres17","workload":"insert_throughput_100k","n_rows":100000,"samples":16,"median_us":179945.916,"min_us":174610.167,"iterations_us":[281982.6249615289, 190627.2919732146, 183387.95797899365, 181660.95798369497, 188747.75001313537, 183299.79199916124, 174610.16698507592, 178491.5829775855, 180524.87500244752, 179366.95797834545, 178470.2500444837, 177938.4589754045, 178034.66698387638, 181268.4999895282, 179175.66699907184, 178232.08397021517]}
