{"engine":"duckdb","workload":"insert_throughput_1m","n_rows":1000000,"samples":32,"median_us":4020896.688,"min_us":3973720.125,"iterations_us":[4030845.499946736, 4022315.3749248013, 4012924.457900226, 4017748.3749575913, 4027248.5840832815, 4046228.7499103695, 3996315.374970436, 4139343.0409953, 3973720.125039108, 3998425.3749717027, 4015320.625039749, 4001198.000041768, 4008788.291946985, 4015117.0000899583, 4006905.5419880897, 4080708.2910323516, 4100523.7499484792, 3994249.4579590857, 4012903.9579769596, 4050357.6669143513, 4041952.917003073, 4028936.9999663904, 4054930.8749614283, 4052331.3329322264, 4163768.209051341, 4002200.5420178175, 4102684.8329929635, 4154868.8750481233, 4019995.875074528, 4021797.4999686703, 4000848.9589672536, 4011934.999958612]}
