{"engine":"postgres17","workload":"insert_throughput_10k","n_rows":10000,"samples":16,"median_us":52152.833,"min_us":45459.334,"iterations_us":[65938.62501904368, 54593.9999865368, 53312.750009354204, 53150.37496620789, 53260.583023075014, 50027.87499688566, 55928.08302026242, 51278.207974974066, 52934.12500759587, 53149.333980400115, 49026.58297214657, 51371.54198018834, 49518.16698303446, 45459.33398185298, 47357.29197273031, 48539.29200908169]}
