{"engine":"duckdb","workload":"insert_throughput_1m","n_rows":1000000,"samples":16,"median_us":3815339.020,"min_us":3757434.333,"iterations_us":[3879387.5420233235, 3793363.0410116166, 3814523.290959187, 3777113.958960399, 3823868.0829526857, 3816154.7500058077, 3816915.2080081403, 3881071.45804679, 3793948.2079818845, 3786363.999999594, 3812512.249976862, 3853293.2499656454, 3757434.3330343254, 3850067.624996882, 3822537.707979791, 3796449.2920436896]}
