{"engine":"sqlite3","workload":"insert_throughput_100k","n_rows":100000,"samples":16,"median_us":60283.437,"min_us":59576.875,"iterations_us":[61754.95800562203, 60804.87498547882, 60540.75004067272, 60322.0000048168, 60326.20900077745, 60642.45803281665, 59774.499968625605, 59576.87500631437, 60519.87496903166, 60968.16703211516, 59924.91700453684, 60103.83303510025, 59702.874976210296, 60244.87497052178, 59711.000008974224, 60225.70899222046]}
