{"engine":"duckdb","workload":"insert_throughput_10k","n_rows":10000,"samples":32,"median_us":66428.000,"min_us":64987.792,"iterations_us":[77560.91596093029, 66231.12491797656, 66481.6660573706, 66077.37496960908, 66208.58306996524, 66418.29200088978, 66620.7909816876, 66978.45901362598, 66821.5419864282, 66453.75001244247, 65529.2080482468, 65756.16705231369, 65472.20889478922, 65098.33305608481, 65903.9169549942, 67000.45801699162, 66434.08304080367, 66423.83302096277, 66690.79198036343, 66182.99998808652, 67584.95897520334, 66279.66708038002, 66125.33307634294, 66497.29097262025, 67439.29197546095, 66432.16602969915, 64987.79193498194, 67077.45895255357, 66565.49999024719, 68110.75005680323, 65915.7499903813, 66360.66606733948]}
