{"engine":"postgres17","workload":"insert_throughput_10k","n_rows":10000,"samples":16,"median_us":50574.416,"min_us":46754.875,"iterations_us":[59857.0000147447, 56768.16700724885, 53729.3340312317, 50451.99999585748, 46754.87498752773, 48987.66701808199, 54514.249961357564, 53073.49999202415, 54308.62499633804, 48840.37503506988, 50228.165986482054, 50696.83300098404, 52135.457983240485, 49189.459008630365, 50352.999998722225, 49747.916986234486]}
