{"engine":"sqlite3","workload":"insert_throughput_10k","n_rows":10000,"samples":32,"median_us":20418.187,"min_us":19594.167,"iterations_us":[26577.416923828423, 33663.91605231911, 25749.374995939434, 21788.832964375615, 20491.625065915287, 20094.458013772964, 20465.957932174206, 19594.167009927332, 20101.999980397522, 20105.45798111707, 20145.834074355662, 20973.125007003546, 20523.542072623968, 20593.29196345061, 20320.542040280998, 19968.667067587376, 20766.29106886685, 20428.166957572103, 19887.4999769032, 20542.291924357414, 20062.749972566962, 20187.74999305606, 20351.707935333252, 20637.791021727026, 20988.833042792976, 20220.375037752092, 20949.166966602206, 20408.208016306162, 19706.70896116644, 20304.333069361746, 19695.70794608444, 20620.916970074177]}
