{"engine":"sqlite3","workload":"insert_throughput_10k","n_rows":10000,"samples":16,"median_us":20138.958,"min_us":19831.542,"iterations_us":[25923.084001988173, 20136.999897658825, 20664.33394793421, 20434.541045688093, 20052.374922670424, 21024.041925556958, 19997.62491323054, 19944.041967391968, 20496.124983765185, 19931.99996650219, 20140.917040407658, 19931.375049054623, 20356.66594747454, 19831.54204208404, 19948.959001339972, 20490.25008454919]}
