{"engine":"postgres17","workload":"insert_throughput_1m","n_rows":1000000,"samples":32,"median_us":2196203.604,"min_us":2158268.791,"iterations_us":[2311443.250044249, 2158268.791041337, 2211675.624945201, 2189725.6249794737, 2298547.000042163, 2180662.541068159, 2177525.500068441, 2213233.7499642745, 2205968.8749723136, 2196205.332991667, 2212549.20901265, 2192348.999902606, 2211399.2500817403, 2213044.916978106, 2196201.8749909475, 2194155.332981609, 2208842.3329405487, 2219558.95901192, 2178910.3329647332, 2273267.4579601735, 2173948.416020721, 2305113.2920663804, 2184224.1670237854, 2188076.5419919044, 2195543.291978538, 2182855.499908328, 2181780.0829885527, 2208949.499996379, 2185786.1659955233, 2195996.3330300525, 2218535.958090797, 2201587.6669902354]}
