{"engine":"duckdb","workload":"insert_throughput_10k","n_rows":10000,"samples":32,"median_us":67925.813,"min_us":66905.166,"iterations_us":[86545.08297331631, 69506.08303304762, 70515.95801021904, 68979.5840298757, 68123.70894476771, 67609.2499634251, 67589.12501391023, 67869.70794200897, 67680.20894378424, 69028.79197150469, 66905.16602247953, 68309.70908049494, 67431.37503508478, 67756.0829790309, 67772.91605249047, 68690.58299344033, 67887.0000410825, 67530.9170037508, 67762.25008070469, 67964.62507918477, 68142.16601196676, 66977.66704019159, 67795.8750165999, 67807.16602224857, 67410.04204377532, 68005.79093396664, 90287.49994467944, 70994.08295471221, 71167.33305156231, 68952.75006536394, 70069.37498226762, 67246.12507969141]}
