{"engine":"clickhouse","workload":"insert_throughput_100k","n_rows":100000,"samples":32,"median_us":652676.958,"min_us":593040.2500089258,"iterations_us":[650023.8750595599, 652162.0419807732, 656870.2498916537, 654587.5410083681, 660946.4170178398, 652800.0000398606, 593040.2500089258, 603273.541899398, 652118.4591110796, 639318.0841114372, 620621.2079850957, 664585.0839558989, 652743.9579367638, 645277.6659280062, 654090.8340830356, 654895.0420692563, 660479.5419843867, 645188.7919101864, 651152.0410422236, 649888.6669287458, 660010.3339878842, 652443.5830069706, 660546.5000029653, 648494.082968682, 655253.7910174578, 649816.0000192001, 662960.3750770912, 652609.9579641595, 667694.0420875326, 653950.4999527708, 647112.3750088736, 659049.5000127703]}
