{"engine":"postgres17","workload":"insert_throughput_1m","n_rows":1000000,"samples":16,"median_us":2108268.167,"min_us":2072515.458,"iterations_us":[2183177.6250037365, 2090806.1250229366, 2116680.749983061, 2112253.2499721274, 2123183.000017889, 2113409.3750151806, 2107611.99996341, 2124599.375005346, 2108980.9160330333, 2101561.292016413, 2078536.4169860259, 2104695.8749648184, 2084921.9159572385, 2102476.249972824, 2072515.458043199, 2108924.333995674]}
