{"engine":"duckdb","workload":"insert_throughput_1m","n_rows":1000000,"samples":16,"median_us":3929789.354,"min_us":3897801.750,"iterations_us":[3941515.7919866033, 3960550.4579958506, 3924780.6670027785, 3928485.249984078, 3897801.7499903217, 3931093.458959367, 3901891.4999905974, 3923406.874993816, 3900031.5410085022, 3902796.624985058, 3933512.583025731, 3935705.9170142747, 3916603.5839589313, 3937274.7089946643, 3962157.9170343466, 3954899.7079837136]}
