{"engine":"clickhouse","workload":"insert_throughput_1m","n_rows":1000000,"samples":16,"median_us":6530640.313,"min_us":6469143.124995753,"iterations_us":[6515386.124956422, 6502726.000035182, 6552643.707953393, 6498066.166997887, 6545180.708984844, 6553209.417033941, 6469143.124995753, 6581820.540945046, 6550750.790978782, 6511593.583971262, 6620962.208951823, 6496683.166944422, 6516099.917003885, 6487291.625002399, 6605813.125032, 6591111.958026886]}
