{"engine":"sqlite3","workload":"insert_throughput_1m","n_rows":1000000,"samples":32,"median_us":693853.521,"min_us":687523.167,"iterations_us":[703290.5829837546, 695462.3330384493, 693336.7089368403, 690220.7499369979, 687523.1669982895, 700147.6250588894, 702958.4590345621, 694253.6670248955, 707749.0841038525, 693239.7920172662, 693510.4168951511, 706097.8329973295, 706349.8749630526, 692749.1669775918, 691805.6249851361, 690442.4580279738, 694231.1659222469, 702227.2079484537, 695370.9170920774, 691756.7919008434, 692509.9999643862, 687611.166969873, 700206.7500725389, 696207.0410372689, 691200.4579789937, 692821.0000041872, 692285.9590267763, 694118.583924137, 702359.1669276357, 693588.4580016136, 692805.5409807712, 766428.708913736]}
