{"engine":"postgres17","workload":"insert_throughput_10k","n_rows":10000,"samples":16,"median_us":46620.708,"min_us":42736.875,"iterations_us":[77313.54201678187, 61375.95803011209, 55691.08296185732, 49216.20897948742, 48330.499965231866, 47083.2500141114, 46892.08295894787, 46874.9160063453, 45220.62500473112, 44741.62496626377, 45102.41700336337, 46366.49996973574, 44114.04096754268, 43764.1249736771, 42736.87500972301, 44097.66604658216]}
