{"engine":"duckdb","workload":"insert_throughput_10k","n_rows":10000,"samples":16,"median_us":66232.479,"min_us":64169.458,"iterations_us":[66197.75004219264, 66692.6660342142, 65161.83400526643, 64169.45805540308, 64755.20902313292, 65626.8330058083, 66816.87501259148, 67363.83400857449, 65989.62499992922, 66419.33298669755, 66338.08399783447, 67558.33397619426, 66008.33300035447, 66267.2080215998, 66785.45795148239, 65993.70803451166]}
