{"engine":"sqlite3","workload":"insert_throughput_100k","n_rows":100000,"samples":16,"median_us":64601.563,"min_us":63827.833,"iterations_us":[64972.95806184411, 65117.37499386072, 64129.41706366837, 64249.54195972532, 64661.24998405576, 64387.665945105255, 64754.95803169906, 63827.8330443427, 64417.79201850295, 65107.83301200718, 65091.875032521784, 64541.87503550202, 64485.541079193354, 65553.79193741828, 65121.16699013859, 64493.74998919666]}
