{"engine":"duckdb","workload":"insert_throughput_10k","n_rows":10000,"samples":32,"median_us":68139.229,"min_us":66822.083,"iterations_us":[71203.45800649375, 68976.95793304592, 68323.20801913738, 69776.79196279496, 68132.62507785112, 68096.49989008904, 68165.082950145, 67921.9999583438, 66852.2089254111, 68142.6249211654, 66822.08296842873, 67822.29198142886, 68615.62503036112, 69393.1250134483, 66895.33300232142, 67579.1670801118, 68494.87498402596, 67159.45899486542, 67437.75005452335, 68254.58293315023, 67579.45800200105, 68135.83290204406, 68223.33298623562, 68370.54097559303, 67792.1250462532, 68434.29198488593, 106990.95798190683, 67315.20895846188, 68346.24998737127, 67571.16701919585, 68666.70795716345, 66892.54206139594]}
