{"engine":"postgres17","workload":"insert_throughput_10k","n_rows":10000,"samples":32,"median_us":54427.979,"min_us":52239.792,"iterations_us":[64028.33398897201, 63946.58295903355, 56851.75000689924, 53730.249986983836, 54916.12490732223, 53818.290936760604, 52944.16600372642, 56391.33299700916, 53515.000035986304, 55502.790957689285, 56266.00002869964, 53703.750018030405, 53968.540974892676, 52785.416948609054, 52239.792072214186, 53537.6250045374, 53579.62509151548, 56061.499984934926, 53630.83304837346, 53557.16694612056, 55541.499983519316, 57152.791996486485, 53471.33299801499, 54290.37497378886, 57349.25006981939, 52645.333926193416, 82172.12499585003, 56962.709059007466, 57349.625043570995, 53538.33292610943, 57204.41706944257, 54565.583006478846]}
