{"engine":"duckdb","workload":"insert_throughput_100k","n_rows":100000,"samples":32,"median_us":419186.562,"min_us":412143.208,"iterations_us":[414761.2079977989, 414669.25002168864, 419428.33294160664, 422781.87500778586, 420298.2080169022, 412143.2079700753, 415389.2919421196, 415073.0000110343, 419626.4169877395, 420514.37497138977, 419747.54200782627, 420327.5420004502, 416456.04092627764, 429203.4169193357, 463931.58403225243, 421632.1249259636, 418307.2909945622, 420580.5000383407, 417446.7909615487, 445562.6669805497, 431474.5420124382, 423014.75000567734, 422912.37495373935, 414517.4999721348, 417924.8330183327, 416403.2079279423, 414585.62505431473, 418944.7920070961, 418170.95794249326, 413699.7919995338, 413243.66710614413, 420332.0830129087]}
