{"engine":"clickhouse","workload":"insert_throughput_10k","n_rows":10000,"samples":32,"median_us":62186.708,"min_us":5038.4169444441795,"iterations_us":[78973.95791951567, 58852.249989286065, 66689.62491676211, 64605.95806129277, 61831.16603642702, 56118.79099160433, 59438.33303172141, 63839.54198099673, 57692.83405970782, 65314.834006130695, 64359.20798685402, 63282.54193067551, 62359.74992159754, 63395.12497652322, 59691.62494875491, 60142.83304102719, 65888.45793157816, 60909.457970410585, 56828.875094652176, 64936.12495251, 69558.95898863673, 60268.750065006316, 66350.04188865423, 5038.4169444441795, 60425.50003621727, 60193.7499595806, 66729.0419805795, 64414.833090268075, 62013.666960410774, 5241.291946731508, 62009.79196000844, 64695.8330180496]}
