{"engine":"sqlite3","workload":"insert_throughput_1m","n_rows":1000000,"samples":16,"median_us":667361.959,"min_us":661574.208,"iterations_us":[662298.2079861686, 662050.0419521704, 721524.7499989346, 669691.750081256, 668917.0420868322, 662228.0000010505, 670836.9590342045, 665806.8749820814, 662835.4160347953, 672030.5839553475, 669975.2500280738, 665592.0830089599, 671137.2908903286, 663899.7499831021, 661574.2079447955, 669411.2920667976]}
