{"engine":"sqlite3","workload":"insert_throughput_100k","n_rows":100000,"samples":32,"median_us":66681.313,"min_us":65819.541,"iterations_us":[67450.00008959323, 66680.74999470264, 66251.87501776963, 65902.87503786385, 66681.87503237277, 66482.33404848725, 67683.37509129196, 66626.20895076543, 67110.16595363617, 66030.08403908461, 67223.29196054488, 66027.25002449006, 66452.45803520083, 66774.04197398573, 66226.45806055516, 66408.70799310505, 67100.6670454517, 66450.9580237791, 67532.0839509368, 66718.87496486306, 66281.70795738697, 67205.29100857675, 65819.54099237919, 66300.20798183978, 66619.87502593547, 67317.58289970458, 95604.20794878155, 68077.54200417548, 68695.9169106558, 68056.20796512812, 67398.58305081725, 66258.75004101545]}
