{"engine":"postgres17","workload":"insert_throughput_100k","n_rows":100000,"samples":16,"median_us":208141.625,"min_us":197126.125,"iterations_us":[239331.79199229926, 203201.37502858415, 204734.91598386317, 197126.12498551607, 203079.3339945376, 206318.45900788903, 197523.87498738244, 203315.3340453282, 209964.7909635678, 227523.4169792384, 200837.41599228233, 211472.833994776, 226909.33296689764, 228888.1249842234, 233884.1669843532, 238611.29203578457]}
