{"engine":"duckdb","workload":"insert_throughput_1m","n_rows":1000000,"samples":32,"median_us":4073238.417,"min_us":3999267.250,"iterations_us":[4078207.707963884, 4060087.332967669, 4028142.7919398993, 4029555.832967162, 4071073.582977988, 4020740.8340647817, 4112185.792066157, 4020591.7090643197, 4054949.0000121295, 4121866.2499450147, 4160014.24996648, 4056329.0420686826, 4061498.5829452053, 4033184.8750356585, 4022468.209033832, 4062844.04208418, 4130034.708068706, 4164928.916026838, 4098139.083944261, 4082474.9170569703, 4162661.9590679184, 4179328.7080945447, 4076282.0419622585, 4051992.957945913, 4085901.3749286532, 4075403.2500553876, 4029940.9170402214, 4089495.2079979703, 4127967.8749851882, 4088982.5000194833, 4048088.7920130044, 3999267.250066623]}
