{"engine":"sqlite3","workload":"insert_throughput_10k","n_rows":10000,"samples":16,"median_us":17912.437,"min_us":17596.333,"iterations_us":[20563.250000122935, 18183.999985922128, 17877.20900028944, 17973.790992982686, 17824.458016548306, 17834.83399776742, 17907.08297630772, 17751.874984242022, 17769.79200076312, 18115.708022378385, 17917.79202176258, 17596.332996618003, 19139.16604826227, 18095.542036462575, 18088.41701131314, 17757.499997969717]}
