{"engine":"clickhouse","workload":"insert_throughput_1m","n_rows":1000000,"samples":32,"median_us":6495017.583,"min_us":6321550.416992977,"iterations_us":[6592912.459047511, 6519851.834047586, 6429822.54200615, 6457838.166039437, 6534233.583020978, 6517760.624992661, 6458637.707983144, 6428673.541988246, 6509009.500034153, 6459580.1659161225, 6540654.334006831, 6463378.124986775, 6321550.416992977, 6531400.7920678705, 6563173.375092447, 6517106.167040765, 6498672.791058198, 6388915.791991167, 6519970.917026512, 6468820.499954745, 6537393.459002487, 6585763.458046131, 6491358.00008662, 6476312.082959339, 6483006.916940212, 6489874.49996639, 6584080.417058431, 6376713.417004794, 6572857.875027694, 6457643.207977526, 6491362.374974415, 6585668.792016804]}
