{"engine":"duckdb","workload":"insert_throughput_100k","n_rows":100000,"samples":16,"median_us":402548.646,"min_us":392987.084,"iterations_us":[406884.58300428465, 404601.24996025115, 404699.0420320071, 433815.50000049174, 434118.542005308, 405839.9169589393, 400496.04198429734, 392987.0839929208, 396284.416958224, 395201.3339730911, 408171.8330271542, 406619.4160259329, 396873.33296751603, 394206.74997381866, 396928.95801272243, 394534.4579988159]}
