{"engine":"sqlite3","workload":"insert_throughput_10k","n_rows":10000,"samples":32,"median_us":21130.604,"min_us":20217.750,"iterations_us":[22910.333005711436, 22146.792034618556, 22564.291022717953, 22446.874994784594, 21933.082956820726, 21788.41596469283, 22102.957940660417, 21617.457969114184, 21939.20803256333, 21349.458023905754, 21383.750019595027, 21304.16699219495, 20899.708033539355, 20469.79102306068, 21379.249985329807, 21736.874943599105, 21778.833004646003, 20455.91699425131, 20217.749988660216, 20957.04199746251, 20828.95895000547, 20955.624990165234, 20562.624908052385, 21319.417050108314, 20491.000032052398, 20655.00000026077, 20905.915996991098, 20826.625055633485, 20853.583002462983, 20605.00008519739, 20938.083063811064, 20810.25007646531]}
