{"engine":"clickhouse","workload":"insert_throughput_10k","n_rows":10000,"samples":16,"median_us":65689.854,"min_us":54855.79103697091,"iterations_us":[72671.54194414616, 65796.04197759181, 63447.87497073412, 61973.20797946304, 65983.0829827115, 65583.66701938212, 66592.70799718797, 59134.70801897347, 66988.91706764698, 66043.70893910527, 65874.24990721047, 67765.9580251202, 58361.1250622198, 61482.249991968274, 62496.625003404915, 54855.79103697091]}
