{"engine":"duckdb","workload":"insert_throughput_1m","n_rows":1000000,"samples":32,"median_us":4068988.313,"min_us":4004525.708,"iterations_us":[4229690.333013423, 4091787.541983649, 4027154.2500704527, 4086686.708033085, 4056743.249995634, 4065816.5409695357, 4023700.3340153024, 4078658.708021976, 4170631.290995516, 4117998.9589145407, 4067751.9590826705, 4010181.5840462223, 4030882.0420177653, 4059935.958008282, 4153004.4589890167, 4065099.0419089794, 4152159.2090139166, 4140564.7499486804, 4068056.375021115, 4088784.374995157, 4036437.749979086, 4049468.1249838322, 4034776.2499004602, 4092296.0829921067, 4065300.2499602735, 4116010.2089634165, 4069920.2499818057, 4117323.208018206, 4092706.9160388783, 4012054.0419593453, 4004525.7080346346, 4087584.041059017]}
