{"engine":"clickhouse","workload":"insert_throughput_1m","n_rows":1000000,"samples":16,"median_us":6523147.417,"min_us":6463220.91598995,"iterations_us":[6573264.957987703, 6528003.000013996, 6507037.542003673, 6492134.000000078, 6463220.91598995, 6512478.124990594, 6483704.582962673, 6501027.167018037, 6519718.958006706, 6530850.16598925, 6491295.584011823, 6569092.791993171, 6544858.166016638, 6577833.499992266, 6532953.957968857, 6526575.875002891]}
