{"engine":"duckdb","workload":"insert_throughput_10k","n_rows":10000,"samples":32,"median_us":66890.729,"min_us":65845.750,"iterations_us":[76699.91592410952, 67009.41594317555, 65974.20899197459, 67690.66699780524, 66575.16700215638, 81731.2920698896, 68094.58299539983, 66633.29107686877, 67153.33403553814, 66988.04092593491, 66212.25003618747, 66685.79089455307, 89728.7919651717, 66864.33404684067, 67762.08290830255, 66311.33297923952, 65845.75003944337, 66888.33294901997, 67091.29095543176, 66740.12495204806, 67544.25005055964, 66893.12495291233, 66753.58407665044, 67121.66697252542, 66405.083052814, 66517.49997399747, 66994.87497098744, 66669.08296756446, 67205.49997407943, 67883.70793219656, 66849.58294499665, 66879.87502664328]}
