{"engine":"sqlite3","workload":"insert_throughput_10k","n_rows":10000,"samples":16,"median_us":19274.624,"min_us":19039.959,"iterations_us":[20762.66601216048, 19536.45801404491, 19464.459037408233, 19645.542022772133, 19080.291036516428, 19299.790961667895, 19090.167013928294, 19577.624974772334, 19166.58302070573, 19131.41697878018, 19249.457982368767, 19039.958948269486, 19152.1659726277, 19519.332970958203, 19378.791970666498, 19179.58300327882]}
