{"engine":"duckdb","workload":"insert_throughput_100k","n_rows":100000,"samples":32,"median_us":425401.417,"min_us":419333.375,"iterations_us":[436843.333998695, 426451.8750132993, 426881.41693361104, 425441.25008862466, 420253.45901492983, 475229.9999818206, 422876.2090206146, 425661.33302170783, 424396.20790537447, 421181.9999618456, 419493.08302719146, 423244.95897628367, 423187.75004241616, 427644.91599518806, 419333.3749426529, 428679.5000080019, 422045.8749914542, 454124.6249573305, 425913.8749912381, 458961.5830918774, 425486.33401747793, 423792.41704475135, 426988.0830543116, 427873.24998062104, 427750.2080658451, 419513.29191215336, 422887.9999136552, 419971.16699349135, 425361.5839406848, 422877.12497636676, 421085.3329859674, 425525.9589990601]}
