{"engine":"postgres17","workload":"insert_throughput_1m","n_rows":1000000,"samples":16,"median_us":2338392.375,"min_us":2268038.750,"iterations_us":[2409506.1250263825, 2334773.8750162534, 2278327.9580180533, 2342010.874999687, 2366971.1659895256, 2447210.7499605045, 2383941.8329880573, 2291050.7089691237, 2412632.5420220383, 2299605.54104764, 2315545.6249951385, 2500958.166026976, 2318236.6249966435, 2376097.665983252, 2323141.7919741943, 2268038.7499858625]}
