{"engine":"clickhouse","workload":"insert_throughput_10k","n_rows":10000,"samples":16,"median_us":61792.375,"min_us":56518.95795017481,"iterations_us":[76600.0000294298, 63540.29203066602, 62113.207997754216, 58021.665958222, 70845.33298620954, 60103.37499901652, 58024.91697249934, 66249.54199651256, 63077.37500173971, 61336.37501625344, 62934.8749644123, 59373.416006565094, 64351.20804235339, 56518.95795017481, 59853.20801846683, 61471.54199425131]}
