{"engine":"clickhouse","workload":"insert_throughput_100k","n_rows":100000,"samples":16,"median_us":660221.292,"min_us":631385.7089844532,"iterations_us":[653274.9159960076, 668973.250023555, 631385.7089844532, 661330.4580096155, 634830.9580353089, 665382.3330416344, 673315.9579453059, 648736.7920344695, 638420.7919472829, 670251.7499797978, 653829.6660291962, 682915.5000159517, 673021.1669928394, 673689.4170171581, 650431.9589585066, 659112.1249948628]}
