{"engine":"clickhouse","workload":"insert_throughput_1m","n_rows":1000000,"samples":16,"median_us":6495586.541,"min_us":6432384.5420149155,"iterations_us":[6432384.5420149155, 6536005.083005875, 6611638.583010063, 6558892.207976896, 6474871.791957412, 6437633.541005198, 6522138.166008517, 6476068.124989979, 6558771.249954589, 6562934.707966633, 6479248.083021957, 6581221.000000369, 6507568.457978778, 6483604.624983855, 6464603.000029456, 6469732.166966423]}
