{"engine":"sqlite3","workload":"insert_throughput_10k","n_rows":10000,"samples":16,"median_us":18366.459,"min_us":18099.958,"iterations_us":[18532.75002213195, 19020.916952285916, 18206.250038929284, 18191.790964920074, 18125.541042536497, 18554.500013124198, 18365.37499912083, 18099.958018865436, 18313.291016966105, 18275.084032211453, 18719.04102154076, 18937.834014650434, 18958.45797844231, 18367.54201212898, 18294.95799029246, 18419.208994600922]}
