{"engine":"sqlite3","workload":"insert_throughput_10k","n_rows":10000,"samples":32,"median_us":20459.479,"min_us":19689.917,"iterations_us":[25770.333013497293, 20570.040913298726, 20407.37494826317, 20339.917042292655, 20070.87494712323, 20595.58406472206, 20351.124927401543, 20499.70894586295, 20419.250009581447, 19689.91698231548, 20842.00002718717, 20633.417065255344, 20200.458937324584, 20905.62495868653, 20191.167015582323, 20340.54195974022, 20936.374901793897, 20305.334008298814, 20240.000099875033, 20528.16702052951, 19949.625013396144, 20553.625072352588, 21206.917008385062, 20245.20910345018, 20897.12501037866, 20526.04197524488, 20030.33400978893, 20698.833046481013, 19955.167081207037, 20978.66707481444, 20617.25000385195, 20114.541053771973]}
