{"engine":"postgres17","workload":"insert_throughput_1m","n_rows":1000000,"samples":16,"median_us":2183923.938,"min_us":2137790.000,"iterations_us":[2257663.8750033453, 2147816.0420665517, 2214014.3329743296, 2216008.3330236375, 2269894.5000302047, 2245053.290971555, 2293287.16697637, 2241017.834050581, 2137789.999949746, 2158232.915913686, 2156983.041903004, 2174584.6670819446, 2185558.042023331, 2182289.8340178654, 2156200.0419944525, 2151478.7500491366]}
