{"engine":"sqlite3","workload":"insert_throughput_100k","n_rows":100000,"samples":32,"median_us":64450.209,"min_us":63741.584,"iterations_us":[65289.540914818645, 64012.874965555966, 63741.58407561481, 64833.3749268204, 64542.20798332244, 64436.45805120468, 64441.417111083865, 65416.08402039856, 64685.249933972955, 64511.500066146255, 64613.41702379286, 64025.625004433095, 64216.624945402145, 64292.33402013779, 65195.332979783416, 64459.00001563132, 64138.83296772838, 64194.540958851576, 64917.16706659645, 64762.082998640835, 64752.62495223433, 64169.75008323789, 64722.875016741455, 64847.333007492125, 64120.25005556643, 64217.66697894782, 64314.20799344778, 64404.75000999868, 63935.74993126094, 65027.29200292379, 65098.83294347674, 64223.08390028775]}
