{"engine":"duckdb","workload":"insert_throughput_100k","n_rows":100000,"samples":32,"median_us":420166.542,"min_us":414800.459,"iterations_us":[430944.8330895975, 491804.37496397644, 432739.0829566866, 414800.45893695205, 420667.5000023097, 427348.4169971198, 417119.95797231793, 416542.3340164125, 422796.50003183633, 419429.0420273319, 422797.41703532636, 422253.2499115914, 417977.0000046119, 422512.1251074597, 417197.1660107374, 423215.08401073515, 421106.0830857605, 416294.25005521625, 418871.7909855768, 417266.7919192463, 420109.0839924291, 417153.8749942556, 419306.791969575, 420550.66698230803, 420224.0000013262, 419369.0000101924, 419052.62507498264, 418899.45801813155, 420616.7079973966, 429764.0420263633, 419658.20803306997, 425007.1250135079]}
