{"engine":"clickhouse","workload":"insert_throughput_100k","n_rows":100000,"samples":32,"median_us":654989.271,"min_us":594065.3330180794,"iterations_us":[642218.624940142, 652543.0830661207, 656497.9159738868, 650921.1249649525, 643472.4170248955, 664586.9589410722, 655869.7919826955, 649070.7919001579, 643402.2089233622, 674899.7500399128, 658594.7499843314, 667994.457995519, 671441.2081055343, 654108.7499354035, 648775.750072673, 654010.3750303388, 676920.9170015529, 666583.1670397893, 675434.9590046331, 644566.2500336766, 594065.3330180794, 653117.4589181319, 660075.0830257311, 610140.7500682399, 656941.3329707459, 657954.6249704435, 640698.2500338927, 649333.5419800133, 669417.5830343738, 634137.999964878, 665464.7500254214, 662334.1670492664]}
