{"engine":"clickhouse","workload":"insert_throughput_1m","n_rows":1000000,"samples":32,"median_us":6472405.854,"min_us":6350564.792053774,"iterations_us":[6447990.749962628, 6469098.54200203, 6520186.792011373, 6484056.583954953, 6510049.583972432, 6399585.708044469, 6485611.915937625, 6499605.9170225635, 6501825.124956667, 6465276.250033639, 6350564.792053774, 6497218.166012317, 6471884.416998364, 6446130.625088699, 6513174.124993384, 6432154.583046213, 6480407.916940749, 6497127.749957144, 6391495.666000992, 6457899.417029694, 6397518.08391884, 6482028.45803462, 6530646.333005279, 6531470.917048864, 6493641.791981645, 6378063.124953769, 6435982.874943875, 6458996.374974959, 6485379.958059639, 6472927.290946245, 6411632.666015066, 6459701.999905519]}
