{"engine":"duckdb","workload":"mixed_oltp_pgbench_like","n_rows":10000,"samples":32,"median_us":1316.400,"min_us":1303.854,"iterations_us":[1359.2033893801272, 1315.116250043502, 1373.7293880743284, 1309.2466662055813, 1317.01505248202, 1319.729167589685, 1311.1315100104548, 1315.7407300604973, 1303.8538025284652, 1320.7280200731475, 1309.2180213425308, 1315.78411499504, 1314.7211461910047, 1319.4338537869044, 1312.3247399926186, 1329.689583653817, 1317.2192187630571, 1319.854948669672, 1322.0879175059963, 1328.8729687337764, 1313.4461976005696, 1309.3432287860196, 1315.4942712571938, 1327.2413538652472, 1314.2308325041085, 1311.2517187255435, 1444.7785712712046, 1315.6680724932812, 1350.3661666375895, 1318.1727075425442, 1312.3517713393085, 1322.5016674550716]}
