{"engine":"duckdb","workload":"mixed_oltp_pgbench_like","n_rows":10000,"samples":16,"median_us":1225.400,"min_us":1205.317,"iterations_us":[1235.5216176879098, 1229.9809317953666, 1217.6178929204232, 1289.4621875602752, 1225.0304411795428, 1225.4204906468444, 1222.9408340884702, 1228.1284799717148, 1205.3172540960504, 1223.1702447238872, 1222.6123047088656, 1231.2230882782708, 1225.3795588142511, 1221.5576470856938, 1227.3814705857897, 1237.804852973889]}
