{"engine":"postgres17","workload":"mixed_oltp_pgbench_like","n_rows":10000,"samples":16,"median_us":10752.688,"min_us":10526.316,"iterations_us":[10989.010989010989, 10989.010989010989, 10526.315789473685, 10752.68817204301, 10869.565217391304, 10869.565217391304, 10752.68817204301, 10752.68817204301, 10869.565217391304, 10752.68817204301, 10638.297872340425, 10752.68817204301, 10869.565217391304, 10752.68817204301, 10638.297872340425, 10869.565217391304]}
