{"engine":"sqlite3","workload":"mixed_oltp_pgbench_like","n_rows":10000,"samples":32,"median_us":375.995,"min_us":373.023,"iterations_us":[380.23925193225625, 376.7341319331549, 375.9975248380543, 373.1808768943258, 376.17258757310816, 385.2780127020266, 374.9766011301901, 373.7207089460441, 373.99752798782134, 376.1585526556981, 374.1444495972246, 374.63008397460374, 376.4220394799836, 375.45024850857516, 374.6133861948611, 373.5847794624574, 377.30916353341723, 382.06325755736816, 394.2863519329167, 378.45715826125183, 406.1776374827229, 381.8446564584089, 375.2906563076705, 373.0233796630745, 377.21472444832045, 375.7449783516853, 374.26708657954777, 373.77358508928774, 386.17562502622604, 381.9077927530352, 375.9917763282398, 373.1283951654202]}
