{"engine":"clickhouse","workload":"mixed_oltp_pgbench_like","n_rows":10000,"samples":16,"median_us":23384.458,"min_us":11808.30147007809,"iterations_us":[11808.30147007809, 26039.903761730307, 33134.93452428485, 20000.24918001145, 14129.511155286464, 95204.61808521456, 23237.289559940604, 23531.627119124187, 21715.044735602158, 43321.67776689554, 38135.47410882657, 23838.750000799162, 28838.659722370925, 21639.009765749506, 21432.855219769655, 20201.860000379384]}
