{"engine":"clickhouse","workload":"mixed_oltp_pgbench_like","n_rows":10000,"samples":32,"median_us":22872.535,"min_us":14133.354463666992,"iterations_us":[18557.550148452046, 14926.710114481726, 22304.617600618963, 37358.48732606467, 14133.354463666992, 36200.76785695606, 17961.126431052027, 15924.348540249324, 15509.167896679548, 30607.134795418995, 33303.89526987297, 23440.451705193318, 78462.33074815245, 17273.928389840876, 26676.997879788407, 20126.874999179705, 16384.42063556304, 25362.9989995871, 32377.07084044814, 40953.11885398319, 18161.009660356543, 30938.829675398985, 17696.593067375943, 19639.846391738483, 34297.25337962343, 17655.145475577752, 50219.32167932391, 29730.124306328344, 25851.68953017131, 32478.880803359465, 18022.082621584934, 17799.766807767905]}
