{"engine":"sqlite3","workload":"mixed_oltp_pgbench_like","n_rows":10000,"samples":16,"median_us":325.490,"min_us":324.207,"iterations_us":[328.3466774364629, 324.2065322645489, 324.3051209832512, 342.03836460737193, 324.30635742662895, 324.7883389688811, 324.9916396188465, 324.70645292287134, 324.9493373146692, 351.79972309143756, 325.68818994634483, 325.2913013127838, 333.64105531169724, 327.7459150268483, 326.21060615986005, 327.5408359697953]}
