{"engine":"sqlite3","workload":"mixed_oltp_pgbench_like","n_rows":10000,"samples":32,"median_us":385.305,"min_us":382.077,"iterations_us":[390.16724805087716, 389.4000163016653, 407.6096715738739, 384.14473591180416, 383.8759064958751, 384.97230772358864, 387.51741960788, 385.7706088680201, 386.40395845644747, 386.5272434464154, 383.879707633866, 383.96302479113103, 382.7756362298916, 386.77238809983606, 385.6373557713456, 384.0030057672127, 382.0768286445612, 386.7244392257327, 383.1233140987607, 384.095992372222, 382.08689541513286, 386.57572115950575, 383.1215328110368, 383.9766381855855, 382.22091260032005, 387.7183945863977, 409.24591788401204, 390.335271322681, 429.33733978619176, 385.72633038991347, 384.08198129947345, 384.36731871907097]}
