{"engine":"postgres17","workload":"mixed_oltp_pgbench_like","n_rows":10000,"samples":16,"median_us":10695.493,"min_us":10204.082,"iterations_us":[10204.081632653062, 10526.315789473685, 11235.955056179775, 11363.636363636364, 10204.081632653062, 10638.297872340425, 11111.111111111111, 11111.111111111111, 10309.278350515464, 10526.315789473685, 11494.252873563219, 10869.565217391304, 10416.666666666666, 10752.68817204301, 11494.252873563219, 10638.297872340425]}
