{"engine":"clickhouse","workload":"mixed_oltp_pgbench_like","n_rows":10000,"samples":32,"median_us":26310.579,"min_us":11118.781011706838,"iterations_us":[29507.658311298914, 21944.52689582249, 24537.499999583124, 28935.856871691572, 13795.710041200462, 109227.80559243013, 32109.106054783544, 22496.78813505097, 11118.781011706838, 26351.3081039204, 26269.849359941407, 23232.89677257311, 31278.80303090382, 14552.10387011639, 24227.088287677932, 20679.503275245865, 40916.26325018958, 53812.47500423342, 23742.57082119584, 31148.826001513313, 50037.89223826908, 36721.394322479944, 17418.18462072968, 35895.709513819646, 39563.60697142176, 17833.46752557209, 104561.28750229254, 25647.051559398107, 15903.082016545037, 37784.018498819525, 29803.27974073589, 24662.008178503518]}
