{"engine":"sqlite3","workload":"mixed_oltp_pgbench_like","n_rows":10000,"samples":16,"median_us":347.985,"min_us":340.888,"iterations_us":[355.48571204925156, 348.1678819500505, 355.6539007117443, 360.1636240935529, 347.8014177138296, 340.957397956965, 343.716695202253, 364.3004677555375, 344.3393123309026, 342.00942449091116, 349.988563635901, 366.43471714979324, 342.2703513587337, 340.88769828232296, 345.26714067584993, 365.06853722814253]}
