{"engine":"clickhouse","workload":"mixed_oltp_pgbench_like","n_rows":10000,"samples":32,"median_us":27720.321,"min_us":10101.042090529445,"iterations_us":[41029.844057214046, 22961.977271320808, 38895.033737866295, 20050.143804766383, 13537.684689917778, 121335.88541958791, 29539.588635618038, 23801.660305283713, 10101.042090529445, 33755.78750080118, 30805.688055634902, 23083.997157465838, 28445.90625156545, 18615.58657765272, 19735.28249023514, 31883.44632732109, 16363.077381226632, 22379.156248643994, 27961.872501764446, 51133.34926393102, 47909.847689503484, 42482.91371290439, 17516.048861956544, 25755.70300149803, 27478.769135258688, 37876.06686819345, 51608.69374522008, 14414.71904316651, 30217.194432100536, 28684.20950188819, 14755.908826676508, 18477.741963834615]}
