{"engine":"clickhouse","workload":"mixed_oltp_pgbench_like","n_rows":10000,"samples":16,"median_us":26972.687,"min_us":11837.436325764389,"iterations_us":[11837.436325764389, 32471.086308803588, 38358.98709561055, 32403.44382609929, 14135.330985956103, 29729.412969626377, 29239.31743610989, 23906.53318705795, 16050.946690751623, 26512.02082488453, 45733.87074439476, 23016.184659685347, 37232.77420964265, 26200.72785884986, 27433.35381363345, 20571.622548980966]}
