{"engine":"duckdb","workload":"mixed_oltp_pgbench_like","n_rows":10000,"samples":32,"median_us":1300.056,"min_us":1282.222,"iterations_us":[1334.7397786565125, 1296.7696349369362, 1296.7047400888987, 1299.655833718134, 1298.3134888054337, 1301.117083785357, 1300.099271174986, 1300.1608337799553, 1282.2218750079628, 1305.8776049001608, 1292.727812397061, 1297.077396302484, 1296.957292506704, 1300.2961462188978, 1299.243281246163, 1309.4863550213631, 1297.8248963190708, 1297.411562409252, 1308.4645311755594, 1305.050676164683, 1294.3104162695818, 1300.0134901085403, 1307.1345837670378, 1309.6521350962576, 1292.7993225457612, 1368.7210561086733, 1307.4715624679811, 1295.6713025050703, 1326.4787499792874, 1317.6507300522644, 1295.1945837994572, 1304.0076562901959]}
