{"engine":"sqlite3","workload":"mixed_oltp_pgbench_like","n_rows":10000,"samples":32,"median_us":375.166,"min_us":371.531,"iterations_us":[379.66354165374383, 372.2764503348757, 374.2502798559144, 371.531296297218, 377.2676849293109, 375.29549140955754, 372.01033965512005, 394.907939764781, 384.74617002066225, 374.69081159284923, 373.78602315421534, 374.4087843554539, 377.8940165604472, 374.1902518590023, 372.4399229287411, 375.0370958743533, 376.31594625833844, 375.46013694763906, 373.7877488810458, 377.207549982109, 379.5397727640882, 374.5316698062998, 372.91845703428544, 373.8803638287806, 376.09017856727195, 372.14964516115964, 389.5805395558448, 386.54089730698615, 395.1566436833988, 383.0197358766983, 373.97893355054254, 376.6303101232401]}
