{"engine":"clickhouse","workload":"mixed_oltp_pgbench_like","n_rows":10000,"samples":32,"median_us":27481.961,"min_us":14182.885564391461,"iterations_us":[41501.070256344974, 16493.165294914583, 26917.090287454248, 26635.55706385523, 14182.885564391461, 43653.41482258847, 29994.588635269214, 19830.47950957602, 18146.538001019508, 26207.70084635856, 38080.39302522367, 23815.61175041663, 31032.833330700116, 24347.562499315245, 23327.975271474887, 20014.204159379005, 16189.529111475817, 59086.50000113994, 27798.280820716172, 27165.640755934088, 35264.35634683304, 41099.467252414404, 17962.923727266618, 33799.038085687374, 23316.63148684634, 37069.49013040254, 72198.55668023229, 22641.290255459182, 31656.62172478715, 49100.024305516854, 37883.3921482403, 29126.819946603584]}
