{"engine":"duckdb","workload":"mixed_oltp_pgbench_like","n_rows":10000,"samples":16,"median_us":1250.948,"min_us":1236.269,"iterations_us":[1277.3938537429785, 1250.7491658770425, 1263.977864946355, 1244.7820588097195, 1266.715103702154, 1251.147343791672, 1240.510049426709, 1250.4272924707038, 1257.0803650305606, 1242.8038235178547, 1236.269068219425, 1250.677794108496, 1267.5886462966446, 1236.8299518300987, 1259.3698950513499, 1276.2217187264469]}
