{"engine":"clickhouse","workload":"mixed_oltp_pgbench_like","n_rows":10000,"samples":16,"median_us":25718.318,"min_us":9806.031342374072,"iterations_us":[16259.359548829736, 33800.22023893183, 19358.939903143506, 19658.313307445496, 14432.919644085425, 103405.25340870954, 31331.760601394555, 28675.647592566656, 9806.031342374072, 30525.45075699913, 29614.463970820245, 23270.35076992023, 33154.9879065865, 14124.301055603673, 28166.28530361074, 20564.16176378216]}
