{"engine":"postgres17","workload":"mixed_oltp_pgbench_like","n_rows":10000,"samples":16,"median_us":11299.796,"min_us":10526.316,"iterations_us":[10869.565217391304, 12048.192771084337, 11363.636363636364, 10869.565217391304, 10989.010989010989, 11235.955056179775, 11363.636363636364, 10869.565217391304, 11627.906976744185, 11363.636363636364, 11494.252873563219, 10526.315789473685, 11627.906976744185, 10869.565217391304, 11764.70588235294, 10526.315789473685]}
