{"engine":"sqlite3","workload":"mixed_oltp_pgbench_like","n_rows":10000,"samples":32,"median_us":386.159,"min_us":383.380,"iterations_us":[396.4747373733347, 384.16698474600514, 421.0775382053733, 386.08524039423526, 387.9837209427397, 387.26155462567334, 387.17812500320946, 386.0119392629713, 386.23190726726676, 384.96995192522616, 385.48083304284285, 385.29953498464937, 385.19225960883955, 385.4784296037486, 410.24139342776147, 385.8813461668503, 410.21188524490617, 388.76445425219487, 388.01707014217686, 387.26062500455345, 385.43288461649075, 386.8943750141905, 384.38144083070847, 383.3800889302813, 387.2572276920367, 386.39269231890256, 384.2369118307269, 384.9425799965572, 384.48027974947263, 387.49211539442723, 385.1001122697758, 387.83825311559036]}
