{"engine":"duckdb","workload":"mixed_oltp_pgbench_like","n_rows":10000,"samples":32,"median_us":1302.458,"min_us":1278.342,"iterations_us":[1345.2433894077938, 1308.1098963448312, 1299.0829162299633, 1300.0355724943802, 1299.8698436422274, 1309.454426227603, 1298.7322399567347, 1303.3845837344415, 1278.34239625372, 1302.9819786606822, 1295.503384899348, 1301.9330723909661, 1299.911823734874, 1296.7653649684507, 1300.6690100883134, 1314.5382299262565, 1303.0444263131358, 1299.2867712455336, 1380.1576105567317, 1309.5391662500333, 1323.6958849302027, 1294.8620312090497, 1315.0332300574519, 1312.1096875693183, 1300.4576561797876, 1373.3778333601852, 1309.8868749511894, 1298.1314574426506, 1291.5981249534525, 1309.6053649496753, 1300.4867699055467, 1309.5481249911245]}
