{"engine":"duckdb","workload":"mixed_oltp_pgbench_like","n_rows":10000,"samples":32,"median_us":1316.542,"min_us":1295.650,"iterations_us":[1350.8261106908321, 1316.9613011996262, 1401.6669453121722, 1314.3823950667866, 1311.3319786498323, 1321.6592698881868, 1310.03052010783, 1314.1659900429659, 1295.6496349943336, 1316.12281256821, 1311.897812411189, 1320.2595837356057, 1319.2308324505575, 1309.9218749266583, 1314.3108336953446, 1400.9756105951965, 1310.9283336962108, 1415.750721314301, 1320.017916150391, 1320.8971875428688, 1308.0042187357321, 1305.68333377596, 1317.485103791114, 1331.1461986450013, 1306.3108337519225, 1320.855052472325, 1321.8542712274939, 1314.4158337672707, 1310.9519274439663, 1322.8768750559539, 1315.0219274393748, 1318.0682812526356]}
