{"engine":"sqlite3","workload":"mixed_oltp_pgbench_like","n_rows":10000,"samples":16,"median_us":354.824,"min_us":341.317,"iterations_us":[348.033868754606, 354.64512922105865, 352.6718309805007, 361.65677446523586, 341.316524831274, 356.56405140559934, 347.7326968600715, 362.41355686586866, 341.90154488698965, 363.35428731694844, 346.87456895661506, 362.9243054277048, 355.0025709188074, 365.19305074390326, 351.1637964992543, 358.519613198171]}
