{"engine":"sqlite3","workload":"mixed_oltp_pgbench_like","n_rows":10000,"samples":16,"median_us":322.776,"min_us":322.098,"iterations_us":[325.06957533013366, 323.3173654805268, 322.2250266005106, 350.37725839855057, 322.7903764514673, 323.13957001127665, 322.8558335573442, 322.2079461407609, 322.8432932237704, 322.3038327026491, 322.3369660330578, 322.0982371810048, 323.1753629159122, 322.29063814529815, 322.760819690302, 322.3150105884251]}
