{"engine":"duckdb","workload":"mixed_oltp_pgbench_like","n_rows":10000,"samples":16,"median_us":1261.064,"min_us":1242.826,"iterations_us":[1279.6067712042714, 1250.6952458609114, 1271.3442712265532, 1248.2661764849636, 1264.8655725206481, 1247.8931376929668, 1268.4844787145266, 1264.2806762596592, 1242.8257835563272, 1256.8589062721003, 1264.2132812470663, 1257.914894958958, 1256.1883850139566, 1255.6535936892033, 1267.1616662555607, 1279.8309887875803]}
