{"engine":"duckdb","workload":"mixed_oltp_pgbench_like","n_rows":10000,"samples":16,"median_us":1227.388,"min_us":1206.262,"iterations_us":[1237.8653929130558, 1229.5690199415035, 1273.3589587151073, 1217.819705934209, 1225.7996082360692, 1235.186029362547, 1225.5379906855524, 1227.5713235687683, 1206.2621564494775, 1235.1082353030934, 1223.796764662599, 1228.342303485774, 1227.2050976753235, 1220.763921189834, 1226.7458823728648, 1238.9812752714051]}
