{"engine":"sqlite3","workload":"select_avg_100k_i64","n_rows":100000,"samples":32,"median_us":1494.583,"min_us":1407.416,"iterations_us":[1483.666943386197, 1539.416960440576, 1528.6249108612537, 1502.2089937701821, 1499.0830095484853, 1756.2919529154897, 1479.4999733567238, 1436.0419008880854, 1438.29092849046, 1433.6659805849195, 1432.666089385748, 1717.2080697491765, 1608.3329683169723, 1516.5830263867974, 1506.8750362843275, 1485.1660234853625, 1482.540974393487, 1490.0839887559414, 1611.2920129671693, 1509.708003140986, 2037.1670834720135, 2209.8339395597577, 1442.5839763134718, 1607.54204262048, 1509.2090470716357, 1425.0829117372632, 1428.0000468716025, 1413.458026945591, 1411.624951288104, 1407.4159553274512, 1416.0830760374665, 1544.2919684574008]}
