{"engine":"clickhouse","workload":"select_avg_10k_i64","n_rows":10000,"samples":16,"median_us":572.708,"min_us":487.2499848715961,"iterations_us":[909.3750268220901, 13931.249966844916, 1053.0830477364361, 650.5839992314577, 595.749996136874, 548.8750175572932, 533.0829881131649, 548.3750137500465, 613.583019003272, 577.5829777121544, 579.2499869130552, 546.1670225486159, 553.9580015465617, 510.91599743813276, 567.8340094164014, 487.2499848715961]}
