{"engine":"clickhouse","workload":"select_scan_10k","n_rows":10000,"samples":32,"median_us":997.521,"min_us":913.7920569628477,"iterations_us":[1637.3749822378159, 1253.2079126685858, 1506.7079802975059, 1003.1670099124312, 1044.7499807924032, 984.0419515967369, 937.8331014886498, 1113.0840284749866, 1017.9170640185475, 1192.667055875063, 1690.667006187141, 1084.4579664990306, 1009.5410980284214, 985.7499971985817, 985.0830538198352, 958.0410551279783, 979.4170036911964, 1003.7500178441405, 925.8750360459089, 954.0830506011844, 1314.1250237822533, 1418.9579524099827, 978.7920862436295, 953.2499825581908, 963.208032771945, 932.5830033048987, 931.2909096479416, 918.1669447571039, 913.7920569628477, 1030.2920127287507, 1484.3749813735485, 991.8749565258622]}
