{"engine":"postgres17","workload":"select_sum_100k_i64","n_rows":100000,"samples":16,"median_us":36769.021,"min_us":22469.459,"iterations_us":[24395.290995016694, 22469.45904335007, 24843.792023602873, 30644.458020105958, 32839.2909723334, 37369.20899245888, 37049.79200847447, 36606.83304769918, 35033.70803082362, 38458.08398909867, 38350.37496173754, 38404.54196324572, 35051.25001538545, 36931.20798561722, 38393.83303420618, 37416.082981508225]}
