{"engine":"duckdb","workload":"select_sum_100k_i64","n_rows":100000,"samples":16,"median_us":105.750,"min_us":97.750,"iterations_us":[139.41602082923055, 127.91698100045323, 116.75001587718725, 135.4999840259552, 111.62500595673919, 111.7499778047204, 106.20796820148826, 107.70896915346384, 105.29201244935393, 103.4580054692924, 100.83394590765238, 97.74998761713505, 102.58401744067669, 103.33297541365027, 103.08303171768785, 104.08402886241674]}
