{"engine":"sqlite3","workload":"select_sum_100k_i64","n_rows":100000,"samples":16,"median_us":1419.541,"min_us":1353.667,"iterations_us":[1463.3749960921705, 1388.8339744880795, 1413.5829987935722, 1414.6659523248672, 1421.1249654181302, 1424.2089819163084, 1445.0830058194697, 1533.583039417863, 1417.9580030031502, 1404.832990374416, 1462.290994822979, 1429.1249681264162, 1353.6670012399554, 1399.6249763295054, 1431.5840089693666, 1390.3750223107636]}
