{"engine":"clickhouse","workload":"select_sum_10k_i64","n_rows":10000,"samples":16,"median_us":537.062,"min_us":431.79199565202,"iterations_us":[626.2499955482781, 72687.24997993559, 878.0420175753534, 602.3750174790621, 473.4999965876341, 491.62498908117414, 614.0830228105187, 534.7909755073488, 483.1250407733023, 479.20900397002697, 539.3329774960876, 545.7910010591149, 625.9999936446548, 460.25001211091876, 431.79199565202, 474.33399595320225]}
