{"engine":"duckdb","workload":"select_scan_100k","n_rows":100000,"samples":32,"median_us":9934.208,"min_us":8702.458,"iterations_us":[8702.457998879254, 10320.54191455245, 10961.125022731721, 10711.874929256737, 10993.541916832328, 10560.37493981421, 10562.250041402876, 10194.833972491324, 11663.62501680851, 9916.292037814856, 10100.833023898304, 9445.374947972596, 10070.957941934466, 10068.624978885055, 9416.04096442461, 9818.791062571108, 9752.83409934491, 9900.709032081068, 9895.458002574742, 9962.541982531548, 10725.375032052398, 9742.665919475257, 9407.624951563776, 9670.082945376635, 9499.916923232377, 9639.707976020873, 10038.75001333654, 9728.292003273964, 9952.12490670383, 9912.332985550165, 9886.750020086765, 10229.375096969306]}
