{"engine":"duckdb","workload":"select_scan_10k","n_rows":10000,"samples":32,"median_us":876.584,"min_us":790.459,"iterations_us":[790.458987466991, 984.6660541370511, 913.3750572800636, 1187.4169576913118, 958.2919301465154, 897.1670176833868, 884.625012986362, 943.3339582756162, 1053.5409674048424, 881.8750502541661, 875.6250608712435, 860.6250630691648, 867.2080002725124, 1062.9589669406414, 978.0420223250985, 881.2079904600978, 877.999933436513, 869.5839205756783, 855.1250211894512, 843.334011733532, 877.5420719757676, 853.6250097677112, 859.1669611632824, 849.9170653522015, 985.249993391335, 945.1250080019236, 854.4579613953829, 865.1249809190631, 864.7090289741755, 847.1250766888261, 847.2499903291464, 835.4999590665102]}
