{"engine":"clickhouse","workload":"select_sum_10k_i64","n_rows":10000,"samples":32,"median_us":502.813,"min_us":442.1250196173787,"iterations_us":[707.8329799696803, 13197.042047977448, 874.2499630898237, 683.2090439274907, 561.8749419227242, 570.7080708816648, 530.8750551193953, 519.87508777529, 632.4999267235398, 813.5830285027623, 659.208046272397, 545.2500190585852, 485.0410623475909, 506.08301535248756, 482.75000881403685, 478.6670906469226, 465.832999907434, 473.25005289167166, 465.33404383808374, 497.66607116907835, 462.7499729394913, 449.0420687943697, 486.7500392720103, 463.8340324163437, 479.0409002453089, 490.1660140603781, 442.1250196173787, 499.5419876649976, 608.5840286687016, 660.8340190723538, 629.2500765994191, 484.95898954570293]}
