{"engine":"sqlite3","workload":"select_avg_10k_i64","n_rows":10000,"samples":32,"median_us":135.562,"min_us":135.167,"iterations_us":[138.04202899336815, 150.08298214524984, 141.62505976855755, 135.41604857891798, 135.91698370873928, 135.83293184638023, 135.66704001277685, 135.4169799014926, 135.41604857891798, 135.37495397031307, 135.6248976662755, 143.29096302390099, 137.58300337940454, 140.54100029170513, 139.95799235999584, 138.4580973535776, 135.5829881504178, 135.3750703856349, 135.45795809477568, 135.41604857891798, 137.7919688820839, 137.66693882644176, 136.7080258205533, 135.37495397031307, 135.41709631681442, 135.33292803913355, 135.54200995713472, 135.16703620553017, 135.2090621367097, 135.29194984585047, 135.37495397031307, 135.4169799014926]}
