{"engine":"duckdb","workload":"select_sum_10k_i64","n_rows":10000,"samples":32,"median_us":76.020,"min_us":66.166,"iterations_us":[204.50004376471043, 148.49996659904718, 110.83297431468964, 84.79098323732615, 88.95795326679945, 79.70898877829313, 92.0839374884963, 79.29198909550905, 92.7910441532731, 91.08404628932476, 100.95909237861633, 90.12501686811447, 82.33299013227224, 67.91704799979925, 82.04102050513029, 80.08396252989769, 73.83397314697504, 68.24999582022429, 72.33291398733854, 73.33303801715374, 77.9579859226942, 74.08298552036285, 69.58295125514269, 73.08309432119131, 67.8329961374402, 66.87501445412636, 68.45907773822546, 67.29108281433582, 67.91600026190281, 66.16604514420033, 66.29200652241707, 66.79201032966375]}
