{"engine":"duckdb","workload":"select_avg_10k_i64","n_rows":10000,"samples":32,"median_us":92.083,"min_us":79.584,"iterations_us":[121.04201596230268, 116.70798994600773, 108.25006756931543, 106.2500523403287, 105.70802260190248, 101.58296208828688, 88.6659836396575, 80.95800876617432, 91.87497198581696, 93.41700933873653, 94.12504732608795, 83.70797149837017, 83.99994112551212, 97.54195343703032, 87.9999715834856, 84.58306547254324, 94.83401663601398, 85.41601710021496, 85.12497879564762, 82.49992970377207, 94.12504732608795, 94.33308150619268, 79.583958722651, 87.58401963859797, 92.29104034602642, 94.74996477365494, 85.95804683864117, 81.24997839331627, 85.37503890693188, 83.9160056784749, 112.83298954367638, 241.49997625499964]}
