{"engine":"duckdb","workload":"select_avg_1m_i64","n_rows":1000000,"samples":32,"median_us":246.938,"min_us":230.958,"iterations_us":[260.41700039058924, 356.0830373317003, 287.1669130399823, 285.8750522136688, 274.5420206338167, 259.542022831738, 255.499966442585, 250.1660492271185, 243.49999148398638, 286.24990954995155, 251.4169318601489, 256.29193987697363, 242.62501392513514, 251.45802646875381, 244.66693866997957, 247.87499569356441, 257.0409560576081, 261.8340076878667, 260.66601276397705, 246.0000105202198, 240.45794270932674, 237.6670017838478, 236.83300241827965, 239.9589866399765, 232.8340196982026, 235.74999067932367, 230.95798678696156, 235.29096506536007, 241.20789021253586, 236.58305872231722, 231.08301684260368, 245.08405476808548]}
