{"engine":"clickhouse","workload":"select_sum_1m_i64","n_rows":1000000,"samples":32,"median_us":1661.646,"min_us":1441.1669690161943,"iterations_us":[1697.2910379990935, 61459.20802373439, 2159.0000251308084, 2160.7920061796904, 1898.874994367361, 1547.7909473702312, 1520.541962236166, 1536.2909762188792, 1934.5000619068742, 2209.375030361116, 1854.9589440226555, 1578.9580065757036, 1598.4999481588602, 1557.250041514635, 2086.2920209765434, 1920.1249815523624, 1636.9170043617487, 1584.2909924685955, 1576.0830137878656, 1706.1249818652868, 1854.7079525887966, 1752.4589784443378, 1576.2499533593655, 1486.3329706713557, 1478.0000783503056, 1494.040945544839, 1976.541941985488, 1707.6249932870269, 1686.3750061020255, 1441.1669690161943, 1506.2500024214387, 1521.916943602264]}
