{"engine":"postgres17","workload":"select_sum_10k_i64","n_rows":10000,"samples":16,"median_us":24386.188,"min_us":22490.875,"iterations_us":[22666.583012323827, 25332.708028145134, 24219.125043600798, 22490.874980576336, 25216.41697967425, 24693.916959222406, 24755.70800015703, 23138.74999526888, 24553.249997552484, 23789.458035025746, 23615.04198051989, 25533.87504303828, 24985.625001136214, 23979.874968063086, 23166.249971836805, 26073.916989844292]}
