{"engine":"postgres17","workload":"select_scan_10k","n_rows":10000,"samples":16,"median_us":28820.750,"min_us":26087.792,"iterations_us":[27111.45899957046, 29064.749949611723, 28610.99998699501, 28943.70799185708, 29853.58302248642, 27733.625029213727, 29462.79098978266, 29646.416020113975, 27903.334004804492, 28842.041036114097, 28799.458988942206, 26087.792008183897, 27645.125053822994, 28859.000012744218, 28628.457977902144, 29356.874991208315]}
