{"engine":"postgres17","workload":"select_sum_10k_i64","n_rows":10000,"samples":32,"median_us":27354.604,"min_us":25094.209,"iterations_us":[28166.582924313843, 25361.20906006545, 26891.66704658419, 26207.749964669347, 25094.20900605619, 27986.75000667572, 27893.08305364102, 28058.45800321549, 27145.624975673854, 26489.3330167979, 28463.249909691513, 27331.87493868172, 26839.41600844264, 27835.66596917808, 27029.833057895303, 27631.33402913809, 28135.792003013194, 26235.91700103134, 26013.500057160854, 28182.375011965632, 27408.083085902035, 28494.082973338664, 26881.208992563188, 26939.500006847084, 28433.165978640318, 27975.708013400435, 27377.333026379347, 26888.083899393678, 27784.042060375214, 28006.291948258877, 25497.54094798118, 27114.124968647957]}
