{"engine":"clickhouse","workload":"select_scan_1m","n_rows":1000000,"samples":32,"median_us":64806.708,"min_us":53628.250025212765,"iterations_us":[53628.250025212765, 68611.79193947464, 70638.87501135468, 70235.25005206466, 68592.95896720141, 70567.41695851088, 68836.70901879668, 68526.16695687175, 67944.95799113065, 67461.6249743849, 65993.04103292525, 67560.41699554771, 67363.37498296052, 67006.75003230572, 66362.583078444, 65515.541937202215, 63638.16699013114, 66759.1670062393, 63732.99995902926, 63236.95892933756, 63622.37501889467, 63419.457990676165, 62043.41701231897, 63193.832989782095, 61864.41704630852, 61563.83303459734, 64097.87503071129, 61253.74999828637, 60779.20796815306, 62583.08398537338, 62742.45795793831, 60492.79193393886]}
