{"engine":"clickhouse","workload":"select_scan_1m","n_rows":1000000,"samples":32,"median_us":63818.833,"min_us":52499.24992676824,"iterations_us":[52499.24992676824, 66294.12504844368, 67306.83310888708, 66273.45900051296, 65867.5410086289, 66977.08298452199, 65652.83297095448, 64867.708017118275, 65200.667013414204, 64504.24995273352, 63208.125066012144, 65470.50003428012, 63969.87498737872, 62939.416035078466, 63850.291073322296, 64167.9170075804, 61943.91695316881, 64296.75000254065, 61137.542012147605, 61452.41705235094, 64429.74996753037, 63520.41696663946, 62133.75006336719, 63697.249977849424, 61672.708950936794, 61286.49995662272, 63787.37499471754, 62523.29202834517, 62876.45793054253, 63851.74999013543, 62370.540923438966, 61784.04204547405]}
