{"engine":"postgres17","workload":"select_sum_100k_i64","n_rows":100000,"samples":16,"median_us":35974.459,"min_us":22185.959,"iterations_us":[25027.917057741433, 22185.959038324654, 22501.9589997828, 25037.874991539866, 32183.66700457409, 36152.66701672226, 35795.62500817701, 36669.792025350034, 36422.41598572582, 36104.87503465265, 38414.00000965223, 37066.99999747798, 36991.70897016302, 36744.375014677644, 34685.70800032467, 35844.04196590185]}
