{"engine":"sqlite3","workload":"select_scan_1m","n_rows":1000000,"samples":16,"median_us":204054.604,"min_us":187296.958,"iterations_us":[187296.9579999335, 208469.54104490578, 209187.25000228733, 204391.5410176851, 203068.9170351252, 205696.20898459107, 203717.66696916893, 202772.0000478439, 204845.70797998458, 206502.33404012397, 202075.66703902557, 232810.66701747477, 211685.62496313825, 201792.6659900695, 202750.62503060326, 202142.83402310684]}
