{"engine":"postgres17","workload":"select_avg_100k_i64","n_rows":100000,"samples":32,"median_us":40104.937,"min_us":28622.792,"iterations_us":[31358.500011265278, 28622.79210239649, 36717.16700773686, 40314.70906920731, 41223.500040359795, 39876.75008829683, 39613.24994452298, 35444.9589503929, 40251.41603779048, 40246.37502152473, 37558.29099100083, 40677.708107978106, 40862.49996908009, 39670.62500305474, 40933.87501779944, 40667.95890685171, 40098.374942317605, 41237.41597868502, 37801.6660688445, 40223.083924502134, 40111.49995494634, 41727.583040483296, 39495.541946962476, 39486.12499516457, 39141.75007957965, 39894.791902042925, 40840.292000211775, 41267.12493598461, 39190.08304364979, 38574.500009417534, 41313.12493700534, 41924.45904482156]}
