{"engine":"clickhouse","workload":"select_avg_1m_i64","n_rows":1000000,"samples":16,"median_us":2047.916,"min_us":1569.9579962529242,"iterations_us":[2479.9160310067236, 14318.707981146872, 3099.3749969638884, 2333.3749850280583, 1873.7909849733114, 1670.3750006854534, 1644.9159593321383, 2904.8339929431677, 2287.666022311896, 1813.458977267146, 1701.3750039041042, 1569.9579962529242, 2993.3330370113254, 2222.042006906122, 1684.4169585965574, 1599.0419778972864]}
