{"engine":"clickhouse","workload":"select_sum_100k_i64","n_rows":100000,"samples":32,"median_us":796.979,"min_us":679.3750217184424,"iterations_us":[900.4580788314342, 13881.124905310571, 1181.707950308919, 1130.458083935082, 850.292039103806, 814.7499756887555, 718.5830036178231, 708.5409015417099, 746.3330402970314, 680.0420815125108, 1020.9579486399889, 1280.000084079802, 804.9999596551061, 764.4579745829105, 832.4170485138893, 911.7909939959645, 714.6670250222087, 709.2080777511001, 755.6249620392919, 724.1249550133944, 679.3750217184424, 812.4159649014473, 1604.4999938458204, 946.833984926343, 1119.9580039829016, 742.5410440191627, 818.9160143956542, 788.9580447226763, 721.2919881567359, 740.7079683616757, 689.7080456838012, 713.0838930606842]}
