{"engine":"clickhouse","workload":"select_scan_100k","n_rows":100000,"samples":16,"median_us":7480.562,"min_us":6735.666072927415,"iterations_us":[7141.541922464967, 9264.833061024547, 9236.917016096413, 8922.709035687149, 8471.208973787725, 8122.832980006933, 7930.040941573679, 7551.999995484948, 7409.124984405935, 6846.291013062, 6864.125025458634, 7181.375054642558, 8036.417071707547, 6996.833020821214, 6735.666072927415, 7177.33392957598]}
