{"engine":"postgres17","workload":"select_avg_1m_i64","n_rows":1000000,"samples":16,"median_us":41840.833,"min_us":37642.833,"iterations_us":[43460.75002104044, 38553.457998204976, 38766.417012084275, 37642.83296186477, 39706.8330203183, 39755.29101444408, 41296.66701192036, 42769.70901992172, 43145.5000070855, 46793.0409940891, 42211.08398633078, 48009.87499766052, 42692.33299419284, 41422.24998213351, 41470.58300441131, 42614.25003642216]}
