{"engine":"clickhouse","workload":"select_sum_100k_i64","n_rows":100000,"samples":32,"median_us":699.646,"min_us":580.2500527352095,"iterations_us":[813.6669639497995, 13783.792033791542, 1649.125013500452, 1045.7920143380761, 894.6250891312957, 799.6249478310347, 734.1669406741858, 693.9580198377371, 716.2910187616944, 673.3749760314822, 705.3330773487687, 684.3749433755875, 909.1669926419854, 996.7079386115074, 712.0419759303331, 598.2499569654465, 666.5000692009926, 651.9589805975556, 622.8340789675713, 603.8339342921972, 594.1250128671527, 580.2500527352095, 599.7499683871865, 582.8330758959055, 592.2920536249876, 692.8750080987811, 581.9170037284493, 772.7089105173945, 752.0840736106038, 740.8329984173179, 612.415955401957, 722.5408917292953]}
