{"engine":"duckdb","workload":"select_scan_100k","n_rows":100000,"samples":16,"median_us":8983.624,"min_us":8079.875,"iterations_us":[8079.875027760863, 9248.083049897105, 9136.29197748378, 9055.958013050258, 9086.875012144446, 9000.040998216718, 8872.249978594482, 8995.915995910764, 10195.832990575582, 8965.165994595736, 8932.791010010988, 8855.291991494596, 8971.332979854196, 8889.916993211955, 9117.291017901152, 8912.999997846782]}
