{"engine":"duckdb","workload":"select_scan_10k","n_rows":10000,"samples":16,"median_us":953.208,"min_us":845.042,"iterations_us":[845.0419991277158, 1038.7080255895853, 1154.291967395693, 1128.4159845672548, 997.7080044336617, 964.6660182625055, 928.5830310545862, 919.7500185109675, 1128.625008277595, 941.749953199178, 915.084034204483, 909.4169945456088, 910.8330123126507, 929.4580086134374, 1103.958988096565, 976.5000431798398]}
