{"engine":"duckdb","workload":"select_sum_10k_i64","n_rows":10000,"samples":32,"median_us":71.480,"min_us":58.833,"iterations_us":[159.9999377503991, 96.83298412710428, 78.33295967429876, 75.74993651360273, 79.95893247425556, 86.7500202730298, 86.58389560878277, 76.95797830820084, 72.00008258223534, 79.66707926243544, 70.54093293845654, 70.95898035913706, 74.8330494388938, 95.41702456772327, 73.16702976822853, 84.41600948572159, 122.75006156414747, 73.45795165747404, 67.24998820573092, 65.1670852676034, 66.16697646677494, 62.75007035583258, 63.000014051795006, 64.37499541789293, 70.12509740889072, 60.54097320884466, 64.00002166628838, 64.2499653622508, 64.1250517219305, 62.04203236848116, 58.832927606999874, 65.12505933642387]}
