{"engine":"postgres17","workload":"select_avg_100k_i64","n_rows":100000,"samples":16,"median_us":38980.313,"min_us":25566.625,"iterations_us":[26001.582969911397, 25566.625001374632, 33258.74998699874, 38519.54196579754, 39080.33296465874, 39479.74997572601, 40004.707989282906, 40078.04102730006, 39319.375006016344, 39013.54200206697, 40009.832999203354, 40089.54198798165, 38947.08398729563, 36930.29098212719, 37640.49999881536, 36541.75001429394]}
