{"engine":"duckdb","workload":"select_avg_100k_i64","n_rows":100000,"samples":16,"median_us":128.291,"min_us":120.625,"iterations_us":[154.5000122860074, 149.54200014472008, 140.29198791831732, 126.87500566244125, 127.70795729011297, 137.66600750386715, 124.584068544209, 130.37503231316805, 128.875020891428, 124.16590470820665, 123.70804324746132, 122.12491128593683, 121.8749675899744, 120.6250162795186, 132.87493493407965, 131.7090354859829]}
