{"engine":"sqlite3","workload":"select_scan_1m","n_rows":1000000,"samples":16,"median_us":202733.937,"min_us":186031.917,"iterations_us":[186031.91699367017, 201453.74996354803, 202197.00003508478, 201367.74994898587, 201152.54202391952, 201121.20802514255, 201180.58298248798, 202312.83298926428, 203155.04196332768, 217424.12500316277, 209136.29099959508, 213250.87500736117, 207144.16698319837, 204888.54101859033, 210769.374971278, 205418.29196736217]}
