{"engine":"postgres17","workload":"select_sum_1m_i64","n_rows":1000000,"samples":16,"median_us":43732.687,"min_us":35556.208,"iterations_us":[44486.25002987683, 35556.2079930678, 37200.250022578984, 38130.8330106549, 41041.458025574684, 39342.20800874755, 44068.54201806709, 43245.16700580716, 45516.08400652185, 43726.91595926881, 43738.459004089236, 44733.54201763868, 49588.91595015302, 46443.37500212714, 40897.25000085309, 44937.66603991389]}
