{"engine":"postgres17","workload":"select_sum_10k_i64","n_rows":10000,"samples":16,"median_us":25313.375,"min_us":23669.708,"iterations_us":[26250.916998833418, 25892.70897442475, 25243.750016670674, 25969.45798723027, 25212.5000115484, 25492.750050034374, 25221.33302409202, 23669.70799630508, 25732.209032867104, 25560.917041730136, 25003.291957546026, 24010.24999562651, 24880.750046577305, 25775.66698892042, 25383.00002925098, 24746.2090337649]}
