{"engine":"sqlite3","workload":"select_avg_10k_i64","n_rows":10000,"samples":32,"median_us":146.750,"min_us":142.584,"iterations_us":[148.29204883426428, 142.583972774446, 146.99995517730713, 146.87504153698683, 157.66709111630917, 146.83394692838192, 146.7089168727398, 146.70798555016518, 146.8330156058073, 146.87504153698683, 148.87494035065174, 146.83394692838192, 146.79203741252422, 146.58295549452305, 146.62498142570257, 146.54197730123997, 150.2500381320715, 148.91696628183126, 146.7500114813447, 146.7500114813447, 146.41601592302322, 146.50006778538227, 146.7500114813447, 146.7500114813447, 146.7500114813447, 146.62498142570257, 146.7500114813447, 146.37503772974014, 146.58295549452305, 146.62498142570257, 146.5420937165618, 146.49995137006044]}
