{"engine":"sqlite3","workload":"select_scan_1m","n_rows":1000000,"samples":16,"median_us":202343.876,"min_us":197269.916,"iterations_us":[197269.91601055488, 206363.5000376962, 203067.54199555144, 204391.62501133978, 201620.20903080702, 200416.58403351903, 199516.0419610329, 203489.2499796115, 207398.25000055134, 206173.91599807888, 203591.16699546576, 208548.79199760035, 200232.41598391905, 200350.9160131216, 200145.87498735636, 199259.29204327986]}
