{"engine":"duckdb","workload":"select_avg_1m_i64","n_rows":1000000,"samples":16,"median_us":242.438,"min_us":218.208,"iterations_us":[261.4169497974217, 233.66702953353524, 272.0840275287628, 237.29202803224325, 222.250004298985, 247.58302606642246, 224.58296734839678, 261.5830162540078, 265.66704036667943, 270.3749923966825, 224.79199105873704, 268.20803759619594, 223.62498566508293, 218.2080061174929, 222.16601064428687, 253.29197524115443]}
