{"engine":"postgres17","workload":"select_sum_100k_i64","n_rows":100000,"samples":16,"median_us":33310.479,"min_us":23309.750,"iterations_us":[23900.45899664983, 23309.750016778708, 28269.916016142815, 33958.41596648097, 34069.166984409094, 33323.95799225196, 29109.249997418374, 32782.417023554444, 34731.25002346933, 33296.999987214804, 35187.37503327429, 37344.75001692772, 32271.083036903292, 31467.625056393445, 34488.29200351611, 34584.75001389161]}
