{"engine":"sqlite3","workload":"select_avg_100k_i64","n_rows":100000,"samples":32,"median_us":1478.979,"min_us":1421.750,"iterations_us":[2645.5000042915344, 1643.0000541731715, 1531.417015939951, 1500.6669564172626, 1489.3750194460154, 1479.8330375924706, 1474.9170513823628, 1478.1249919906259, 1699.7080529108644, 1453.8749819621444, 1438.9160787686706, 1483.6250338703394, 1446.6659631580114, 1435.3749575093389, 1434.9999837577343, 1698.666950687766, 1454.1249256581068, 1492.5419818609953, 1451.9160613417625, 1435.625017620623, 1440.0830259546638, 1573.4590124338865, 1480.4999809712172, 1483.5420297458768, 1477.6249881833792, 1483.9579816907644, 1500.4590386524796, 1456.1250573024154, 1622.3330749198794, 1450.5409635603428, 1425.9580057114363, 1421.749941073358]}
