{"engine":"duckdb","workload":"select_sum_10k_i64","n_rows":10000,"samples":16,"median_us":70.333,"min_us":61.625,"iterations_us":[100.25000665336847, 109.999964479357, 71.75002247095108, 73.41697346419096, 62.25000834092498, 61.624974478036165, 62.832958064973354, 63.125044107437134, 67.7910284139216, 83.25005182996392, 70.58301707729697, 77.3330102674663, 81.9589477032423, 67.41698598489165, 61.958038713783026, 70.08295506238937]}
