{"engine":"sqlite3","workload":"select_sum_1m_i64","n_rows":1000000,"samples":16,"median_us":14181.438,"min_us":13948.416,"iterations_us":[14071.33403699845, 14392.292010597885, 14413.875062018633, 13948.415988124907, 14322.832925245166, 14238.417032174766, 14124.45807363838, 13951.708911918104, 14275.250025093555, 14068.83297022432, 14289.207989349961, 14044.958050362766, 14038.541004993021, 14090.124983340502, 14567.082980647683, 14289.542101323605]}
