{"engine":"sqlite3","workload":"select_avg_1m_i64","n_rows":1000000,"samples":32,"median_us":14281.938,"min_us":14033.416,"iterations_us":[14412.208111025393, 14200.708013959229, 14099.332969635725, 14389.208983629942, 14132.16709624976, 14220.91608401388, 14292.916981503367, 14312.750077806413, 14463.625033386052, 14138.667029328644, 14341.917005367577, 14191.250083968043, 14261.41697447747, 14273.37503992021, 14156.37496393174, 14497.209107503295, 14121.874934062362, 14397.750026546419, 14033.416053280234, 14290.499966591597, 14417.70896781236, 14238.41598443687, 14436.54194008559, 14217.166928574443, 14309.95890405029, 14352.417085319757, 14448.125031776726, 14267.666963860393, 14269.207953475416, 14297.66695946455, 14260.041061788797, 14462.875085882843]}
