{"engine":"duckdb","workload":"select_sum_1m_i64","n_rows":1000000,"samples":32,"median_us":170.980,"min_us":153.208,"iterations_us":[192.5000688061118, 193.99996381253004, 177.91707068681717, 169.29092817008495, 172.8750066831708, 184.95903350412846, 177.37504094839096, 170.6249313428998, 171.00002150982618, 188.24997823685408, 177.95804888010025, 167.74993855506182, 166.12501349300146, 161.20797954499722, 164.12499826401472, 156.91597945988178, 176.9170630723238, 174.37501810491085, 172.83298075199127, 166.54189676046371, 178.08296252042055, 173.9170402288437, 157.08303544670343, 163.12499064952135, 170.9590433165431, 174.832995980978, 165.332923643291, 171.7499690130353, 166.62501730024815, 156.9580053910613, 158.91599468886852, 153.20803504437208]}
