{"engine":"postgres17","workload":"select_avg_10k_i64","n_rows":10000,"samples":32,"median_us":27701.083,"min_us":25612.167,"iterations_us":[27095.291996374726, 25716.62503760308, 28907.333966344595, 26798.79206698388, 28032.915899530053, 28124.416945502162, 28440.542053431273, 25954.33290116489, 26664.459030143917, 28153.792023658752, 27288.708020932972, 28343.791025690734, 27365.874964743853, 28845.665976405144, 27798.250084742904, 25991.70897156, 28203.54199502617, 27838.667039759457, 25612.166966311634, 27398.04203156382, 28968.791011720896, 26394.167100079358, 27604.667004197836, 28030.792018398643, 28856.99993930757, 27686.37507688254, 26695.20804192871, 27832.582942210138, 27663.29189762473, 28581.37502335012, 26974.12495035678, 27715.791016817093]}
