{"engine":"clickhouse","workload":"select_sum_1m_i64","n_rows":1000000,"samples":16,"median_us":1939.104,"min_us":1628.5000019706786,"iterations_us":[2329.958020709455, 13829.917006660253, 2031.3330460339785, 2201.916999183595, 2061.5829853340983, 1856.7499937489629, 1733.1669805571437, 1728.4999485127628, 2077.6669844053686, 2084.7080159001052, 1761.9580030441284, 1628.5000019706786, 1687.374955508858, 1726.2499895878136, 1811.9169981218874, 2021.457999944687]}
