{"engine":"clickhouse","workload":"select_sum_100k_i64","n_rows":100000,"samples":16,"median_us":670.771,"min_us":622.9589926078916,"iterations_us":[892.6249574869871, 12732.999981380999, 1121.5829872526228, 952.7499787509441, 782.3749911040068, 806.2080014497042, 683.083024341613, 698.0420439504087, 658.458040561527, 652.4589844048023, 654.7090015374124, 631.6669750958681, 652.250018902123, 630.2089896053076, 622.9589926078916, 629.749963991344]}
