{"engine":"sqlite3","workload":"select_scan_10k","n_rows":10000,"samples":32,"median_us":1862.771,"min_us":1795.625,"iterations_us":[2127.540996298194, 1902.8750248253345, 2080.79197909683, 1879.7089578583837, 1853.3329712226987, 1856.790971942246, 1851.5419214963913, 2045.3330362215638, 1850.708038546145, 1814.41695895046, 1795.6249648705125, 1809.3750113621354, 1989.1250412911177, 1869.542058557272, 1858.3330092951655, 1827.8340576216578, 1828.9160216227174, 1816.9579561799765, 1993.1669812649488, 1871.707965619862, 1822.0420461148024, 1828.3750396221876, 1824.582926928997, 1994.833000935614, 1904.9159018322825, 1867.2080477699637, 1868.6249386519194, 1857.9999450594187, 1989.2919808626175, 1900.83310008049, 1877.7500372380018, 1852.9590452089906]}
