{"engine":"sqlite3","workload":"select_sum_1m_i64","n_rows":1000000,"samples":32,"median_us":14317.188,"min_us":14047.125,"iterations_us":[14584.125019609928, 14407.000038772821, 14192.292001098394, 14047.125005163252, 14458.874939009547, 14352.374942973256, 14433.874981477857, 14203.415950760245, 14545.08292954415, 14357.207925058901, 14731.582952663302, 14634.16707701981, 14242.957928217947, 14880.417031235993, 14299.500035122037, 14368.959004059434, 14068.542048335075, 14337.416039779782, 14161.542057991028, 14265.16694482416, 14320.207992568612, 14157.791971229017, 14317.207969725132, 14149.124966934323, 14312.166022136807, 14198.707998730242, 14064.167044125497, 14567.415928468108, 14292.95795969665, 14418.708044104278, 14161.291997879744, 14317.16710794717]}
