{"engine":"sqlite3","workload":"select_sum_100k_i64","n_rows":100000,"samples":16,"median_us":1442.333,"min_us":1386.500,"iterations_us":[1469.1249816678464, 1419.7500422596931, 1458.7080222554505, 1474.5420194230974, 1475.3330033272505, 1472.9580143466592, 1475.5420270375907, 1449.249975848943, 1396.833045873791, 1388.9169786125422, 1388.9159890823066, 1386.5000219084322, 1389.7920143790543, 1392.9159613326192, 1516.4160286076367, 1435.4159939102829]}
