{"engine":"postgres17","workload":"select_avg_1m_i64","n_rows":1000000,"samples":16,"median_us":39958.125,"min_us":35665.458,"iterations_us":[43264.16697585955, 36038.50002400577, 35665.45801004395, 37173.74999541789, 37249.416986014694, 38321.50000380352, 39528.7920255214, 39491.29197280854, 40388.50002689287, 40027.957991696894, 40678.58395865187, 40077.33304752037, 40258.04094271734, 39888.2920271717, 40903.457964304835, 40713.417052756995]}
