{"engine":"duckdb","workload":"select_avg_10k_i64","n_rows":10000,"samples":16,"median_us":94.188,"min_us":81.416,"iterations_us":[111.83304013684392, 93.00000965595245, 100.16595479100943, 107.75000555440784, 91.33398998528719, 96.00003249943256, 95.5839641392231, 85.5830148793757, 92.79098594561219, 106.66600428521633, 81.41598664224148, 95.66702647134662, 95.25002678856254, 82.87496166303754, 93.12503971159458, 85.58400440961123]}
