{"engine":"clickhouse","workload":"select_scan_100k","n_rows":100000,"samples":16,"median_us":6687.541,"min_us":6411.542010027915,"iterations_us":[6752.041983418167, 7105.083030182868, 7499.0830034948885, 7484.459027182311, 6750.000000465661, 6699.0829654969275, 7164.541049860418, 6445.457984227687, 6542.625022120774, 6672.290968708694, 6484.499957878143, 6676.000019069761, 7222.666987217963, 6411.542010027915, 6614.874990191311, 6674.708041828126]}
