{"engine":"sqlite3","workload":"select_scan_10k","n_rows":10000,"samples":16,"median_us":1893.583,"min_us":1850.916,"iterations_us":[2140.1249687187374, 1915.7499773427844, 1886.166981421411, 1850.9159563109279, 1863.833051174879, 1876.4999695122242, 1876.6249995678663, 1914.2079981975257, 1924.2080161347985, 1980.917004402727, 1889.2499501816928, 1899.7919978573918, 1897.9170126840472, 1875.666028354317, 1880.3750281222165, 1899.7499719262123]}
