{"engine":"sqlite3","workload":"select_scan_100k","n_rows":100000,"samples":32,"median_us":19881.667,"min_us":18800.792,"iterations_us":[18800.79205147922, 20476.583973504603, 20005.83300832659, 20847.625099122524, 20044.124918058515, 19947.499968111515, 20285.749924369156, 19801.750080659986, 19845.75006645173, 19742.50003695488, 19859.208026900887, 19904.12501618266, 19941.041013225913, 19635.3750070557, 19825.958064757288, 20823.08300305158, 19811.916979961097, 19852.62508969754, 19587.08302117884, 20222.333958372474, 20452.91697140783, 20099.62499141693, 19684.58399642259, 19579.417072236538, 19712.541019544005, 19918.292062357068, 19650.958012789488, 20961.41700167209, 19670.458044856787, 20018.666982650757, 20082.208095118403, 19746.167003177106]}
