{"engine":"duckdb","workload":"select_scan_1m","n_rows":1000000,"samples":16,"median_us":98777.062,"min_us":78358.666,"iterations_us":[78358.66598179564, 102628.95800406113, 95453.62502103671, 93945.49997523427, 100173.16596349701, 105087.75000926107, 103901.66699653491, 102883.91698850319, 97704.12498619407, 100186.41699571162, 98035.6250074692, 102704.08302312717, 98710.79196454957, 97503.87497479096, 97108.0000163056, 98843.33302034065]}
