{"engine":"sqlite3","workload":"select_sum_10k_i64","n_rows":10000,"samples":32,"median_us":139.980,"min_us":139.625,"iterations_us":[146.70798555016518, 147.3750453442335, 152.79091894626617, 152.95797493308783, 146.54104597866535, 146.62498142570257, 146.50006778538227, 146.70798555016518, 146.5840032324195, 152.37496700137854, 139.6250445395708, 139.79198411107063, 139.70909640192986, 139.8329623043537, 139.8329623043537, 139.91701416671276, 139.70897998660803, 142.37500727176666, 140.0420442223549, 139.91701416671276, 139.6660227328539, 146.2079817429185, 146.54197730123997, 140.2499619871378, 139.6660227328539, 139.79198411107063, 139.7080486640334, 139.8329623043537, 139.7499581798911, 139.70897998660803, 139.6250445395708, 142.49992091208696]}
