{"engine":"duckdb","workload":"select_avg_1m_i64","n_rows":1000000,"samples":32,"median_us":250.312,"min_us":212.459,"iterations_us":[294.50003057718277, 275.50000231713057, 277.83296536654234, 254.41707111895084, 266.2079641595483, 249.66709315776825, 267.2499977052212, 270.04105504602194, 254.1670110076666, 259.45797096937895, 249.0000333636999, 252.49994359910488, 265.8748999238014, 249.3340289220214, 245.00000290572643, 244.8749728500843, 250.9579062461853, 250.99993217736483, 260.957982391119, 248.24996944516897, 236.4999381825328, 222.66700398176908, 216.167070902884, 212.45889365673065, 247.54204787313938, 259.7500570118427, 263.12493719160557, 240.87494239211082, 217.00002253055573, 239.37493097037077, 224.29204545915127, 217.08302665501833]}
