{"engine":"postgres17","workload":"select_scan_100k","n_rows":100000,"samples":32,"median_us":61139.375,"min_us":43144.125,"iterations_us":[47340.37502203137, 43144.125025719404, 51248.917006887496, 60178.37498802692, 61444.333055987954, 62295.20798660815, 61530.91602027416, 61041.7079878971, 59606.999973766506, 59950.83402376622, 60666.00000485778, 61869.3329161033, 60366.58294033259, 60928.12493443489, 62120.750080794096, 59284.41707510501, 62453.3339869231, 62852.000002749264, 61874.20792412013, 61237.04102355987, 63306.29193689674, 59700.16703940928, 61866.66700523347, 60249.25003293902, 60278.33395637572, 61567.37508717924, 61884.08297020942, 86918.58407109976, 62448.74990079552, 59984.91600621492, 60990.04193674773, 61346.08399588615]}
