{"engine":"postgres17","workload":"select_sum_1m_i64","n_rows":1000000,"samples":16,"median_us":41928.708,"min_us":35380.875,"iterations_us":[92063.99996764958, 36935.5829898268, 35380.874993279576, 36281.79198130965, 38201.79193280637, 40031.74998797476, 39415.583945810795, 40803.999989293516, 44261.750066652894, 43641.666998155415, 46856.29205778241, 45294.417068362236, 40140.08305966854, 43433.87496192008, 43053.41700091958, 44534.915941767395]}
