{"engine":"sqlite3","workload":"select_avg_100k_i64","n_rows":100000,"samples":16,"median_us":1467.041,"min_us":1413.458,"iterations_us":[1485.500019043684, 1413.458026945591, 1437.8330088220537, 1447.6249925792217, 1457.0420025847852, 1462.9159704782069, 1464.4580078311265, 1444.2909741774201, 1565.2500442229211, 1457.8750124201179, 1576.5419811941683, 1479.750033468008, 1478.6249957978725, 1469.6249854750931, 1497.1659984439611, 1548.3750030398369]}
