{"engine":"sqlite3","workload":"select_sum_1m_i64","n_rows":1000000,"samples":32,"median_us":14299.771,"min_us":14111.166,"iterations_us":[14422.415988519788, 14111.166005022824, 14506.999985314906, 14735.333970747888, 14302.75000166148, 14594.624983146787, 14228.333020582795, 14587.457990273833, 14305.20904250443, 14497.875003144145, 14235.874987207353, 14290.417078882456, 14330.083969980478, 14127.00000219047, 14229.083084501326, 14256.124966777861, 14314.416912384331, 14182.499959133565, 14189.416076987982, 14381.499961018562, 14237.66603693366, 14338.375069200993, 14212.41695061326, 14135.124976746738, 14448.291040025651, 14150.624978356063, 14360.500033944845, 14229.62499782443, 14406.124944798648, 14180.250000208616, 14351.999969221652, 14296.79209832102]}
