{"engine":"sqlite3","workload":"select_sum_10k_i64","n_rows":10000,"samples":32,"median_us":137.896,"min_us":134.750,"iterations_us":[138.08300718665123, 139.12504073232412, 137.9579771310091, 141.20899140834808, 146.37503772974014, 137.66589108854532, 146.2909858673811, 138.00000306218863, 138.54203280061483, 140.1669578626752, 134.7500365227461, 142.0000335201621, 143.45895033329725, 137.9160676151514, 137.58300337940454, 137.91699893772602, 149.37494415789843, 137.54202518612146, 143.2499848306179, 137.74994295090437, 137.7919688820839, 137.7500593662262, 149.16702639311552, 137.70803343504667, 137.58300337940454, 137.62491289526224, 137.66600750386715, 137.79092114418745, 137.54202518612146, 137.41699513047934, 137.7500593662262, 137.8749730065465]}
