{"engine":"clickhouse","workload":"select_avg_100k_i64","n_rows":100000,"samples":32,"median_us":768.458,"min_us":615.0829140096903,"iterations_us":[777.7080172672868, 14179.375022649765, 1474.54091347754, 1028.2499715685844, 869.374955072999, 812.7079345285892, 765.0830084457994, 717.7500519901514, 771.8330016359687, 700.0420009717345, 901.0829962790012, 1088.1660273298621, 822.9579543694854, 747.6250175386667, 780.7919755578041, 777.5000995025039, 756.7079737782478, 791.3329172879457, 722.0000261440873, 638.5419983416796, 663.8339255005121, 619.62497420609, 616.1249475553632, 880.7919220998883, 1023.2089553028345, 846.708077006042, 673.3749760314822, 656.8329408764839, 684.3750597909093, 665.4999451711774, 648.2499884441495, 615.0829140096903]}
