{"engine":"sqlite3","workload":"select_sum_1m_i64","n_rows":1000000,"samples":32,"median_us":14592.229,"min_us":14370.166,"iterations_us":[14533.124980516732, 14468.207955360413, 14370.165998116136, 14487.875043414533, 14520.165976136923, 14743.083040229976, 14429.2910117656, 14571.249950677156, 14613.208011724055, 14563.99995367974, 14557.499904185534, 14492.291025817394, 14788.625063374639, 14565.91603346169, 14669.124968349934, 14416.416990570724, 14741.125050932169, 14391.834032721817, 14858.167036436498, 14835.541951470077, 14757.708995603025, 14531.625085510314, 14621.08304258436, 14675.542013719678, 14527.832972817123, 14627.20800191164, 14804.790960624814, 14651.666977442801, 14514.749986119568, 14766.208012588322, 15029.667061753571, 14706.49999100715]}
