{"engine":"duckdb","workload":"select_scan_100k","n_rows":100000,"samples":32,"median_us":9836.125,"min_us":8890.167,"iterations_us":[9036.750067025423, 10303.833056241274, 10400.666971690953, 10611.457983031869, 10350.50000064075, 10173.83299767971, 10041.833040304482, 10078.083025291562, 11631.750036031008, 9738.749940879643, 9845.374966971576, 9894.249960780144, 10022.750007919967, 9847.91701193899, 9847.834007814527, 9748.99996072054, 9802.084066905081, 9696.541004814208, 9837.124962359667, 9835.125063546002, 10930.91699294746, 9697.79200386256, 9756.50001782924, 9632.66589678824, 9795.16701772809, 9389.95904289186, 9916.62498563528, 9682.125062681735, 9663.625038228929, 9774.125064723194, 9015.124989673495, 8890.166995115578]}
