{"engine":"clickhouse","workload":"select_sum_10k_i64","n_rows":10000,"samples":32,"median_us":457.980,"min_us":355.41702527552843,"iterations_us":[566.6250362992287, 14264.125027693808, 848.8750318065286, 646.0420554503798, 759.4589842483401, 627.6250351220369, 531.7919421941042, 527.0839901641011, 515.5829712748528, 504.916999489069, 486.7089446634054, 469.9170822277665, 429.6669503673911, 412.5830018892884, 400.0000189989805, 441.4169816300273, 384.83296521008015, 378.9999755099416, 365.16692489385605, 358.45907405018806, 355.41702527552843, 362.9999700933695, 441.04200787842274, 442.99999717622995, 441.4169816300273, 429.7499544918537, 505.0830077379942, 761.3749476149678, 574.083998799324, 446.0420459508896, 517.4999823793769, 428.74994687736034]}
