{"engine":"duckdb","workload":"select_scan_100k","n_rows":100000,"samples":16,"median_us":10006.937,"min_us":9134.292,"iterations_us":[9134.291904047132, 10921.792010776699, 10661.458945833147, 10127.709014341235, 10038.66596147418, 10086.874943226576, 9876.957978121936, 10055.624996311963, 11170.166078954935, 9547.916008159518, 9856.207994744182, 9853.792027570307, 9648.291976191103, 9841.624996624887, 10006.124968640506, 10007.750010117888]}
