{"engine":"postgres17","workload":"select_avg_100k_i64","n_rows":100000,"samples":16,"median_us":37521.959,"min_us":23111.041,"iterations_us":[24912.625027354807, 23111.040994990617, 24759.416992310435, 33174.33298798278, 34693.45800112933, 37551.750021521, 36931.70804763213, 38506.45798956975, 38047.45897650719, 38781.45798807964, 37492.16702999547, 40426.49996699765, 37389.08399827778, 37999.8330026865, 37985.75000837445, 37558.45798877999]}
