{"engine":"clickhouse","workload":"select_sum_10k_i64","n_rows":10000,"samples":32,"median_us":460.375,"min_us":419.3750210106373,"iterations_us":[825.208961032331, 67357.62499738485, 923.6249607056379, 812.3340085148811, 566.5000062435865, 470.499973744154, 474.1669399663806, 530.7920509949327, 461.2080520018935, 464.0419501811266, 452.37503945827484, 491.9590428471565, 459.54203233122826, 446.12493366003036, 440.3749480843544, 457.45796523988247, 444.70897410064936, 667.7920464426279, 665.5830657109618, 687.6670522615314, 572.4169313907623, 446.291989646852, 441.16703793406487, 429.75007090717554, 447.2919972613454, 420.79202830791473, 419.3750210106373, 425.9999841451645, 427.9579734429717, 440.3749480843544, 521.5000128373504, 451.1249717324972]}
