{"engine":"sqlite3","workload":"select_sum_100k_i64","n_rows":100000,"samples":32,"median_us":1491.749,"min_us":1405.875,"iterations_us":[1486.6250567138195, 1536.6659499704838, 1492.6670119166374, 1481.7080227658153, 1424.4160847738385, 1733.4590665996075, 1573.8749643787742, 1607.4159648269415, 1505.0419606268406, 1493.0830802768469, 1491.7909866198897, 1700.7499700412154, 1521.9170600175858, 1485.4170149192214, 1491.7079824954271, 1472.2920022904873, 1463.4999679401517, 1680.6659987196326, 1534.2499827966094, 1521.0420824587345, 1484.000007621944, 1422.3749749362469, 1406.333060003817, 1483.0409782007337, 1565.5829338356853, 1491.375034675002, 1497.7919636294246, 1457.0419443771243, 1429.2909763753414, 1408.1669505685568, 1557.542011141777, 1405.87508212775]}
