{"engine":"sqlite3","workload":"select_scan_100k","n_rows":100000,"samples":16,"median_us":19781.896,"min_us":18066.250,"iterations_us":[18066.249962430447, 19951.208028942347, 19761.54203293845, 20571.792032569647, 19558.416970539838, 19795.917032752186, 19767.874968238175, 19696.208008099347, 19635.249977000058, 20008.12499318272, 19934.166979510337, 19944.20902337879, 19654.83301319182, 19818.87494912371, 19734.959001652896, 20516.457967460155]}
