{"engine":"duckdb","workload":"select_sum_100k_i64","n_rows":100000,"samples":16,"median_us":104.437,"min_us":96.834,"iterations_us":[115.83295417949557, 119.62500866502523, 111.1250021494925, 123.25000716373324, 103.33297541365027, 113.16698510199785, 96.83397365733981, 126.83303793892264, 107.12497169151902, 98.04201545193791, 105.49998842179775, 98.20802370086312, 102.45898738503456, 102.9159757308662, 100.33295257017016, 103.3750013448298]}
