{"engine":"clickhouse","workload":"select_sum_100k_i64","n_rows":100000,"samples":16,"median_us":870.938,"min_us":614.4170183688402,"iterations_us":[896.583020221442, 15572.3339994438, 1396.9999854452908, 969.999993685633, 876.2080105952919, 749.6660109609365, 695.4160053282976, 660.5840171687305, 627.0420271903276, 629.6249921433628, 1939.2920075915754, 1485.5419867672026, 975.7500374689698, 865.6670106574893, 823.416979983449, 614.4170183688402]}
