{"engine":"sqlite3","workload":"select_avg_10k_i64","n_rows":10000,"samples":16,"median_us":140.021,"min_us":139.834,"iterations_us":[140.8749958500266, 143.37501488626003, 140.00001829117537, 140.00001829117537, 141.58396515995264, 140.00001829117537, 140.0420442223549, 140.04192780703306, 140.00001829117537, 139.83401004225016, 140.04099648445845, 140.0420442223549, 139.87498823553324, 139.87498823553324, 139.95799235999584, 140.1669578626752]}
