{"engine":"clickhouse","workload":"select_scan_1m","n_rows":1000000,"samples":32,"median_us":68483.729,"min_us":55570.875061675906,"iterations_us":[55570.875061675906, 71536.20896860957, 74636.45900133997, 71721.29093669355, 70942.95893330127, 74806.83410540223, 71169.04098074883, 69588.75001873821, 70695.79104427248, 70098.58405217528, 68714.66594748199, 68479.37498241663, 68488.08308131993, 67384.00005269796, 71035.33309418708, 67194.00000292808, 65835.0830199197, 68030.95899522305, 66579.66692000628, 70255.37500157952, 114114.70803432167, 72689.16699104011, 66796.7910412699, 69318.33398994058, 67518.04193481803, 66098.83299097419, 67943.29197145998, 67279.91590742022, 65644.91696190089, 67784.29192490876, 65180.87501171976, 63112.45798133314]}
