{"engine":"sqlite3","workload":"select_scan_10k","n_rows":10000,"samples":16,"median_us":1842.188,"min_us":1808.333,"iterations_us":[1963.3750198408961, 1840.4580187052488, 1843.3749792166054, 1827.4169997312129, 1821.791986003518, 1862.7080135047436, 1823.8750053569674, 1828.5000114701688, 1845.7910045981407, 1831.2500324100256, 1860.1250485517085, 1841.000048443675, 1905.8330217376351, 1879.5409705489874, 1887.999998871237, 1808.3330360241234]}
