{"engine":"clickhouse","workload":"select_sum_100k_i64","n_rows":100000,"samples":32,"median_us":712.875,"min_us":592.3749413341284,"iterations_us":[781.7920995876193, 13755.458989180624, 1421.6250274330378, 1074.0829166024923, 850.0000694766641, 811.2910436466336, 712.9580480977893, 712.7919234335423, 739.9579044431448, 725.6669923663139, 694.4170454517007, 662.7499824389815, 835.500075481832, 936.6660378873348, 760.2919358760118, 690.6249327585101, 781.5000135451555, 666.4580432698131, 688.8749776408076, 699.0410620346665, 663.25010266155, 622.5419929251075, 592.3749413341284, 605.5410485714674, 648.1250748038292, 602.4580216035247, 815.9590652212501, 830.4580114781857, 808.3749562501907, 636.375043541193, 637.8339603543282, 619.6670001372695]}
