{"engine":"duckdb","workload":"select_sum_100k_i64","n_rows":100000,"samples":32,"median_us":107.020,"min_us":89.333,"iterations_us":[111.08303442597389, 114.70797471702099, 112.24998161196709, 103.12499944120646, 109.24995876848698, 99.33300316333771, 108.74995496124029, 121.74993753433228, 101.95898357778788, 110.87500024586916, 107.33294766396284, 96.66697587817907, 204.16697952896357, 96.91703598946333, 107.75006376206875, 124.1250429302454, 107.74994734674692, 96.24997619539499, 99.66606739908457, 104.1659852489829, 106.58300016075373, 111.33402585983276, 101.9590999931097, 118.37494093924761, 110.5419360101223, 102.33395732939243, 100.3750367090106, 106.70803021639585, 89.33304343372583, 98.91705121845007, 105.41710071265697, 109.74996257573366]}
