{"engine":"sqlite3","workload":"select_sum_10k_i64","n_rows":10000,"samples":32,"median_us":138.917,"min_us":135.417,"iterations_us":[211.58403251320124, 161.4589709788561, 140.54204802960157, 150.83292964845896, 146.95897698402405, 143.66593677550554, 138.25006317347288, 151.12501569092274, 140.9579999744892, 145.87503392249346, 136.41698751598597, 137.7500593662262, 139.58406634628773, 135.4169799014926, 147.04104978591204, 140.33401384949684, 137.79092114418745, 137.7500593662262, 137.54202518612146, 137.54097744822502, 145.54092194885015, 137.2500555589795, 137.41699513047934, 137.2919650748372, 149.04094859957695, 145.6249738112092, 137.45808973908424, 137.29208149015903, 137.49999925494194, 137.45797332376242, 145.87503392249346, 137.54097744822502]}
