{"engine":"postgres17","workload":"select_scan_10k","n_rows":10000,"samples":32,"median_us":30900.542,"min_us":27815.291,"iterations_us":[28657.207963988185, 33273.66698067635, 38378.04205249995, 28496.29195407033, 31287.79202234, 27815.291075967252, 28182.541020214558, 30833.29100627452, 31221.58406767994, 30297.29099944234, 30934.292008168995, 31993.917073123157, 30866.79195985198, 31596.957938745618, 31857.66702517867, 29007.99992494285, 29628.708958625793, 31024.24996905029, 37611.75007093698, 30973.16704224795, 31728.249974548817, 27944.916975684464, 31338.95806968212, 30236.874939873815, 28796.66700027883, 30685.5000089854, 31615.16599357128, 30570.16700040549, 28246.209025382996, 31201.91697962582, 31379.8749120906, 30295.916949398816]}
