{"engine":"sqlite3","workload":"select_avg_1m_i64","n_rows":1000000,"samples":32,"median_us":14287.229,"min_us":14057.959,"iterations_us":[14267.999911680818, 14308.33397898823, 14243.665966205299, 14344.79106683284, 14272.457920014858, 14416.332938708365, 14396.457932889462, 14448.917005211115, 14476.916054263711, 14267.25008059293, 14407.292008399963, 14177.083969116211, 14239.165931940079, 14338.99998664856, 14573.915977962315, 14427.124988287687, 14128.000009804964, 14280.375093221664, 14057.959080673754, 14255.834044888616, 14173.874980770051, 14294.459018856287, 14133.666991256177, 14284.7920069471, 14631.87497574836, 14177.083037793636, 14228.040934540331, 14529.625070281327, 14539.958909153938, 14541.166019625962, 14191.790949553251, 14289.665967226028]}
