{"engine":"clickhouse","workload":"select_avg_1m_i64","n_rows":1000000,"samples":32,"median_us":1758.063,"min_us":1463.4160324931145,"iterations_us":[1766.8749205768108, 13986.45795416087, 2188.999904319644, 1864.8749683052301, 1722.2919268533587, 1737.3749287799, 2259.791945107281, 2076.250035315752, 1760.3340093046427, 1602.9999824240804, 1578.0420508235693, 1789.6670615300536, 2475.2499302849174, 1716.7499754577875, 1511.4580746740103, 1504.5000473037362, 1531.9159720093012, 2170.4169921576977, 2145.625068806112, 1846.4169697836041, 1579.7499800100923, 1525.8329221978784, 1877.9999809339643, 2289.833966642618, 1749.0830505266786, 1581.7920211702585, 1463.4160324931145, 1518.2499773800373, 1966.250012628734, 1942.5000064074993, 1755.7920655235648, 1515.6249282881618]}
