{"engine":"duckdb","workload":"select_avg_10k_i64","n_rows":10000,"samples":32,"median_us":82.709,"min_us":72.084,"iterations_us":[105.04201054573059, 110.16603093594313, 103.08297351002693, 93.41700933873653, 93.8749872148037, 94.12504732608795, 84.62497498840094, 85.66700853407383, 83.45895912498236, 79.79199290275574, 76.16705261170864, 82.08397775888443, 84.87503509968519, 76.6250304877758, 84.75000504404306, 80.33402264118195, 87.91591972112656, 80.29199671000242, 74.87495895475149, 72.5829740986228, 80.95789235085249, 72.08401802927256, 94.29105557501316, 83.33404548466206, 79.74996697157621, 84.04103573411703, 72.08390161395073, 72.74991367012262, 76.83294825255871, 76.70791819691658, 89.332927018404, 74.20801557600498]}
