{"engine":"duckdb","workload":"select_avg_1m_i64","n_rows":1000000,"samples":16,"median_us":266.000,"min_us":258.208,"iterations_us":[284.37492437660694, 265.9170422703028, 278.95893435925245, 265.24998247623444, 263.20805773139, 266.083050519228, 258.62501934170723, 260.04191022366285, 273.3750734478235, 264.8750087246299, 258.20801965892315, 268.9590910449624, 293.33296697586775, 259.0420190244913, 266.3329942151904, 274.12502095103264]}
