{"engine":"clickhouse","workload":"select_sum_1m_i64","n_rows":1000000,"samples":32,"median_us":1872.437,"min_us":1465.3330435976386,"iterations_us":[1583.5840022191405, 109323.6249871552, 2316.91705994308, 2402.3340083658695, 1776.2500792741776, 1775.125041604042, 1596.9580272212625, 2089.915913529694, 2356.208977289498, 1864.7079123184085, 1822.5830281153321, 1794.5830477401614, 2278.7500638514757, 1988.7919770553708, 1792.8750021383166, 1531.125046312809, 1561.1250419169664, 1465.3330435976386, 2120.249904692173, 2320.5410689115524, 2036.791993305087, 1633.12500808388, 1577.083021402359, 1989.4590368494391, 2228.9169719442725, 1989.833079278469, 1880.1670521497726, 1532.8750014305115, 1847.1669172868133, 3095.540916547179, 2126.9579883664846, 1670.2500870451331]}
