{"engine":"sqlite3","workload":"select_scan_1m","n_rows":1000000,"samples":32,"median_us":206469.374,"min_us":189864.000,"iterations_us":[189864.00007270277, 206612.66602110118, 205428.8339568302, 206679.45803143084, 205418.0420236662, 206031.0000088066, 207377.20804754645, 206904.8749981448, 207258.87501612306, 207795.29097490013, 206551.70793179423, 212069.58394031972, 205724.08405132592, 206387.04090379179, 205714.5000435412, 205564.20797947794, 206206.37491811067, 206197.667052038, 207464.4590029493, 206780.20792547613, 206306.37498106807, 206046.04203253984, 205723.9169953391, 209985.91696843505, 205619.0420407802, 206725.45896377414, 206264.70807474107, 206265.70808235556, 208403.95789127797, 207205.2500443533, 207086.70804742724, 208058.00007656217]}
