{"engine":"postgres17","workload":"select_avg_10k_i64","n_rows":10000,"samples":16,"median_us":25106.917,"min_us":23298.417,"iterations_us":[24969.874997623265, 25654.708966612816, 25920.249987393618, 25113.58301853761, 24598.45901466906, 23298.416985198855, 25901.000015437603, 25558.458000887185, 25221.291987691075, 25691.542017739266, 23403.584025800228, 25454.208021983504, 25073.66699865088, 25100.250029936433, 24064.58300538361, 23854.0000282228]}
