{"engine":"clickhouse","workload":"select_scan_100k","n_rows":100000,"samples":32,"median_us":7102.125,"min_us":6536.2920286133885,"iterations_us":[6536.2920286133885, 8299.792069010437, 8051.167009398341, 7675.625034607947, 6994.833005592227, 7685.0419864058495, 8237.91604489088, 7198.165985755622, 6899.2499727755785, 6858.62498357892, 7255.0419718027115, 6752.209039404988, 7356.584072113037, 7062.791963107884, 6931.8750174716115, 6743.291043676436, 7030.040957033634, 6979.875033721328, 7354.124914854765, 6934.499950148165, 7412.459002807736, 6859.500077553093, 7027.709041722119, 7419.166038744152, 7738.791056908667, 6786.374957300723, 7141.45798701793, 7261.957973241806, 6810.500053688884, 6833.082996308804, 7884.624996222556, 10534.874978475273]}
