{"engine":"postgres17","workload":"select_sum_10k_i64","n_rows":10000,"samples":16,"median_us":24690.541,"min_us":24336.083,"iterations_us":[25637.25004438311, 24820.041027851403, 24511.50002889335, 25031.49991389364, 25401.625083759427, 24890.832952223718, 24780.208012089133, 24599.291966296732, 24589.00003693998, 24550.79206265509, 33527.999999932945, 25194.667046889663, 24336.082977242768, 24600.874981842935, 24522.583931684494, 24485.957925207913]}
