{"engine":"sqlite3","workload":"select_scan_10k","n_rows":10000,"samples":16,"median_us":1949.270,"min_us":1867.000,"iterations_us":[2214.042004197836, 1935.2079834789038, 1944.6249934844673, 2081.0410496778786, 2545.0840475969017, 1893.4999825432897, 1866.999955382198, 1881.4579816535115, 2135.4170166887343, 1937.6249983906746, 1927.083998452872, 2158.9590469375253, 1989.2500131390989, 2096.083015203476, 1953.915983904153, 1890.3750460594893]}
