{"engine":"postgres17","workload":"select_scan_1m","n_rows":1000000,"samples":16,"median_us":210431.625,"min_us":206680.292,"iterations_us":[217290.20797647536, 208692.91701819748, 218274.99999199063, 236936.37491669506, 224033.2500077784, 215575.79201180488, 209990.29197264463, 218942.6670083776, 226505.50003163517, 210872.95794859529, 206680.2920307964, 207979.79191411287, 207665.6250283122, 208292.20896121114, 207177.20803804696, 208618.91692038625]}
