{"engine":"sqlite3","workload":"select_scan_10k","n_rows":10000,"samples":32,"median_us":1932.896,"min_us":1855.417,"iterations_us":[2265.667077153921, 1918.2079704478383, 1904.3340580537915, 1977.000036276877, 1951.3749284669757, 1888.3749144151807, 1872.5419649854302, 1855.4170383140445, 1865.7080363482237, 2012.374927289784, 1929.6660320833325, 1909.2909060418606, 1938.4589977562428, 1907.5829768553376, 2192.58398283273, 2836.4580357447267, 1930.332975462079, 1932.4170425534248, 2177.540911361575, 2133.7500074878335, 1940.7920772209764, 1904.4579239562154, 1888.6670004576445, 2127.3749880492687, 1995.3330047428608, 1938.665984198451, 1899.1250544786453, 1867.5000173971057, 2011.4999497309327, 1933.3749078214169, 1958.124921657145, 1879.999996162951]}
