{"engine":"clickhouse","workload":"select_scan_10k","n_rows":10000,"samples":32,"median_us":1048.729,"min_us":932.5830033048987,"iterations_us":[1757.5829988345504, 1480.3329249843955, 1381.7909639328718, 1139.6249756217003, 1095.8329075947404, 1076.9999353215098, 1025.1249186694622, 1056.7079298198223, 1273.7080687656999, 1387.1249975636601, 1237.8750834614038, 1031.4580285921693, 1057.0840677246451, 1029.5829270035028, 979.5420337468386, 984.2920117080212, 973.2500184327364, 1180.8749986812472, 1438.791980035603, 1120.5410119146109, 965.4170135036111, 985.0419592112303, 995.4579873010516, 968.0410148575902, 932.5830033048987, 954.0000464767218, 935.6670780107379, 955.9589670971036, 1154.3750297278166, 1504.8750210553408, 1040.7499503344297, 994.2080359905958]}
