{"engine":"sqlite3","workload":"select_avg_1m_i64","n_rows":1000000,"samples":16,"median_us":14479.625,"min_us":14221.667,"iterations_us":[14497.334021143615, 14332.08305388689, 14890.45808557421, 14807.667001150548, 14625.584008172154, 14284.083037637174, 14549.041050486267, 14582.374948076904, 14359.749970026314, 14394.041965715587, 14663.166948594153, 14677.29196883738, 14235.457987524569, 14423.332992009819, 14221.666962839663, 14461.916056461632]}
