{"engine":"duckdb","workload":"select_scan_1m","n_rows":1000000,"samples":32,"median_us":99411.187,"min_us":81706.500,"iterations_us":[81706.49991370738, 107881.37500640005, 96801.70798674226, 99486.1249346286, 105050.62504671514, 96979.62505742908, 112655.58295417577, 98285.08296050131, 98873.00000991672, 99973.00000395626, 97969.24993861467, 113211.79196238518, 98194.25002206117, 98942.45793111622, 100094.12502404302, 100167.99997538328, 99985.08298303932, 102678.25005576015, 98215.2089709416, 106612.24997602403, 99336.24998666346, 109415.5409373343, 98229.95797730982, 99088.12493085861, 98283.20797532797, 98413.833999075, 104685.45905314386, 98630.91690931469, 97848.83400425315, 111311.04198284447, 105884.95794218034, 101122.41702154279]}
