{"engine":"sqlite3","workload":"select_sum_100k_i64","n_rows":100000,"samples":16,"median_us":1412.605,"min_us":1369.834,"iterations_us":[1624.083030037582, 1498.292083851993, 1474.9170513823628, 1427.4170389398932, 1436.667051166296, 1405.1670441403985, 1403.8749504834414, 1540.8340841531754, 1373.1661019846797, 1380.7499781250954, 1371.9579437747598, 1370.2079886570573, 1377.2499514743686, 1369.8339462280273, 1505.5000549182296, 1420.042011886835]}
