{"engine":"duckdb","workload":"select_avg_1m_i64","n_rows":1000000,"samples":16,"median_us":263.917,"min_us":243.042,"iterations_us":[276.2500080280006, 270.2919882722199, 268.33300944417715, 263.7500292621553, 264.0829770825803, 243.04201360791922, 248.91598150134087, 258.4169851616025, 266.49999199435115, 285.7919898815453, 275.5419700406492, 281.91698947921395, 259.91699658334255, 254.41701291128993, 256.91697373986244, 255.25002274662256]}
