{"engine":"duckdb","workload":"select_scan_1m","n_rows":1000000,"samples":32,"median_us":99282.874,"min_us":82671.750,"iterations_us":[82671.74998763949, 114847.58311416954, 97435.08289102465, 98772.20797352493, 104579.33298312128, 96647.20797445625, 101670.50000745803, 105130.91704342514, 99458.00004061311, 104556.54095858335, 98754.1249487549, 104038.70791196823, 95402.79093198478, 106714.12490773946, 98002.20793113112, 96770.66700533032, 97233.8339779526, 98863.70901949704, 113255.33303897828, 98087.25002221763, 103587.37502247095, 98290.87497200817, 98680.33300153911, 100104.87504769117, 110967.00001507998, 100459.45807360113, 98826.95798296481, 99683.58394689858, 99214.83299694955, 99350.91598890722, 106817.54210963845, 97334.45791061968]}
