{"engine":"clickhouse","workload":"select_avg_10k_i64","n_rows":10000,"samples":16,"median_us":464.813,"min_us":359.5410380512476,"iterations_us":[545.7910010591149, 13903.04195228964, 887.7910440787673, 877.0000422373414, 661.9999185204506, 498.4999541193247, 485.70800572633743, 480.2499897778034, 449.37501661479473, 423.33302553743124, 406.08400013297796, 375.79203490167856, 363.0829742178321, 360.2079814299941, 359.5410380512476, 359.5830639824271]}
