{"engine":"clickhouse","workload":"select_avg_100k_i64","n_rows":100000,"samples":16,"median_us":790.896,"min_us":675.1249893568456,"iterations_us":[796.5840050019324, 13530.375028494745, 1128.1670304015279, 957.3750430718064, 973.333022557199, 822.4159828387201, 785.2080161683261, 675.1249893568456, 719.2500052042305, 719.3330093286932, 755.2499882876873, 763.2499909959733, 855.9160050936043, 799.3750041350722, 761.6670336574316, 698.7079977989197]}
