{"engine":"sqlite3","workload":"select_scan_10k","n_rows":10000,"samples":16,"median_us":1895.333,"min_us":1848.125,"iterations_us":[2186.6250317543745, 1896.4579794555902, 1882.0000113919377, 1848.4590109437704, 2015.9999839961529, 1899.3330304510891, 1862.7079552970827, 1865.1660066097975, 2507.8339967876673, 2058.5000165738165, 1885.0829801522195, 1848.125015385449, 1912.0000069960952, 1894.208020530641, 2104.540995787829, 1886.6669852286577]}
