{"engine":"clickhouse","workload":"select_avg_100k_i64","n_rows":100000,"samples":32,"median_us":752.855,"min_us":612.4170031398535,"iterations_us":[759.4169583171606, 13260.084087960422, 1333.4170216694474, 1001.3330029323697, 793.9169881865382, 701.6250165179372, 730.2920566871762, 670.333974994719, 687.2079102322459, 678.2499840483069, 680.3750293329358, 949.0420343354344, 1145.582995377481, 903.0839428305626, 887.7910440787673, 759.1670146211982, 824.0829920396209, 734.5420308411121, 700.1670310273767, 702.7909159660339, 707.4580062180758, 741.5419677272439, 746.5420057997108, 617.9159972816706, 968.6669800430536, 1038.9579692855477, 938.7090103700757, 761.916977353394, 858.1249276176095, 734.9579827859998, 653.1249964609742, 612.4170031398535]}
