{"engine":"duckdb","workload":"select_scan_1m","n_rows":1000000,"samples":16,"median_us":93241.604,"min_us":79333.958,"iterations_us":[79333.95798318088, 91082.70797878504, 108405.12497816235, 92404.33294326067, 92772.83400297165, 99248.75001888722, 98854.79207150638, 93428.29207889736, 98397.95797597617, 95221.5000288561, 92551.50007084012, 93054.91601116955, 94786.95807047188, 99030.12495487928, 92705.29099740088, 92412.7500038594]}
