{"engine":"sqlite3","workload":"select_scan_1m","n_rows":1000000,"samples":16,"median_us":203264.604,"min_us":187370.417,"iterations_us":[187370.41699932888, 202586.50003233925, 202290.5420162715, 200076.70897757635, 203120.41696161032, 204644.12501314655, 205366.25001113862, 204897.667048499, 206618.20797249675, 203408.79197465256, 200664.4579814747, 207104.00003008544, 201196.8339793384, 206686.54097244143, 202788.66699663922, 203534.95801100507]}
