{"engine":"duckdb","workload":"select_avg_100k_i64","n_rows":100000,"samples":32,"median_us":113.750,"min_us":108.208,"iterations_us":[155.7080540806055, 165.25003593415022, 130.33300638198853, 130.83405792713165, 145.4170560464263, 130.45792002230883, 138.04109767079353, 132.25001748651266, 127.70900502800941, 130.99994976073503, 119.45795267820358, 135.70801820605993, 118.8330352306366, 116.79192539304495, 111.79200373589993, 115.29203038662672, 109.29093696177006, 110.37499643862247, 108.20792522281408, 110.66696606576443, 114.20901864767075, 111.58396955579519, 111.62494774907827, 112.9169249907136, 113.24998922646046, 108.95798914134502, 113.29096741974354, 112.9169249907136, 112.79096361249685, 110.99991388618946, 111.00003030151129, 110.87500024586916]}
