{"engine":"clickhouse","workload":"select_scan_100k","n_rows":100000,"samples":32,"median_us":7276.646,"min_us":6593.958009034395,"iterations_us":[11853.583040647209, 9075.457928702235, 8406.54200874269, 8845.000062137842, 7752.457982860506, 7466.958020813763, 16579.0420724079, 7669.375045225024, 6756.332935765386, 6969.999987632036, 7207.582937553525, 6743.375095538795, 7286.707987077534, 7269.791909493506, 7309.124921448529, 6619.707914069295, 6715.207942761481, 7283.500046469271, 7350.208004936576, 6614.667014218867, 7223.791908472776, 6997.916963882744, 6595.082930289209, 7204.20794095844, 8002.209011465311, 6650.709081441164, 6967.334076762199, 7352.667045779526, 6948.083988390863, 6593.958009034395, 8026.666939258575, 10261.167073622346]}
