{"engine":"duckdb","workload":"select_scan_1m","n_rows":1000000,"samples":32,"median_us":96822.563,"min_us":81013.167,"iterations_us":[81013.16704414785, 104292.4999492243, 96254.2500346899, 94679.8330405727, 96665.9999685362, 102557.20792338252, 109827.7079872787, 97791.41598846763, 95087.37502619624, 97561.3750051707, 103748.20802826434, 96172.3750224337, 95289.04198668897, 94808.87500103563, 96940.5829673633, 103906.83298464864, 95827.79195625335, 95609.49995648116, 97241.83299113065, 109057.45893251151, 94887.04102113843, 95502.08295695484, 95467.24997926503, 107754.16600517929, 96405.08401207626, 95438.16698715091, 98932.2499372065, 105162.41693403572, 96704.54205479473, 97137.58295401931, 98368.7499538064, 109051.45795550197]}
