{"engine":"duckdb","workload":"select_avg_100k_i64","n_rows":100000,"samples":16,"median_us":133.167,"min_us":120.500,"iterations_us":[148.37499475106597, 133.54199472814798, 126.29199773073196, 141.91603986546397, 130.58300828561187, 136.04096602648497, 136.04102423414588, 131.66602002456784, 133.5839624516666, 127.87495506927371, 123.16601350903511, 153.83295249193907, 132.79198901727796, 143.7499886378646, 121.16704601794481, 120.50004443153739]}
