{"engine":"duckdb","workload":"select_scan_10k","n_rows":10000,"samples":32,"median_us":880.146,"min_us":764.375,"iterations_us":[764.3750868737698, 1177.040976472199, 1025.2919746562839, 885.2079045027494, 891.5000362321734, 895.1249765232205, 889.6250510588288, 859.4589307904243, 1039.832946844399, 847.5839858874679, 851.1249907314777, 843.6660282313824, 932.6660074293613, 951.7080616205931, 884.4590047374368, 867.2080002725124, 874.7080573812127, 874.8749969527125, 858.9159697294235, 858.7499614804983, 883.0830920487642, 860.5000330135226, 873.6249292269349, 855.207908898592, 1010.0000072270632, 901.7499396577477, 877.3329900577664, 882.9580619931221, 885.6250206008554, 890.7909505069256, 874.2089848965406, 855.1669307053089]}
