{"engine":"clickhouse","workload":"select_avg_1m_i64","n_rows":1000000,"samples":32,"median_us":1701.312,"min_us":1475.4999428987503,"iterations_us":[2244.208939373493, 13805.16600329429, 2081.542043015361, 2390.375011600554, 2036.415971815586, 2052.666968666017, 1622.708048671484, 1645.167008973658, 2122.374949976802, 1999.2080051451921, 1845.1249925419688, 1650.7500549778342, 1675.9999562054873, 1575.583009980619, 1947.6250745356083, 1901.7079612240195, 1585.2079959586263, 1568.2909870520234, 1476.166071370244, 1504.6249609440565, 1908.0410711467266, 1726.6659997403622, 1643.0829418823123, 1516.625052317977, 1520.8330005407333, 1837.5830259174109, 2142.45798997581, 1726.625021547079, 1475.4999428987503, 1484.000007621944, 1551.6250859946012, 1557.040959596634]}
