{"engine":"sqlite3","workload":"select_sum_100k_i64","n_rows":100000,"samples":32,"median_us":1461.083,"min_us":1391.250,"iterations_us":[1492.5829600542784, 1471.9580067321658, 1457.2909567505121, 1448.000082746148, 1458.9170459657907, 1452.3750869557261, 1664.8339806124568, 1404.7090662643313, 1399.1660671308637, 1395.0830325484276, 1392.1249192208052, 1391.2500580772758, 3264.708095230162, 1529.7499485313892, 1499.4579833000898, 1509.1249952092767, 1474.916934967041, 1476.2911014258862, 1496.999990195036, 1589.8329438641667, 1503.5000396892428, 1460.5410397052765, 1454.0409902110696, 1450.875075533986, 1451.7080271616578, 1563.8329787179828, 1540.1669079437852, 1461.624982766807, 1464.5829796791077, 1443.0830487981439, 1437.5000027939677, 1411.292003467679]}
