{"engine":"sqlite3","workload":"select_avg_10k_i64","n_rows":10000,"samples":16,"median_us":139.271,"min_us":138.208,"iterations_us":[138.91601702198386, 139.58301860839128, 138.66700464859605, 141.9170293956995, 151.4590112492442, 138.95798474550247, 138.45897046849132, 138.5000068694353, 138.62497871741652, 138.58400052413344, 151.74999134615064, 152.1250233054161, 151.87502140179276, 145.5420278944075, 144.74999625235796, 138.20797903463244]}
