{"engine":"duckdb","workload":"select_sum_1m_i64","n_rows":1000000,"samples":32,"median_us":173.500,"min_us":148.584,"iterations_us":[214.25005979835987, 206.91694226115942, 202.5830326601863, 172.9999203234911, 182.12501890957355, 165.62500968575478, 155.0830202177167, 166.33293125778437, 186.75008323043585, 179.4169656932354, 150.9580761194229, 184.37509424984455, 170.37498764693737, 173.99992793798447, 150.0840298831463, 167.79208090156317, 161.041971296072, 159.9160023033619, 198.83306231349707, 358.7499959394336, 207.62498024851084, 237.04103659838438, 220.4589545726776, 269.49995663017035, 207.2911011055112, 168.2499423623085, 148.58401846140623, 159.95802823454142, 149.45794828236103, 207.12497644126415, 162.8330210223794, 171.79094720631838]}
