{"engine":"duckdb","workload":"select_sum_100k_i64","n_rows":100000,"samples":32,"median_us":102.166,"min_us":93.584,"iterations_us":[132.41695705801249, 114.0419626608491, 106.9169957190752, 134.9588856101036, 112.37501166760921, 122.37508781254292, 99.83300697058439, 110.83402205258608, 101.04198008775711, 111.79107241332531, 99.37502909451723, 106.41699191182852, 102.16701775789261, 102.70799975842237, 105.70802260190248, 109.41701475530863, 94.62505113333464, 105.95796629786491, 94.58302520215511, 110.66696606576443, 95.95893789082766, 96.33402805775404, 101.00007057189941, 100.16700252890587, 101.87493171542883, 99.12496898323298, 100.79098865389824, 94.70910299569368, 100.58400221168995, 93.58394891023636, 102.16597001999617, 102.25002188235521]}
