{"engine":"duckdb","workload":"select_scan_10k","n_rows":10000,"samples":16,"median_us":878.250,"min_us":725.500,"iterations_us":[725.4999945871532, 916.3749637082219, 866.8330265209079, 838.2920059375465, 1000.3750212490559, 946.7499912716448, 887.2090256772935, 867.5839635543525, 1047.7500036358833, 883.5829794406891, 877.9589552432299, 869.8749588802457, 876.7920080572367, 869.042007252574, 878.5409736447036, 1083.5409630089998]}
