{"engine":"clickhouse","workload":"select_sum_1m_i64","n_rows":1000000,"samples":32,"median_us":1760.187,"min_us":1499.1250354796648,"iterations_us":[1656.6659323871136, 14337.959000840783, 2049.208036623895, 2113.416907377541, 1699.62493237108, 1770.750037394464, 2092.7090663462877, 2014.916972257197, 1760.957995429635, 1618.9169837161899, 1595.2499816194177, 1499.1250354796648, 2082.5419342145324, 1826.6669940203428, 1907.4580632150173, 1541.0840278491378, 1860.2090422064066, 2240.3750335797668, 1719.7090201079845, 1691.6660824790597, 1577.4169005453587, 1531.6250501200557, 1509.1249952092767, 1984.7089424729347, 1949.374913237989, 1715.2499640360475, 1759.41688939929, 1688.6249650269747, 1899.5000282302499, 1740.208943374455, 1829.5419868081808, 1554.8330266028643]}
