{"engine":"duckdb","workload":"select_sum_1m_i64","n_rows":1000000,"samples":16,"median_us":164.084,"min_us":145.792,"iterations_us":[219.7920111939311, 226.5410148538649, 236.4169922657311, 187.62500258162618, 183.0830005928874, 184.29203191772103, 173.20900224149227, 164.70899572595954, 163.45898620784283, 145.79197159036994, 153.70897017419338, 155.7499635964632, 160.9169994480908, 153.58399832621217, 151.87502140179276, 152.45901886373758]}
