{"engine":"clickhouse","workload":"select_avg_1m_i64","n_rows":1000000,"samples":32,"median_us":1831.146,"min_us":1487.7499779686332,"iterations_us":[11907.999985851347, 17308.250069618225, 1984.4580674543977, 2258.292050100863, 1976.0840805247426, 2024.0829326212406, 1499.5000092312694, 1630.1249852403998, 2093.8339876011014, 2082.3340164497495, 1877.9580714181066, 1641.583046875894, 1546.5420437976718, 1556.9590032100677, 2025.9169396013021, 1833.625021390617, 1956.6250266507268, 1580.7090094313025, 1564.8329863324761, 1764.0829319134355, 2108.6669294163585, 1822.874997742474, 1780.9169366955757, 1525.250030681491, 1567.165949381888, 1987.4169956892729, 1939.290901646018, 1828.6670092493296, 1603.0409606173635, 1508.4580518305302, 1487.7499779686332, 1929.5420497655869]}
