{"engine":"postgres17","workload":"select_sum_1m_i64","n_rows":1000000,"samples":16,"median_us":38533.396,"min_us":33926.917,"iterations_us":[42830.833001062274, 33955.95797337592, 33926.91700719297, 35683.0419623293, 35451.54200401157, 36673.08302829042, 38198.79097864032, 38296.33299028501, 38770.45802073553, 39280.999975744635, 39420.12501647696, 37434.66699961573, 41106.834018137306, 48033.04199595004, 47246.75003672019, 45801.542000845075]}
