{"engine":"sqlite3","workload":"select_sum_100k_i64","n_rows":100000,"samples":16,"median_us":1436.021,"min_us":1351.208,"iterations_us":[1479.417027439922, 1620.4999992623925, 1462.1250447817147, 1459.2910301871598, 1454.7500177286565, 1453.9589756168425, 1464.9159857071936, 1393.499958794564, 1351.208018604666, 1379.8329746350646, 1391.5830058977008, 1408.5419825278223, 1418.0830330587924, 1416.1659637466073, 1488.7499855831265, 1386.9579997844994]}
