{"engine":"duckdb","workload":"select_avg_100k_i64","n_rows":100000,"samples":16,"median_us":131.542,"min_us":118.917,"iterations_us":[138.66700464859605, 165.41598597541451, 118.91697067767382, 122.75000335648656, 126.66697148233652, 137.58300337940454, 142.79200695455074, 145.25000005960464, 129.9590221606195, 138.9170065522194, 125.58302842080593, 120.74998812749982, 133.1249950453639, 124.87499043345451, 140.20904200151563, 128.54201486334205]}
