{"engine":"duckdb","workload":"select_sum_10k_i64","n_rows":10000,"samples":32,"median_us":83.583,"min_us":70.125,"iterations_us":[145.58399561792612, 100.37492029368877, 101.79099626839161, 108.41700714081526, 86.16701234132051, 87.62499783188105, 86.7919297888875, 85.4589743539691, 75.12501906603575, 70.1249809935689, 85.16700472682714, 91.83294605463743, 81.54194802045822, 73.66598583757877, 84.20890662819147, 86.50007657706738, 74.20801557600498, 73.58298171311617, 88.08390703052282, 80.79200051724911, 74.04095958918333, 93.50001346319914, 85.87504271417856, 76.91700011491776, 94.66696064919233, 76.91595237702131, 76.87497418373823, 82.95802399516106, 74.04200732707977, 81.20795246213675, 75.16692858189344, 71.7920484021306]}
