{"engine":"duckdb","workload":"select_avg_10k_i64","n_rows":10000,"samples":32,"median_us":83.147,"min_us":69.791,"iterations_us":[106.16600047796965, 120.24992611259222, 89.08298332244158, 99.54196866601706, 127.04194523394108, 91.6249118745327, 90.45901242643595, 87.37493772059679, 88.99997919797897, 73.7080117687583, 77.66694761812687, 84.70891043543816, 72.41591811180115, 82.83299393951893, 76.37497037649155, 85.66700853407383, 83.79202336072922, 69.99995093792677, 71.7920484021306, 69.79110185056925, 87.29205001145601, 84.08294524997473, 77.9168913140893, 83.0839853733778, 88.08297570794821, 81.79189171642065, 71.2500186637044, 77.79209408909082, 80.66603913903236, 77.9579859226942, 75.12501906603575, 83.20901542901993]}
