{"engine":"duckdb","workload":"select_scan_10k","n_rows":10000,"samples":16,"median_us":862.520,"min_us":753.875,"iterations_us":[753.8750069215894, 928.8339642807841, 901.3330563902855, 894.8750328272581, 864.9158990010619, 975.125003606081, 901.4159440994263, 881.7081106826663, 1015.1659371331334, 851.5830850228667, 845.541013404727, 837.6250043511391, 844.5830317214131, 842.7919819951057, 860.1250592619181, 841.5000047534704]}
