{"engine":"clickhouse","workload":"select_avg_100k_i64","n_rows":100000,"samples":16,"median_us":730.417,"min_us":647.7500428445637,"iterations_us":[854.7079632990062, 12477.582960855216, 933.6249786429107, 993.6250280588865, 813.1669601425529, 836.7910049855709, 752.4169632233679, 753.2500312663615, 708.4160461090505, 692.7920039743185, 691.5419944562018, 678.3750141039491, 672.499998472631, 687.5830003991723, 662.6669783145189, 647.7500428445637]}
