{"engine":"clickhouse","workload":"select_avg_10k_i64","n_rows":10000,"samples":16,"median_us":512.396,"min_us":455.2499740384519,"iterations_us":[669.916975311935, 13475.124957039952, 754.1250088252127, 547.5420039147139, 557.6250259764493, 622.7500271052122, 521.3749827817082, 475.957989692688, 455.2499740384519, 465.41698975488544, 503.41698806732893, 462.8750029951334, 596.166995819658, 490.00000581145287, 469.12499237805605, 459.2500044964254]}
