{"engine":"sqlite3","workload":"select_scan_1m","n_rows":1000000,"samples":16,"median_us":202024.709,"min_us":186569.333,"iterations_us":[186569.33307647705, 202264.2920492217, 210526.24995354563, 212407.2500737384, 208263.75007163733, 201004.79200482368, 201785.12495476753, 203859.7920909524, 204335.75008064508, 237091.54094103724, 201382.83306732774, 207649.62502289563, 201410.45795753598, 201410.95807775855, 200814.54201135784, 201615.1250572875]}
