{"engine":"duckdb","workload":"select_scan_100k","n_rows":100000,"samples":16,"median_us":9350.209,"min_us":8051.958,"iterations_us":[8051.957993302494, 9725.334006361663, 9454.207960516214, 9523.792017716914, 9360.083029605448, 9416.041022632271, 9561.625018250197, 9340.334043372422, 10535.749956034124, 9425.41699623689, 9232.083044480532, 9154.750034213066, 9127.666999120265, 9086.54200611636, 9045.917016919702, 8976.707991678268]}
