{"engine":"clickhouse","workload":"select_sum_100k_i64","n_rows":100000,"samples":16,"median_us":732.480,"min_us":655.7080196216702,"iterations_us":[1063.041971065104, 12725.958018563688, 1104.9999156966805, 778.2080210745335, 733.6250273510814, 731.3339738175273, 681.7500106990337, 671.7500509694219, 671.6250209137797, 794.3339878693223, 1080.959104001522, 786.2499915063381, 677.8750102967024, 710.9580328688025, 678.1670963391662, 655.7080196216702]}
