{"engine":"sqlite3","workload":"select_sum_100k_i64","n_rows":100000,"samples":32,"median_us":1466.125,"min_us":1412.958,"iterations_us":[1472.7499801665545, 1434.416975826025, 1461.957930587232, 1460.8330093324184, 1662.0419919490814, 1515.457988716662, 1491.4589701220393, 1454.7499595209956, 1451.2080233544111, 1450.5829894915223, 1451.499992981553, 1638.2080502808094, 1468.332950025797, 1467.70803257823, 1456.6249446943402, 1453.082892112434, 1449.582981877029, 1672.6249596104026, 1981.3340622931719, 3008.625004440546, 1496.792072430253, 1491.0000609233975, 1598.2500044628978, 1623.2080524787307, 1423.874986357987, 1412.9579067230225, 1419.0409565344453, 1416.5421016514301, 1413.7501129880548, 1527.9579674825072, 1464.5420014858246, 1534.709008410573]}
