{"engine":"sqlite3","workload":"select_scan_100k","n_rows":100000,"samples":16,"median_us":19272.042,"min_us":17794.500,"iterations_us":[17794.499988667667, 19574.542006012052, 19290.833035483956, 20102.957962080836, 19252.500031143427, 19425.874983426183, 19301.666994579136, 19199.666974600405, 19114.833034109324, 19183.542055543512, 19035.459030419588, 19427.834020461887, 19253.249978646636, 19356.000004336238, 19102.916005067527, 19944.58300760016]}
