{"engine":"clickhouse","workload":"select_sum_1m_i64","n_rows":1000000,"samples":32,"median_us":1688.229,"min_us":1480.459002777934,"iterations_us":[1794.7499873116612, 14153.082971461117, 2340.0000063702464, 1945.790951140225, 1780.5839888751507, 1643.8340535387397, 2078.7910325452685, 2200.916991569102, 1894.6659984067082, 1581.4169310033321, 1526.9999857991934, 1726.2500477954745, 1867.3751037567854, 1845.8750564604998, 1571.8750655651093, 1566.9160056859255, 1488.375011831522, 1650.208025239408, 1819.4998847320676, 1765.2909737080336, 1631.750026717782, 1581.6249651834369, 1567.4170572310686, 1644.7920352220535, 1792.791998013854, 1607.8330809250474, 1649.0420093759894, 1539.417076855898, 1480.459002777934, 1491.4579223841429, 1827.8330098837614, 1735.541969537735]}
