{"engine":"sqlite3","workload":"select_scan_10k","n_rows":10000,"samples":32,"median_us":1948.500,"min_us":1839.834,"iterations_us":[2097.1669582650065, 2074.542106129229, 1949.374913237989, 1895.4999977722764, 1844.7909969836473, 1839.8340325802565, 1960.7089925557375, 2120.250021107495, 2014.0419946983457, 1891.8339628726244, 1884.7909523174167, 2143.7499672174454, 2042.0000655576587, 1947.6249581202865, 1918.5839919373393, 1876.1249957606196, 1992.5000378862023, 1976.2500887736678, 1998.6249972134829, 1919.9589733034372, 1855.9590680524707, 1857.7500013634562, 2029.3749403208494, 1949.9579211696982, 3537.5410225242376, 1899.3329722434282, 2255.9580393135548, 1912.8749845549464, 1946.2499767541885, 1870.3339155763388, 1877.4999771267176, 2201.5839349478483]}
