{"engine":"clickhouse","workload":"select_scan_1m","n_rows":1000000,"samples":16,"median_us":65419.459,"min_us":50807.49990884215,"iterations_us":[50807.49990884215, 68127.12491955608, 68725.79094488174, 67373.6670287326, 65577.20911223441, 68507.7499365434, 65776.50003600866, 64940.58296084404, 66120.6659860909, 65806.29199743271, 64185.415976680815, 65261.707990430295, 63562.416937202215, 63039.416912943125, 63555.332948453724, 63161.58303525299]}
