{"engine":"sqlite3","workload":"select_scan_10k","n_rows":10000,"samples":32,"median_us":1908.417,"min_us":1801.084,"iterations_us":[2227.2500209510326, 1862.4999793246388, 1853.83390635252, 1801.084028556943, 1811.0830569639802, 2008.2499831914902, 1892.4579489976168, 1847.4999815225601, 1851.8329598009586, 1821.0840644314885, 2037.749974988401, 2035.4590378701687, 1952.3330265656114, 1908.250036649406, 1904.8749236389995, 2120.3330252319574, 1979.416934773326, 2678.4160872921348, 2142.749959602952, 1874.833949841559, 2195.2909883111715, 1933.8750280439854, 1907.0419948548079, 1890.8330239355564, 1908.582984469831, 2236.583037301898, 1968.3330319821835, 1899.2919940501451, 1865.7499458640814, 1858.334057033062, 2195.7079879939556, 1941.167050972581]}
