{"engine":"duckdb","workload":"select_scan_1m","n_rows":1000000,"samples":16,"median_us":95336.230,"min_us":82405.583,"iterations_us":[82405.58300167322, 95793.20799093693, 104563.66703147069, 92799.2079523392, 93838.33303581923, 92987.70903842524, 92314.45897603408, 96776.58299915493, 94299.08299352974, 92849.04203377664, 104500.41701551527, 95122.41702759638, 98042.625002563, 96184.54199517146, 95550.04199501127, 102693.12502350658]}
