{"engine":"duckdb","workload":"select_sum_100k_i64","n_rows":100000,"samples":16,"median_us":104.584,"min_us":100.959,"iterations_us":[127.04200344160199, 122.41699732840061, 108.95798914134502, 115.91595830395818, 139.6249863319099, 102.25002188235521, 101.20903607457876, 105.37501657381654, 103.66702917963266, 101.87498992308974, 106.04195995256305, 106.74999793991446, 102.125050034374, 100.9589759632945, 103.79200102761388, 103.70899690315127]}
