{"engine":"clickhouse","workload":"select_avg_100k_i64","n_rows":100000,"samples":16,"median_us":769.313,"min_us":634.8330061882734,"iterations_us":[913.7080051004887, 13625.958003103733, 1438.6250404641032, 858.0420399084687, 753.2080635428429, 1056.0420341789722, 756.0420781373978, 711.6249762475491, 686.7910269647837, 656.9999968633056, 652.7090445160866, 634.8330061882734, 676.5829166397452, 815.2080699801445, 890.1249384507537, 782.5830252841115]}
