{"engine":"duckdb","workload":"select_sum_100k_i64","n_rows":100000,"samples":32,"median_us":85.021,"min_us":78.375,"iterations_us":[109.83401443809271, 101.0410487651825, 90.08299093693495, 86.66596841067076, 84.62509140372276, 79.37499321997166, 78.50001566112041, 83.50005373358727, 78.37498560547829, 85.91602090746164, 93.41700933873653, 82.74998981505632, 81.834034062922, 87.25002408027649, 86.70799434185028, 107.74994734674692, 86.25001646578312, 86.58296428620815, 83.54103192687035, 83.12507998198271, 82.33299013227224, 82.5830502435565, 82.12495595216751, 81.29200432449579, 80.41597902774811, 80.16603533178568, 85.41601710021496, 87.66702376306057, 86.66608482599258, 92.87509601563215, 84.4169408082962, 114.66594878584146]}
