{"engine":"sqlite3","workload":"select_sum_10k_i64","n_rows":10000,"samples":16,"median_us":140.687,"min_us":137.500,"iterations_us":[137.49999925494194, 141.75003161653876, 141.08303003013134, 141.12499775364995, 138.75000877305865, 143.25004303827882, 140.58401575312018, 156.416033860296, 140.50002209842205, 140.66603034734726, 140.49996389076114, 140.49996389076114, 140.74996579438448, 140.2909983880818, 149.7080083936453, 140.70799807086587]}
