{"engine":"clickhouse","workload":"select_scan_100k","n_rows":100000,"samples":32,"median_us":7427.291,"min_us":6588.916992768645,"iterations_us":[6928.291986696422, 7986.582932062447, 8282.708004117012, 7824.916974641383, 7421.541027724743, 7397.125009447336, 7562.333019450307, 7433.040998876095, 7596.125011332333, 6588.916992768645, 7318.6669033020735, 7413.084036670625, 7757.042068988085, 6940.582999959588, 7339.457981288433, 7456.667022779584, 7102.083065547049, 6906.08297009021, 8239.291957579553, 7595.708942972124, 7514.833007007837, 6905.292044393718, 7482.292014174163, 7578.374934382737, 7303.833030164242, 7313.3750120177865, 7406.875025480986, 7229.0420066565275, 7540.499907918274, 6935.084005817771, 8344.708010554314, 11306.707980111241]}
