{"engine":"duckdb","workload":"select_scan_10k","n_rows":10000,"samples":32,"median_us":913.896,"min_us":807.333,"iterations_us":[807.3330391198397, 1035.3749385103583, 947.957974858582, 940.7090255990624, 917.0420235022902, 890.167080797255, 891.5000362321734, 1520.8330005407333, 6871.665944345295, 974.1249959915876, 880.2920347079635, 865.1670068502426, 899.416976608336, 880.4579265415668, 1082.7920632436872, 1022.6670419797301, 897.0829658210278, 909.6250869333744, 863.0420779809356, 853.0830964446068, 891.0830365493894, 877.5000460445881, 885.7500506564975, 937.3750071972609, 895.4590884968638, 1043.6250595375896, 917.4579754471779, 910.7498917728662, 985.2088987827301, 977.4999925866723, 964.6669495850801, 980.5420413613319]}
