{"engine":"postgres17","workload":"select_scan_1m","n_rows":1000000,"samples":32,"median_us":220787.417,"min_us":215996.792,"iterations_us":[222977.8750333935, 222799.95901044458, 220079.91699501872, 219591.91700443625, 220819.70795989037, 219427.1250627935, 223021.33403718472, 257413.95796649158, 238454.49998043478, 223441.87495764345, 217968.16599089652, 217241.1660430953, 216943.20905953646, 221761.87497098, 219147.58393540978, 217597.70798962563, 218897.66701497138, 223312.16698512435, 218397.16704562306, 220755.1250467077, 218662.66697179526, 221958.83397944272, 215996.79195787758, 225935.6250287965, 227986.41701228917, 253388.8330217451, 250891.95801410824, 219886.08303945512, 218984.87501312047, 221015.70898666978, 220020.04191745073, 224125.54104812443]}
