{"engine":"duckdb","workload":"select_scan_1m","n_rows":1000000,"samples":16,"median_us":95575.833,"min_us":80178.667,"iterations_us":[80178.66703448817, 93974.7910015285, 107106.83302022517, 96305.16701145098, 95577.00000004843, 94237.87501873448, 95395.12498304248, 106631.2079783529, 100780.87501460686, 95991.95898044854, 94092.2080189921, 95574.66697879136, 95237.83402983099, 106424.4580338709, 94240.1250358671, 96322.99997610971]}
