{"engine":"duckdb","workload":"select_scan_100k","n_rows":100000,"samples":32,"median_us":9846.104,"min_us":9504.333,"iterations_us":[10086.333961226046, 10927.707888185978, 10734.500014223158, 10427.833069115877, 10294.417035765946, 9867.084096185863, 10051.79202184081, 9872.250026091933, 11432.499974034727, 9704.167023301125, 9570.332942530513, 9625.000064261258, 9830.916998907924, 9738.916996866465, 9967.12502092123, 9850.124944932759, 10030.62492236495, 9938.915958628058, 9816.042031161487, 9858.458070084453, 10713.250027038157, 9504.33302205056, 9747.66700528562, 9578.209021128714, 9537.957957945764, 9724.583942443132, 10012.54201401025, 9716.915898025036, 9842.08402223885, 9716.041968204081, 9684.292017482221, 9810.458053834736]}
