{"engine":"sqlite3","workload":"select_avg_100k_i64","n_rows":100000,"samples":32,"median_us":1467.542,"min_us":1411.334,"iterations_us":[1441.541942767799, 1697.8339990600944, 1521.3750302791595, 1483.792089857161, 1485.2499589323997, 1431.875047273934, 1475.792028941214, 1442.3750108107924, 3756.4170779660344, 1545.7079280167818, 1506.6249761730433, 1497.8330582380295, 1497.2500503063202, 1716.9580096378922, 1411.3340293988585, 1438.5830145329237, 1444.249995984137, 1431.209035217762, 1435.3749575093389, 1433.4589941427112, 1694.3749506026506, 1563.08407895267, 1459.0409118682146, 1460.4589669033885, 1456.4580051228404, 1474.624965339899, 1594.5830382406712, 1480.6670369580388, 1443.2090101763606, 1450.3749553114176, 1448.0419922620058, 1412.8329930827022]}
