{"engine":"postgres17","workload":"select_scan_1m","n_rows":1000000,"samples":16,"median_us":210672.292,"min_us":206560.458,"iterations_us":[215548.75001311302, 209949.3330460973, 207415.75001738966, 209100.33298423514, 213171.37504229322, 211262.00002618134, 210599.25004374236, 210412.50001871958, 216400.20899940282, 206560.45799842104, 208740.6250066124, 211945.91699168086, 208483.87497244403, 210745.33398495987, 211010.08297409862, 211946.3330018334]}
