{"engine":"duckdb","workload":"select_avg_100k_i64","n_rows":100000,"samples":32,"median_us":127.021,"min_us":114.708,"iterations_us":[149.74991790950298, 150.49998182803392, 133.25002510100603, 135.99998783320189, 129.79097664356232, 126.6660401597619, 134.49997641146183, 129.45802882313728, 140.29094018042088, 129.87502850592136, 127.12506577372551, 133.70905071496964, 123.62492270767689, 137.584051117301, 126.83391105383635, 126.91598385572433, 124.54192619770765, 131.4579276368022, 124.208047054708, 125.2500806003809, 130.91694563627243, 121.41698971390724, 126.41598004847765, 125.87499804794788, 126.7079496756196, 184.166943654418, 135.16691979020834, 124.08394832164049, 114.70809113234282, 117.54198931157589, 123.33400081843138, 121.29195965826511]}
