{"engine":"sqlite3","workload":"select_scan_100k","n_rows":100000,"samples":32,"median_us":20257.417,"min_us":18822.083,"iterations_us":[18822.082900442183, 20757.291931658983, 20436.99997011572, 21309.709060005844, 20381.416892632842, 20580.415963195264, 20288.12502976507, 20318.750059232116, 20401.083049364388, 20133.708021603525, 20123.00002388656, 20253.292052075267, 20238.625002093613, 20185.62494777143, 20668.416982516646, 21739.16599713266, 20319.083938375115, 20261.542056687176, 20347.791025415063, 20449.95897449553, 20333.9580912143, 20218.542078509927, 20227.83295251429, 20136.62492390722, 20129.16700914502, 20156.75010625273, 20051.707979291677, 20725.916954688728, 19694.333081133664, 19920.874969102442, 19991.874927654862, 19855.292048305273]}
