{"engine":"duckdb","workload":"select_scan_100k","n_rows":100000,"samples":16,"median_us":9899.105,"min_us":8721.459,"iterations_us":[8721.459016669542, 10269.500024151057, 10560.167022049427, 10349.208023399115, 10316.166968550533, 10240.874951705337, 9959.832997992635, 9676.416986621916, 11236.666003242135, 9504.958987236023, 9673.66702388972, 9885.125036817044, 9887.291002087295, 9901.042038109154, 9619.750024285167, 9897.166979499161]}
