{"engine":"duckdb","workload":"select_avg_1m_i64","n_rows":1000000,"samples":32,"median_us":250.938,"min_us":203.958,"iterations_us":[256.41696993261576, 306.2920877709985, 336.62503119558096, 276.62492357194424, 231.79198615252972, 219.62507162243128, 231.66590835899115, 213.37508223950863, 283.95792469382286, 217.83297415822744, 228.41605823487043, 241.91697593778372, 255.70800062268972, 251.74999609589577, 219.87489890307188, 261.87498588114977, 240.99997244775295, 246.5000143274665, 287.79194690287113, 237.83301003277302, 255.29193226248026, 264.20806534588337, 243.08403953909874, 250.1250710338354, 273.3749570325017, 268.0419711396098, 269.04104743152857, 220.458023250103, 270.3750506043434, 203.95801402628422, 269.290991127491, 207.8750403597951]}
