{"engine":"clickhouse","workload":"select_avg_100k_i64","n_rows":100000,"samples":32,"median_us":733.980,"min_us":581.6660122945905,"iterations_us":[1075.8329881355166, 13317.374978214502, 1067.6250094547868, 912.9999671131372, 758.5829589515924, 881.7909983918071, 712.37504016608, 1180.41702080518, 1174.8750694096088, 815.875013358891, 857.5000101700425, 909.9999442696571, 875.2079447731376, 748.9159470424056, 736.959045752883, 709.1249572113156, 730.9999782592058, 705.9579947963357, 683.1670179963112, 892.7079616114497, 920.0830245390534, 653.7089357152581, 682.9999620094895, 702.959019690752, 673.6249197274446, 678.7909660488367, 652.87493634969, 581.6660122945905, 657.6250307261944, 659.1669516637921, 621.0419815033674, 596.7919714748859]}
