{"engine":"postgres17","workload":"select_scan_10k","n_rows":10000,"samples":16,"median_us":27756.147,"min_us":25484.292,"iterations_us":[25484.29201124236, 27752.33401916921, 28006.4590042457, 28435.999993234873, 28238.541970495135, 28239.62498223409, 29480.20800249651, 26821.541017852724, 28029.999986756593, 27759.958989918232, 27257.375011686236, 27419.834048487246, 27519.082999788225, 26975.832995958626, 27296.04102205485, 28811.58300442621]}
