{"engine":"sqlite3","workload":"select_scan_1m","n_rows":1000000,"samples":32,"median_us":206185.500,"min_us":189043.667,"iterations_us":[189043.66705100983, 203995.66600099206, 204735.2499794215, 206680.83301279694, 207040.6669517979, 208360.50005163997, 206291.87498707324, 206164.9999814108, 207418.2500364259, 207648.75004533678, 206470.37494927645, 212107.66700096428, 206767.04100333154, 207987.00000159442, 206512.6249799505, 206254.7910027206, 205820.95789723098, 204678.04197687656, 205463.1250211969, 205428.58296539634, 206302.3749506101, 204694.20903827995, 205164.62496016175, 211242.5829982385, 205309.49998646975, 204516.5830058977, 204645.62496636063, 204629.62496094406, 207967.25002583116, 205779.12498265505, 205613.7080071494, 206205.99994435906]}
