{"engine":"postgres17","workload":"select_scan_100k","n_rows":100000,"samples":16,"median_us":55996.416,"min_us":39054.333,"iterations_us":[40403.66702247411, 39054.33299951255, 50555.54199498147, 56270.457978826016, 59092.00001042336, 56071.75000477582, 54501.542006619275, 56888.95902130753, 53966.79200930521, 58254.20800829306, 56131.291028577834, 53433.791967108846, 58345.04100494087, 55921.08296696097, 53867.709008045495, 58340.91699216515]}
