{"engine":"sqlite3","workload":"select_avg_10k_i64","n_rows":10000,"samples":16,"median_us":149.250,"min_us":144.083,"iterations_us":[153.33294868469238, 150.49998182803392, 149.33303464204073, 149.2909505032003, 149.2080045863986, 149.37500236555934, 151.4590112492442, 149.25003051757812, 149.125000461936, 149.2080045863986, 149.2499723099172, 149.00002861395478, 153.4579787403345, 144.24999244511127, 144.08305287361145, 144.2920183762908]}
