{"engine":"duckdb","workload":"select_sum_1m_i64","n_rows":1000000,"samples":16,"median_us":184.812,"min_us":169.291,"iterations_us":[202.58297445252538, 190.1250216178596, 197.45901226997375, 186.99996871873736, 181.95802113041282, 178.66701819002628, 182.87496641278267, 196.62495469674468, 191.2089646793902, 177.2909890860319, 186.0000193119049, 195.24997333064675, 173.04200446233153, 183.6249721236527, 169.29104458540678, 177.95898020267487]}
