{"engine":"postgres17","workload":"select_avg_100k_i64","n_rows":100000,"samples":16,"median_us":39018.896,"min_us":24381.834,"iterations_us":[27209.041989408433, 24381.83402409777, 26500.832987949252, 25266.542041208595, 35925.958014559, 38530.83302965388, 39988.62503794953, 39456.41696918756, 39675.958978477865, 39132.95903475955, 40135.459043085575, 40469.75000528619, 40094.20803049579, 38904.83296709135, 36300.45801401138, 40009.832999203354]}
