{"engine":"duckdb","workload":"select_sum_100k_i64","n_rows":100000,"samples":16,"median_us":106.896,"min_us":94.167,"iterations_us":[114.83300477266312, 94.16701504960656, 114.24999684095383, 123.91596101224422, 114.95902435854077, 105.7499903254211, 111.95900151506066, 108.87498501688242, 104.5000390149653, 108.00000745803118, 103.87500515207648, 110.417022369802, 105.7499903254211, 105.79102672636509, 103.04199531674385, 104.29101530462503]}
