{"engine":"sqlite3","workload":"select_scan_100k","n_rows":100000,"samples":32,"median_us":19794.958,"min_us":18663.791,"iterations_us":[18663.79100829363, 20020.290976390243, 19859.749940223992, 20637.916051782668, 19861.041917465627, 19799.916073679924, 19608.000060543418, 19721.999997273088, 19675.16599688679, 19749.125000089407, 19770.707935094833, 19471.374922432005, 19490.291946567595, 19764.874945394695, 19747.207988984883, 20659.37500447035, 19617.79093835503, 19789.999932982028, 19705.62501810491, 20114.62498921901, 19772.87500631064, 19734.08309277147, 19825.833034701645, 19998.37497714907, 19857.79101960361, 19725.624937564135, 20238.750032149255, 20674.875006079674, 20179.999992251396, 20027.457969263196, 19930.582959204912, 19884.16607491672]}
