{"engine":"clickhouse","workload":"select_scan_100k","n_rows":100000,"samples":32,"median_us":7359.959,"min_us":6907.917093485594,"iterations_us":[7035.79094260931, 8352.208998985589, 7952.917017973959, 7812.166935764253, 7632.9580042511225, 7186.749950051308, 7658.166927285492, 7498.875027522445, 7226.332905702293, 6945.9580117836595, 7192.375021986663, 7234.083954244852, 7727.209012955427, 7211.207994259894, 7477.417006157339, 7385.790930129588, 6915.541016496718, 6907.917093485594, 8039.208012633026, 7376.583991572261, 7070.499937981367, 7255.083997733891, 7343.333913013339, 7049.541920423508, 7782.458094879985, 7191.4170403033495, 7508.1250397488475, 7035.000016912818, 7013.958063907921, 7466.041017323732, 8127.7909921482205, 11077.540926635265]}
