{"engine":"clickhouse","workload":"select_avg_100k_i64","n_rows":100000,"samples":32,"median_us":708.333,"min_us":611.3339914008975,"iterations_us":[894.2090207710862, 13679.957948625088, 1191.8750824406743, 836.4589884877205, 770.1670983806252, 871.7500604689121, 1160.2080194279552, 889.1250472515821, 751.374987885356, 919.0409909933805, 797.9581132531166, 707.4169116094708, 703.4169975668192, 689.5000115036964, 701.2080168351531, 683.6249958723783, 709.2499872669578, 664.8340495303273, 822.8749502450228, 757.9999510198832, 762.4590070918202, 613.9170145615935, 788.4999504312873, 660.7499672099948, 659.4160804525018, 643.3749804273248, 667.833024635911, 623.4160391613841, 617.8749026730657, 655.4160499945283, 611.3339914008975, 614.207936450839]}
