{"engine":"clickhouse","workload":"select_scan_100k","n_rows":100000,"samples":16,"median_us":7261.396,"min_us":6338.040984701365,"iterations_us":[7569.250010419637, 9108.166967052966, 7414.583000354469, 8481.749973725528, 7899.334013927728, 7136.832980904728, 7453.291967976838, 6460.583012085408, 7477.457984350622, 6998.000026214868, 6654.666969552636, 6535.707972943783, 7385.958975646645, 6338.040984701365, 6635.99994732067, 6354.041048325598]}
