{"engine":"sqlite3","workload":"select_avg_10k_i64","n_rows":10000,"samples":32,"median_us":137.251,"min_us":136.709,"iterations_us":[137.74994295090437, 137.37508561462164, 137.62502931058407, 137.20907736569643, 137.2919650748372, 141.00002590566874, 140.54100029170513, 137.49999925494194, 137.9579771310091, 137.70791701972485, 137.33305968344212, 137.58300337940454, 136.8329394608736, 137.2919650748372, 139.7079322487116, 136.91606000065804, 136.79091352969408, 137.08299957215786, 137.49999925494194, 137.8330634906888, 145.83300799131393, 136.91699132323265, 136.79196126759052, 136.87508180737495, 136.8329394608736, 136.75005175173283, 136.83398719877005, 136.70907355844975, 136.75005175173283, 136.79091352969408, 136.87508180737495, 136.95901725441217]}
