{"engine":"sqlite3","workload":"select_scan_100k","n_rows":100000,"samples":16,"median_us":19510.979,"min_us":18177.083,"iterations_us":[18177.082994952798, 19503.08302184567, 19742.79200658202, 20258.374977856874, 19413.083035033196, 19535.666040610522, 19267.08297105506, 19244.292052462697, 19130.49997529015, 19224.165997002274, 19252.459052950144, 19605.084031354636, 20218.542020302266, 20257.750002201647, 19518.874993082136, 20009.958010632545]}
