{"engine":"sqlite3","workload":"select_sum_1m_i64","n_rows":1000000,"samples":16,"median_us":14511.438,"min_us":13907.291,"iterations_us":[39622.04098934308, 25767.83299446106, 16749.209025874734, 19052.04198556021, 14607.249991968274, 14444.375003222376, 14977.999962866306, 14624.541043303907, 14369.542011991143, 14127.707981970161, 14330.500038340688, 14578.500005882233, 14288.54203550145, 13907.290995121002, 14090.374985244125, 14283.416967373341]}
