{"engine":"clickhouse","workload":"select_sum_1m_i64","n_rows":1000000,"samples":16,"median_us":1783.875,"min_us":1456.082914955914,"iterations_us":[2130.792010575533, 17333.45806133002, 2287.7920418977737, 2098.832977935672, 1751.1670012027025, 1572.9579608887434, 1559.042022563517, 1650.0840429216623, 1921.6659711673856, 1816.5839137509465, 1502.2919978946447, 1618.0829843506217, 1456.082914955914, 1977.8329879045486, 1838.9169126749039, 1533.8750090450048]}
