{"engine":"sqlite3","workload":"select_avg_10k_i64","n_rows":10000,"samples":16,"median_us":136.167,"min_us":135.958,"iterations_us":[136.49999164044857, 140.1670160703361, 136.24998973682523, 136.20802201330662, 136.16698561236262, 136.04102423414588, 135.99998783320189, 136.16698561236262, 135.95796190202236, 136.20901154354215, 136.0829919576645, 136.0829919576645, 136.2909679301083, 135.9590096399188, 139.75001638755202, 135.99998783320189]}
