{"engine":"sqlite3","workload":"select_scan_100k","n_rows":100000,"samples":16,"median_us":19177.771,"min_us":18623.875,"iterations_us":[18623.874988406897, 19699.958036653697, 19221.74997162074, 20280.75000271201, 19208.66599539295, 19245.04101043567, 19202.750001568347, 19331.708026584238, 19093.208014965057, 19152.79100649059, 19130.041007883847, 19011.124968528748, 19068.875000812113, 18847.54200000316, 19025.45796474442, 19929.583999328315]}
