{"engine":"clickhouse","workload":"select_avg_10k_i64","n_rows":10000,"samples":32,"median_us":489.959,"min_us":415.66602885723114,"iterations_us":[717.1659963205457, 14624.750008806586, 994.1669413819909, 584.6669664606452, 680.1249692216516, 754.8329886049032, 620.1670039445162, 470.29205597937107, 494.16697584092617, 619.1669963300228, 555.8329867199063, 545.5829668790102, 506.54204096645117, 493.50003246217966, 463.9170365408063, 465.79097397625446, 462.3339045792818, 486.41697503626347, 485.79194117337465, 483.37504267692566, 477.0420491695404, 474.166008643806, 464.49992805719376, 601.8750136718154, 768.8750047236681, 533.9999916031957, 464.8329922929406, 457.5839266180992, 415.66602885723114, 459.9998937919736, 443.66600923240185, 450.20796824246645]}
