{"engine":"sqlite3","workload":"select_scan_10k","n_rows":10000,"samples":16,"median_us":1886.813,"min_us":1835.583,"iterations_us":[2106.1250008642673, 1880.1250262185931, 1885.5000380426645, 1980.2500028163195, 1874.1668900474906, 1892.8329227492213, 1885.3329820558429, 1882.3749851435423, 1990.708988159895, 1888.1249707192183, 1835.583010688424, 1850.5840562283993, 1981.2079844996333, 1987.2499397024512, 2010.582946240902, 1845.9169659763575]}
