{"engine":"duckdb","workload":"select_scan_100k","n_rows":100000,"samples":32,"median_us":9672.166,"min_us":8587.083,"iterations_us":[8587.082964368165, 9997.95796815306, 9892.917005345225, 9878.915967419744, 9701.250004582107, 9629.75004222244, 9270.45801654458, 9442.374925129116, 10713.625000789762, 9338.999981991947, 9247.708017937839, 9254.458011128008, 9213.375044055283, 9659.208008088171, 9686.125093139708, 9745.16593851149, 9660.125011578202, 9682.958014309406, 9617.04202927649, 9797.999984584749, 10946.916998364031, 9562.583989463747, 9644.08298023045, 9779.91707623005, 9944.208082742989, 9481.332963332534, 9979.333961382508, 9661.374962888658, 9854.375035502017, 9803.000022657216, 9843.16598623991, 9389.500017277896]}
