{"engine":"postgres17","workload":"select_avg_1m_i64","n_rows":1000000,"samples":32,"median_us":47550.479,"min_us":38462.167,"iterations_us":[44266.04206673801, 38462.16690726578, 39322.457974776626, 40603.58298011124, 42554.66698668897, 43995.29204238206, 44703.08299642056, 44006.45894929767, 47502.29197088629, 48919.54199410975, 48534.54104159027, 45937.54198867828, 46461.66693419218, 47448.875033296645, 49195.16702648252, 46717.37493481487, 43947.041034698486, 47944.582998752594, 43797.37505223602, 46521.62501588464, 48734.41706877202, 47598.66592939943, 50604.208023287356, 48436.08406372368, 48276.49996150285, 48594.79202423245, 81115.04197586328, 57996.08305096626, 53351.958049461246, 50747.58396949619, 52829.91600688547, 48155.95899708569]}
