{"engine":"duckdb","workload":"select_avg_100k_i64","n_rows":100000,"samples":32,"median_us":129.500,"min_us":118.250,"iterations_us":[183.70896577835083, 151.04201156646013, 133.79205483943224, 133.41708108782768, 145.29190957546234, 152.54109166562557, 129.87502850592136, 140.791991725564, 148.79205264151096, 127.91703920811415, 147.08400703966618, 129.12508100271225, 126.20806228369474, 130.99994976073503, 146.41706366091967, 128.74999083578587, 124.50001668184996, 127.1669752895832, 120.95796409994364, 133.29205103218555, 125.16696006059647, 144.20796651393175, 127.37500946968794, 120.66704221069813, 140.62493573874235, 123.79209510982037, 128.33299115300179, 130.16699813306332, 118.25002729892731, 128.16698290407658, 118.49997099488974, 122.25005775690079]}
