{"engine":"sqlite3","workload":"select_avg_100k_i64","n_rows":100000,"samples":16,"median_us":1481.771,"min_us":1387.584,"iterations_us":[1497.7080281823874, 1474.2089551873505, 1482.0420183241367, 1601.1670231819153, 1509.5410053618252, 1501.2910007499158, 1481.5000467933714, 1488.2920077070594, 1477.458979934454, 1486.3340184092522, 1741.1669832654297, 1435.208017937839, 1402.2919931448996, 1388.9999827370048, 1389.7090102545917, 1387.5840231776237]}
