{"engine":"duckdb","workload":"select_sum_10k_i64","n_rows":10000,"samples":32,"median_us":90.896,"min_us":76.708,"iterations_us":[107.70896915346384, 97.41703979671001, 105.6670444086194, 108.00000745803118, 93.8749872148037, 92.20896754413843, 93.79198309034109, 125.70794206112623, 77.9579859226942, 92.95798372477293, 95.74997238814831, 90.62502067536116, 82.62507617473602, 89.79206904768944, 89.99998681247234, 85.29098704457283, 94.00001727044582, 91.16705041378736, 81.41703438013792, 99.79098103940487, 89.70801718533039, 102.83291339874268, 87.9999715834856, 76.70803461223841, 90.16599506139755, 90.12501686811447, 94.00001727044582, 84.50006134808064, 93.50001346319914, 81.41703438013792, 87.83303201198578, 79.66591510921717]}
