{"engine":"sqlite3","workload":"select_sum_1m_i64","n_rows":1000000,"samples":16,"median_us":14042.791,"min_us":13732.958,"iterations_us":[14034.040970727801, 14347.916992846876, 14334.124978631735, 13736.583001445979, 13905.958039686084, 13795.999984722584, 13732.95800294727, 14385.083050001413, 14124.916982837021, 14230.458997189999, 14188.87497857213, 13862.916035577655, 14145.958004519343, 14051.541977096349, 13815.20798895508, 13885.666034184396]}
