{"engine":"clickhouse","workload":"select_scan_10k","n_rows":10000,"samples":32,"median_us":1133.417,"min_us":1016.2090184167027,"iterations_us":[1618.625014089048, 1137.2920125722885, 1101.7079232260585, 1239.7910468280315, 1440.207939594984, 1072.7910557761788, 1322.9589676484466, 1077.4580296128988, 1020.0829710811377, 1071.083010174334, 1066.9589973986149, 1104.291994124651, 1385.79192571342, 1133.5419258102775, 1246.8330096453428, 1043.1250557303429, 1030.8749042451382, 1124.1660686209798, 1043.4170253574848, 1016.2090184167027, 1058.249967172742, 2640.4160307720304, 1866.5000097826123, 1262.50006724149, 1192.4159480258822, 1139.6249756217003, 1133.291982114315, 1511.2919500097632, 1438.7500705197453, 1269.417000003159, 1049.417071044445, 1054.7080310061574]}
