{"engine":"duckdb","workload":"select_avg_10k_i64","n_rows":10000,"samples":16,"median_us":96.375,"min_us":65.042,"iterations_us":[134.58402827382088, 101.29099246114492, 113.45802340656519, 102.7919352054596, 96.24997619539499, 89.45900481194258, 102.25002188235521, 112.20795568078756, 101.25001426786184, 87.70893327891827, 90.58299474418163, 96.50003630667925, 87.7920538187027, 89.58298712968826, 87.91591972112656, 65.04193879663944]}
