{"engine":"postgres17","workload":"select_scan_10k","n_rows":10000,"samples":16,"median_us":30655.938,"min_us":27854.875,"iterations_us":[31832.66700943932, 33527.958963532, 32493.62501082942, 28651.750006247312, 31009.792000986636, 30779.87500000745, 29432.500014081597, 30380.333017092198, 29177.04201536253, 30715.083004906774, 30053.915979806334, 30709.00001330301, 27854.874962940812, 30602.874991018325, 30933.417030610144, 30014.208052307367]}
