{"engine":"duckdb","workload":"select_sum_10k_i64","n_rows":10000,"samples":16,"median_us":85.208,"min_us":75.584,"iterations_us":[112.33403347432613, 102.7500256896019, 106.49999603629112, 96.04200022295117, 92.79203368350863, 93.83301949128509, 84.41699901595712, 85.6249826028943, 87.70800195634365, 84.66601138934493, 84.79098323732615, 82.70802209153771, 75.58398647233844, 82.74998981505632, 78.33301788195968, 82.87496166303754]}
