{"engine":"sqlite3","workload":"select_scan_1m","n_rows":1000000,"samples":32,"median_us":209417.834,"min_us":194157.166,"iterations_us":[194157.16594085097, 210370.6249035895, 208729.37492094934, 209287.20792289823, 208557.6249519363, 207892.41697639227, 208541.79107118398, 209635.75004134327, 250610.375078395, 209298.66703227162, 208244.95807755738, 216188.41704912484, 207972.04202972353, 209537.00004611164, 209597.20900282264, 209666.49998445064, 210981.33304622024, 209896.20906766504, 210372.87497892976, 210394.37490981072, 208854.33303192258, 210997.9580854997, 208525.29094554484, 216015.00001270324, 208391.37502480298, 209678.45804989338, 208639.08296450973, 210334.6249787137, 209052.5410603732, 209053.99997718632, 208793.8340846449, 211621.0840176791]}
