{"engine":"clickhouse","workload":"select_scan_1m","n_rows":1000000,"samples":16,"median_us":62371.792,"min_us":48095.749982167035,"iterations_us":[48095.749982167035, 64605.250023305416, 64036.4580322057, 63221.62499418482, 62481.16702772677, 64073.0420127511, 62599.29103543982, 62916.37499816716, 62298.58397273347, 62444.99998865649, 60704.458970576525, 61539.91603059694, 60690.50001678988, 60180.83298113197, 60139.167006127536, 59340.29200579971]}
