{"engine":"duckdb","workload":"select_sum_100k_i64","n_rows":100000,"samples":16,"median_us":101.104,"min_us":83.459,"iterations_us":[121.12502008676529, 118.12499724328518, 112.91704140603542, 96.9169195741415, 112.04101610928774, 100.25000665336847, 255.37493638694286, 200.12492313981056, 91.45902004092932, 98.66699110716581, 96.12506255507469, 101.95805225521326, 125.50002429634333, 95.87500244379044, 83.45907554030418, 99.87503290176392]}
