{"engine":"sqlite3","workload":"select_avg_1m_i64","n_rows":1000000,"samples":16,"median_us":14410.937,"min_us":13980.750,"iterations_us":[15685.041027609259, 14485.083986073732, 14138.915983494371, 14502.79203709215, 14502.125035505742, 14364.000002387911, 14190.250018145889, 14092.666970100254, 14581.166964489967, 14514.332986436784, 14167.417015414685, 14457.874989602715, 14465.583022683859, 13980.749994516373, 14259.457995649427, 14035.416999831796]}
