{"engine":"sqlite3","workload":"select_sum_100k_i64","n_rows":100000,"samples":16,"median_us":1405.917,"min_us":1403.208,"iterations_us":[1408.5409929975867, 1405.7499938644469, 1424.7920480556786, 1415.999955497682, 1411.916979122907, 1412.1659914962947, 1408.8339521549642, 1403.2080071046948, 1403.7909568287432, 1404.5420102775097, 1405.9169916436076, 1405.9169916436076, 1405.833987519145, 1405.4159983061254, 1405.7499938644469, 1406.2499976716936]}
