{"engine":"duckdb","workload":"select_avg_100k_i64","n_rows":100000,"samples":32,"median_us":128.334,"min_us":122.042,"iterations_us":[138.54203280061483, 132.12498743087053, 139.37498442828655, 132.4170734733343, 145.62509022653103, 132.99996498972178, 125.20805466920137, 133.6670247837901, 138.04202899336815, 125.74996799230576, 128.875020891428, 129.33299876749516, 128.416926600039, 126.04193761944771, 125.4999078810215, 128.41704301536083, 126.79107021540403, 127.24997941404581, 128.9580250158906, 128.2920129597187, 128.3750170841813, 124.83308091759682, 125.4999078810215, 127.49992311000824, 122.5409796461463, 125.20793825387955, 122.04202357679605, 135.4999840259552, 124.87499043345451, 125.04099868237972, 125.3749942407012, 167.79208090156317]}
