{"engine":"sqlite3","workload":"select_sum_1m_i64","n_rows":1000000,"samples":16,"median_us":13844.646,"min_us":13763.792,"iterations_us":[13907.20799099654, 14038.374996744096, 13766.792020760477, 13878.124998882413, 13766.666001174599, 13819.249987136573, 13765.54201124236, 13859.999948181212, 13824.291992932558, 13763.791997916996, 13793.54199161753, 13829.292031005025, 13887.208013329655, 14294.874970801175, 14240.33398507163, 14160.750026348978]}
