{"engine":"sqlite3","workload":"select_sum_1m_i64","n_rows":1000000,"samples":32,"median_us":14658.938,"min_us":14281.625,"iterations_us":[16792.207956314087, 17369.12503838539, 15234.58305746317, 19940.415979363024, 14964.457950554788, 14281.62504453212, 14623.208087868989, 14337.416039779782, 14563.125092536211, 17510.666977614164, 16931.333113461733, 15167.250065132976, 14476.249925792217, 14309.666003100574, 17000.74994005263, 14730.75000103563, 14283.583033829927, 14521.291013807058, 14352.875063195825, 14523.042016662657, 14508.70803091675, 17426.874954253435, 14434.749959036708, 14618.291985243559, 14378.417050465941, 14694.66695562005, 19895.500037819147, 14343.874994665384, 17305.624904111028, 14425.250003114343, 17292.16694366187, 17010.999959893525]}
