{"engine":"sqlite3","workload":"select_scan_100k","n_rows":100000,"samples":16,"median_us":20343.875,"min_us":18655.375,"iterations_us":[18655.374995432794, 20258.584059774876, 20347.8749608621, 21349.709015339613, 20294.707966968417, 20342.999952845275, 20482.33395908028, 20458.166021853685, 20165.91699793935, 20194.33304667473, 20344.749907962978, 20278.415991924703, 20181.04202579707, 20716.75006300211, 38628.125097602606, 28204.208007082343]}
