{"engine":"postgres17","workload":"select_scan_10k","n_rows":10000,"samples":16,"median_us":27603.437,"min_us":26868.542,"iterations_us":[29634.792008437216, 28658.750001341105, 27681.375038810074, 27518.833056092262, 27610.582998022437, 27423.040941357613, 27095.58396600187, 28373.3339747414, 28333.00002384931, 27415.999909862876, 28043.16603578627, 26868.542074225843, 27053.166995756328, 28489.500051364303, 27191.917062737048, 27596.291969530284]}
