{"engine":"clickhouse","workload":"select_scan_10k","n_rows":10000,"samples":32,"median_us":1097.083,"min_us":953.2079566270113,"iterations_us":[1466.665999032557, 1679.4169787317514, 1260.4999355971813, 1167.4999259412289, 1186.4170664921403, 1103.9170203730464, 1052.9999854043126, 1022.4580764770508, 1020.5419966951013, 1205.1670346409082, 1565.2920119464397, 1319.000031799078, 1205.1250087097287, 1052.2500379011035, 1035.6249986216426, 1067.6250094547868, 1019.6249932050705, 1054.8339923843741, 1284.2080323025584, 1047.7500036358833, 1095.7919294014573, 1045.1660491526127, 1077.7499992400408, 983.7920079007745, 983.834033831954, 962.749938480556, 953.2079566270113, 1163.7919815257192, 1394.583028741181, 1098.3750689774752, 1107.5830552726984, 1186.2090323120356]}
