{"engine":"duckdb","workload":"select_avg_10k_i64","n_rows":10000,"samples":32,"median_us":91.729,"min_us":78.083,"iterations_us":[132.62499123811722, 130.70798013359308, 94.12504732608795, 99.83300697058439, 116.12498201429844, 113.49993292242289, 99.95896834880114, 89.0420051291585, 92.7499495446682, 90.2919564396143, 94.20805145055056, 91.99988562613726, 88.79101369529963, 91.45902004092932, 92.54203177988529, 94.54204700887203, 79.66707926243544, 88.79101369529963, 96.29200212657452, 89.58298712968826, 89.95807729661465, 86.5840120241046, 86.91602852195501, 86.95910219103098, 92.00000204145908, 95.29199451208115, 79.37499321997166, 79.12504952400923, 97.24998380988836, 78.08301597833633, 81.08292240649462, 88.16691115498543]}
