{"engine":"duckdb","workload":"select_avg_1m_i64","n_rows":1000000,"samples":16,"median_us":266.125,"min_us":223.208,"iterations_us":[261.9580482132733, 267.9169992916286, 265.75004449114203, 251.3750223442912, 252.70803598687053, 226.4580107294023, 223.20804418995976, 261.87498588114977, 270.3749923966825, 270.2500205487013, 263.7499710544944, 273.2080174610019, 268.7909873202443, 266.49999199435115, 268.6660154722631, 270.70799842476845]}
