{"engine":"postgres17","workload":"select_avg_10k_i64","n_rows":10000,"samples":16,"median_us":24701.000,"min_us":22951.292,"iterations_us":[23517.291992902756, 24064.166995231062, 22951.291990466416, 24669.87504158169, 23751.417000312358, 24468.20796467364, 24732.124991714954, 25630.04195690155, 23505.999997723848, 23027.083021588624, 25507.583981379867, 26528.999966103584, 25476.499984506518, 25796.66703240946, 24886.37500209734, 24757.084029261023]}
