{"engine":"clickhouse","workload":"select_avg_10k_i64","n_rows":10000,"samples":32,"median_us":531.292,"min_us":449.3329906836152,"iterations_us":[579.209066927433, 13322.417042218149, 1175.0840349122882, 1020.4169666394591, 643.6669500544667, 581.6249176859856, 594.9999904260039, 533.499987795949, 532.6248938217759, 507.70898815244436, 535.0419087335467, 509.70795564353466, 495.41692715138197, 477.50002704560757, 477.20898874104023, 465.832999907434, 454.37493827193975, 473.29196240752935, 451.6249755397439, 614.7909443825483, 602.1250737830997, 665.8330094069242, 614.0830228105187, 587.5419592484832, 533.0829881131649, 529.9589829519391, 493.45800653100014, 481.3750274479389, 458.124908618629, 517.9580766707659, 470.3750601038337, 449.3329906836152]}
