{"engine":"duckdb","workload":"select_sum_10k_i64","n_rows":10000,"samples":16,"median_us":93.312,"min_us":83.666,"iterations_us":[119.9589460156858, 100.99995415657759, 92.25000394508243, 90.33299284055829, 84.49994493275881, 103.87500515207648, 99.04202306643128, 101.37498611584306, 104.29200483486056, 93.04098784923553, 95.58297460898757, 83.66600377485156, 87.04198990017176, 93.58295938000083, 91.58399188891053, 93.04203558713198]}
