{"engine":"clickhouse","workload":"select_avg_1m_i64","n_rows":1000000,"samples":32,"median_us":1777.208,"min_us":1489.124959334731,"iterations_us":[1797.04197216779, 14259.0421019122, 2072.167000733316, 1778.2499780878425, 1654.125051572919, 1577.1249309182167, 1605.916884727776, 2064.1250303015113, 1806.874992325902, 1931.5839745104313, 1601.2080013751984, 1976.5410106629133, 1987.0830001309514, 1780.6249670684338, 1749.2090119048953, 1570.7080019637942, 1550.2090100198984, 1489.124959334731, 2049.292088486254, 1852.9999069869518, 1776.1660274118185, 1653.2499575987458, 1575.12491568923, 1506.2920283526182, 1934.707979671657, 1765.2909737080336, 1794.7499873116612, 1568.333012983203, 1736.5419771522284, 2067.374996840954, 1797.2909845411777, 1714.541926048696]}
