{"engine":"clickhouse","workload":"select_scan_10k","n_rows":10000,"samples":16,"median_us":1057.333,"min_us":897.8750556707382,"iterations_us":[2038.1249487400055, 1351.3340381905437, 1171.9580506905913, 958.1249905750155, 957.5409349054098, 958.1249905750155, 1221.250044181943, 1083.4160493686795, 1283.7080284953117, 1384.7500085830688, 1191.8339878320694, 1031.2499944120646, 970.790977589786, 897.8750556707382, 995.8749869838357, 1024.2919670417905]}
