{"engine":"clickhouse","workload":"select_avg_10k_i64","n_rows":10000,"samples":32,"median_us":461.729,"min_us":396.291958168149,"iterations_us":[728.3750455826521, 15679.875039495528, 820.16596570611, 793.0829888209701, 901.6669355332851, 783.4578864276409, 546.5840222314, 560.4999605566263, 449.83404222875834, 548.5420115292072, 492.7909467369318, 486.99998296797276, 456.62501361221075, 410.5000989511609, 400.0829067081213, 396.291958168149, 406.5410466864705, 406.62498213350773, 506.3749849796295, 437.0409296825528, 466.83300752192736, 414.7080471739173, 448.2909571379423, 715.1670288294554, 678.2499840483069, 477.50002704560757, 437.6659635454416, 412.29091584682465, 429.4170066714287, 436.33393943309784, 404.5830573886633, 416.66708420962095]}
