{"engine":"duckdb","workload":"select_scan_100k","n_rows":100000,"samples":16,"median_us":9196.479,"min_us":8011.542,"iterations_us":[8011.542027816176, 9694.5830155164, 9577.459015417844, 9237.37499397248, 9203.124966006726, 9189.833013806492, 9096.24999621883, 9225.4169867374, 10451.957990881056, 9243.500011507422, 9259.83302295208, 9048.292005900294, 8998.12497664243, 8960.542036220431, 9068.166022188962, 8982.41699906066]}
