{"engine":"sqlite3","workload":"select_scan_100k","n_rows":100000,"samples":32,"median_us":20259.042,"min_us":19339.583,"iterations_us":[19339.58299923688, 20622.459007427096, 20907.290978357196, 21333.209006115794, 20242.12502874434, 20296.7090299353, 20451.750024221838, 19945.999956689775, 19989.29097317159, 20377.16598715633, 20028.54202874005, 20911.584026180208, 20874.707959592342, 20660.58397758752, 20523.417042568326, 21598.458057269454, 20957.542001269758, 20639.29196447134, 20155.999925918877, 20410.29091924429, 19755.33296354115, 19677.874981425703, 19878.124934621155, 19942.209008149803, 20135.16705483198, 20275.958930142224, 20067.333010956645, 20961.37509215623, 19991.874927654862, 19873.291021212935, 19958.624965511262, 19526.207935996354]}
