{"engine":"clickhouse","workload":"select_scan_10k","n_rows":10000,"samples":16,"median_us":1029.292,"min_us":984.1659921221435,"iterations_us":[1599.749957676977, 1092.6250251941383, 1028.4169693477452, 1038.875023368746, 1030.1669826731086, 997.7919980883598, 1048.8340049050748, 1012.6249981112778, 1017.0419700443745, 1011.3749885931611, 984.4579617492855, 984.1659921221435, 1056.916022207588, 1087.7499589696527, 1075.9580181911588, 1000.3339848481119]}
