{"engine":"postgres17","workload":"select_scan_100k","n_rows":100000,"samples":16,"median_us":55709.791,"min_us":39201.875,"iterations_us":[39201.87504263595, 42517.291964031756, 40724.791993852705, 51306.74998508766, 59287.50004386529, 57202.12502637878, 55657.49999368563, 55411.45795723423, 56800.291989929974, 55762.0829786174, 60722.75002952665, 54444.50001232326, 55842.16600982472, 55894.041957799345, 54882.12499767542, 58282.41695417091]}
