{"engine":"clickhouse","workload":"select_avg_1m_i64","n_rows":1000000,"samples":16,"median_us":1767.188,"min_us":1557.875075377524,"iterations_us":[1718.2499868795276, 14476.750046014786, 2001.9999938085675, 1751.8330132588744, 1745.1250459998846, 2530.542085878551, 2043.9999643713236, 1803.2079096883535, 1679.2920650914311, 1610.417035408318, 2153.4579573199153, 2187.0420314371586, 1755.5000958964229, 1638.165907934308, 1557.875075377524, 1778.8750119507313]}
