{"engine":"sqlite3","workload":"select_avg_1m_i64","n_rows":1000000,"samples":32,"median_us":14552.146,"min_us":14194.459,"iterations_us":[14430.999988690019, 14516.000053845346, 14406.915986910462, 14382.207999005914, 14567.957958206534, 14825.999969616532, 14851.207961328328, 14844.499994069338, 14567.79194995761, 14849.749975837767, 14784.916071221232, 14707.458089105785, 15019.374899566174, 14647.54098560661, 14597.458066418767, 14653.541962616146, 14445.708016864955, 14779.000077396631, 14521.333039738238, 14501.458033919334, 14550.084015354514, 14276.625006459653, 14554.208028130233, 14229.166903533041, 14385.91699115932, 14194.459072314203, 14322.66691699624, 14593.667001463473, 14415.959012694657, 14232.957968488336, 14308.334095403552, 14575.084089301527]}
