{"engine":"duckdb","workload":"select_sum_100k_i64","n_rows":100000,"samples":32,"median_us":104.417,"min_us":91.041,"iterations_us":[114.70797471702099, 106.54202196747065, 108.04191697388887, 124.70793444663286, 116.12498201429844, 106.16600047796965, 99.75000284612179, 101.33394971489906, 102.29193139821291, 105.54201435297728, 114.08294085413218, 101.66596621274948, 108.08405932039022, 107.95798152685165, 108.37498120963573, 91.04108903557062, 102.62499563395977, 101.62510443478823, 98.37502148002386, 99.66595098376274, 110.99991388618946, 95.87500244379044, 101.04198008775711, 106.62490967661142, 96.58397175371647, 102.49996557831764, 98.7079693004489, 101.33301839232445, 177.87492834031582, 120.91593816876411, 103.29100769013166, 110.91702617704868]}
