{"engine":"sqlite3","workload":"select_sum_1m_i64","n_rows":1000000,"samples":16,"median_us":14253.854,"min_us":14016.458,"iterations_us":[14378.749998286366, 14350.458048284054, 14187.749999109656, 14469.166984781623, 14562.416996341199, 14348.125027026981, 14041.499991435558, 14233.209018129855, 14253.333036322147, 14254.374953452498, 14016.458007972687, 14370.832999702543, 14127.667003776878, 14096.042024903, 14286.87502630055, 14089.000003878027]}
