{"engine":"postgres17","workload":"select_avg_1m_i64","n_rows":1000000,"samples":16,"median_us":42658.375,"min_us":36971.625,"iterations_us":[44411.416980437934, 36971.624940633774, 37231.249967589974, 39218.833087943494, 38249.33397118002, 40196.374990046024, 40905.54208960384, 41500.542080029845, 42290.00001214445, 44919.0839426592, 43026.74997597933, 43503.29202134162, 46995.20790018141, 43477.041996084154, 45926.49999540299, 46963.834087364376]}
