{"engine":"postgres17","workload":"select_avg_1m_i64","n_rows":1000000,"samples":16,"median_us":40820.105,"min_us":37170.584,"iterations_us":[43711.25000761822, 37604.74995942786, 37170.58396432549, 38896.708050742745, 39623.791992198676, 40885.29205182567, 39539.58302736282, 39790.207985788584, 43253.749958239496, 41237.875004298985, 43789.6249932237, 43561.66598154232, 40754.917019512504, 41171.58299777657, 38166.958023793995, 41301.41600035131]}
