{"engine":"clickhouse","workload":"select_sum_1m_i64","n_rows":1000000,"samples":16,"median_us":1724.584,"min_us":1517.374999821186,"iterations_us":[1770.6669750623405, 13002.208026591688, 1965.3750350698829, 1912.6669503748417, 1968.8330357894301, 1761.3749951124191, 1612.125022802502, 1596.0000455379486, 1545.5419779755175, 1901.1659896932542, 1687.792013399303, 1664.1669790260494, 1527.2080199792981, 1629.2909858748317, 1517.374999821186, 1869.7089981287718]}
