{"engine":"duckdb","workload":"select_sum_1m_i64","n_rows":1000000,"samples":16,"median_us":167.125,"min_us":144.875,"iterations_us":[201.95799879729748, 184.95903350412846, 168.7080366536975, 178.084010258317, 169.8340056464076, 186.7909450083971, 169.41700596362352, 165.54200556129217, 156.7919971421361, 176.3750333338976, 146.8330156058073, 156.20794147253036, 163.70892990380526, 149.83303844928741, 144.87490989267826, 149.8749479651451]}
