{"engine":"clickhouse","workload":"select_sum_10k_i64","n_rows":10000,"samples":16,"median_us":559.145,"min_us":359.83300767838955,"iterations_us":[1162.540982477367, 77462.79099956155, 959.8330361768603, 669.3750037811697, 1332.2499580681324, 1064.9170144461095, 656.3750212080777, 610.7909721322358, 507.500022649765, 419.4170469418168, 406.5419780090451, 390.20803524181247, 373.83404560387135, 368.08301229029894, 368.66700975224376, 359.83300767838955]}
