{"engine":"sqlite3","workload":"select_sum_10k_i64","n_rows":10000,"samples":16,"median_us":140.979,"min_us":131.083,"iterations_us":[167.12502110749483, 146.1249776184559, 151.91594138741493, 146.58295549452305, 140.49990568310022, 137.41699513047934, 131.08307030051947, 140.04099648445845, 149.08297453075647, 132.5838966295123, 132.95805547386408, 141.4580037817359, 144.62496619671583, 137.12502550333738, 146.95897698402405, 140.3329661116004]}
