{"engine":"clickhouse","workload":"select_sum_10k_i64","n_rows":10000,"samples":16,"median_us":503.542,"min_us":396.9579702243209,"iterations_us":[660.8749972656369, 65281.7499358207, 955.207971855998, 582.9579895362258, 699.8750614002347, 652.7920486405492, 577.1249998360872, 485.66702753305435, 503.7919618189335, 503.2919580116868, 468.7090404331684, 439.4159186631441, 486.49997916072607, 411.54108475893736, 396.9579702243209, 426.87496170401573]}
