{"engine":"duckdb","workload":"select_avg_10k_i64","n_rows":10000,"samples":16,"median_us":94.771,"min_us":77.833,"iterations_us":[114.83300477266312, 86.25001646578312, 108.37503941729665, 90.12501686811447, 94.24996096640825, 87.62499783188105, 86.04198228567839, 83.1250217743218, 96.04200022295117, 108.54203719645739, 79.79100337252021, 95.6250005401671, 96.24997619539499, 77.83301407471299, 109.95898628607392, 95.29199451208115]}
