{"engine":"postgres17","workload":"select_scan_10k","n_rows":10000,"samples":16,"median_us":28218.334,"min_us":26185.916,"iterations_us":[26185.91603823006, 28322.917001787573, 28844.584012404084, 27841.29197243601, 27764.416998252273, 27682.208048645407, 28113.750042393804, 27253.541979007423, 28323.874983470887, 28819.833998568356, 28084.91699397564, 29398.332990240306, 26833.040989004076, 28742.042020894587, 28751.290985383093, 28450.791025534272]}
