{"engine":"postgres17","workload":"select_sum_1m_i64","n_rows":1000000,"samples":32,"median_us":47895.687,"min_us":37695.916,"iterations_us":[48844.29194498807, 37695.916020311415, 39679.04101591557, 39883.70799925178, 40289.08396139741, 41961.25001180917, 44636.04197371751, 46577.37503293902, 50713.24994787574, 46230.62501195818, 48071.87500409782, 47275.79199243337, 50548.12505841255, 49540.79200979322, 46532.707987353206, 52237.41591908038, 48599.49997626245, 52370.00004854053, 47298.04093949497, 46975.41706264019, 48638.58292810619, 47577.79196370393, 48522.83303625882, 49895.1249755919, 47931.66695162654, 91830.41704818606, 46396.3330257684, 47859.70796365291, 47487.62503731996, 49045.2500525862, 50743.41606814414, 49273.166921921074]}
