{"engine":"clickhouse","workload":"select_scan_1m","n_rows":1000000,"samples":32,"median_us":66802.208,"min_us":54956.04197494686,"iterations_us":[54956.04197494686, 71054.16699778289, 73197.16701749712, 73069.12494823337, 70904.5419935137, 72227.74997353554, 70180.6670986116, 96626.91608536988, 88759.54209361225, 69709.75000876933, 68018.08392629027, 69703.95799726248, 67320.74997853488, 67019.70798894763, 68307.58310388774, 66789.99995347112, 64543.416956439614, 67877.5830892846, 65710.2920813486, 64446.08292076737, 66065.50002470613, 65691.87494460493, 63385.58404240757, 65054.791048169136, 64782.458008266985, 62849.45900551975, 65575.20804926753, 64995.33401802182, 63295.3749736771, 66814.41701948643, 64272.87496626377, 65053.666941821575]}
