{"engine":"sqlite3","workload":"select_avg_100k_i64","n_rows":100000,"samples":16,"median_us":1419.937,"min_us":1395.541,"iterations_us":[1492.333016358316, 1511.4579582586884, 1766.083063557744, 1455.084071494639, 1423.2080429792404, 1413.749996572733, 1412.999932654202, 1416.665967553854, 1410.2919958531857, 1566.6669933125377, 1448.000082746148, 1446.1660757660866, 1411.0420597717166, 1397.124957293272, 1395.5410104244947, 1409.458927810192]}
