{"engine":"sqlite3","workload":"select_scan_1m","n_rows":1000000,"samples":32,"median_us":210370.937,"min_us":195077.958,"iterations_us":[195077.95805111527, 212626.45802926272, 212070.12503873557, 211381.41700066626, 210776.16699039936, 210768.20802409202, 209939.33302816004, 211455.08298650384, 254729.1669761762, 216575.95806755126, 214089.45904113352, 217185.45793555677, 210966.6659962386, 211380.08299749345, 210339.62501678616, 210297.4170120433, 210783.70895702392, 210402.24994067103, 209792.41700842977, 209316.16704910994, 209646.1250912398, 210273.4170621261, 209841.24997630715, 214677.91695613414, 207659.33289658278, 208157.45799336582, 210071.20900321752, 209566.75009801984, 209780.00003378838, 209688.4170314297, 209507.20901601017, 210681.70899525285]}
