{"engine":"duckdb","workload":"select_sum_1m_i64","n_rows":1000000,"samples":32,"median_us":172.959,"min_us":144.459,"iterations_us":[187.58303485810757, 176.66700296103954, 188.16697411239147, 186.45799718797207, 177.083071321249, 174.58410002291203, 183.12502652406693, 177.66596283763647, 176.3750333338976, 172.3329769447446, 181.2500413507223, 202.70806271582842, 177.70903650671244, 161.83394473046064, 184.62492153048515, 162.20798715949059, 161.666888743639, 153.50000467151403, 144.9580304324627, 154.66695185750723, 240.1249948889017, 182.9169923439622, 173.58409240841866, 162.37504314631224, 147.04198110848665, 169.29209232330322, 157.74997882544994, 164.25002831965685, 153.7920907139778, 160.04208009690046, 147.7920450270176, 144.45895794779062]}
