{"engine":"duckdb","workload":"select_sum_1m_i64","n_rows":1000000,"samples":16,"median_us":187.834,"min_us":171.375,"iterations_us":[205.4589567705989, 212.99999207258224, 202.0830288529396, 207.9170080833137, 203.2499760389328, 203.54101434350014, 187.50003073364496, 191.9170026667416, 175.41699344292283, 188.16697411239147, 174.99999376013875, 183.16699424758554, 172.66598297283053, 180.95801351591945, 171.37499526143074, 181.12495308741927]}
