{"engine":"postgres17","workload":"select_scan_1m","n_rows":1000000,"samples":16,"median_us":242291.062,"min_us":209911.708,"iterations_us":[249508.4999827668, 218149.6659759432, 242742.7499787882, 242680.4169663228, 240352.33299946412, 241901.70801011845, 249015.9579901956, 246210.8340114355, 244132.54100363702, 278488.5829896666, 210017.74998148903, 230504.41697705537, 240373.5830448568, 224057.29198362678, 209911.70802153647, 258462.70803594962]}
