{"engine":"duckdb","workload":"select_scan_1m","n_rows":1000000,"samples":16,"median_us":94881.271,"min_us":81346.375,"iterations_us":[81346.3749946095, 107180.8339911513, 95068.87500174344, 95576.33398799226, 94261.41600124538, 96025.9169805795, 100884.33302007616, 94693.66702251136, 101362.95796837658, 92205.87502932176, 101040.45801563188, 92105.91699229553, 93005.99998096004, 93471.49997483939, 99483.08300226927, 91781.41702432185]}
