{"engine":"clickhouse","workload":"select_sum_100k_i64","n_rows":100000,"samples":32,"median_us":695.625,"min_us":572.1250781789422,"iterations_us":[787.9999466240406, 13789.165997877717, 1405.4590137675405, 1670.1669665053487, 869.6250151842833, 867.250026203692, 734.1669406741858, 704.1669450700283, 661.5840829908848, 640.6670436263084, 671.1669266223907, 649.9169394373894, 697.9579338803887, 642.2080332413316, 803.167000412941, 1186.4579282701015, 786.5420775488019, 726.7919136211276, 693.2920077815652, 677.3329805582762, 676.0410033166409, 643.9159624278545, 632.8750168904662, 633.5830548778176, 612.2499471530318, 582.3750980198383, 580.8749701827765, 572.1250781789422, 573.8330073654652, 790.5830862000585, 879.0000574663281, 718.9169991761446]}
