{"engine":"postgres17","workload":"select_sum_10k_i64","n_rows":10000,"samples":16,"median_us":25613.188,"min_us":23509.750,"iterations_us":[25724.95798813179, 24363.041040487587, 24336.20800729841, 23509.749968070537, 24791.000003460795, 25733.708986081183, 25951.209012418985, 25722.165999468416, 25325.499998871237, 26194.000034593046, 26019.41698230803, 25708.25000293553, 25528.083962853998, 25698.292010929435, 24396.833032369614, 25032.33402967453]}
