{"engine":"sqlite3","workload":"select_avg_1m_i64","n_rows":1000000,"samples":16,"median_us":14540.562,"min_us":14174.500,"iterations_us":[14303.207979537547, 14663.29098911956, 14227.375038899481, 14336.125052068383, 14897.624962031841, 14174.49995642528, 14587.874989956617, 14329.749974422157, 14243.29198198393, 14670.95798579976, 14617.082953918725, 14775.374962482601, 14439.666992984712, 14620.125002693385, 14660.208020359278, 14493.249997030944]}
