{"engine":"sqlite3","workload":"select_avg_100k_i64","n_rows":100000,"samples":16,"median_us":1453.708,"min_us":1451.292,"iterations_us":[1454.374985769391, 1455.4160297848284, 1457.25003676489, 1453.7909883074462, 1451.9999967887998, 1451.7080271616578, 1454.2919816449285, 1453.624980058521, 1452.7080347761512, 1459.6249675378203, 1457.7919500879943, 1451.7499948851764, 1454.4170117005706, 1451.917050871998, 1451.8750249408185, 1451.2920170091093]}
