{"engine":"duckdb","workload":"select_scan_1m","n_rows":1000000,"samples":32,"median_us":98954.750,"min_us":81030.250,"iterations_us":[81030.25006130338, 99027.91609056294, 97874.49997384101, 107065.66704902798, 103776.83397382498, 95865.20807351917, 103239.66690339148, 95490.0000942871, 104475.99994949996, 95641.45794138312, 97113.70896548033, 98656.79196082056, 102809.87503938377, 103610.20802520216, 95899.62498284876, 98962.29195874184, 98630.41597418487, 109839.37501441687, 98065.74997492135, 104309.87505242229, 99228.24997920543, 99371.33395578712, 95987.70900629461, 104952.41696480662, 98947.20802549273, 98039.00006227195, 103994.04098279774, 97772.62504212558, 103787.49994561076, 96351.50001849979, 94950.37503074855, 102789.16696552187]}
