{"engine":"sqlite3","workload":"select_avg_1m_i64","n_rows":1000000,"samples":32,"median_us":14209.000,"min_us":14010.375,"iterations_us":[14100.917032919824, 14262.250042520463, 14010.375016368926, 14282.625052146614, 14062.87495046854, 14313.25008161366, 14320.749905891716, 14040.207955986261, 14263.416989706457, 14370.167045854032, 14377.249986864626, 14147.249981760979, 14154.208940453827, 14141.04097057134, 14090.334065258503, 14208.500040695071, 14017.874957062304, 14117.249986156821, 14079.249929636717, 14138.582977466285, 14333.999948576093, 14088.49994186312, 14103.999943472445, 14209.500048309565, 14625.458046793938, 14135.249890387058, 14370.250049978495, 14309.125021100044, 14365.750015713274, 14391.584089025855, 14478.500001132488, 14287.457917816937]}
