{"engine":"duckdb","workload":"select_sum_10k_i64","n_rows":10000,"samples":16,"median_us":68.625,"min_us":59.083,"iterations_us":[119.12500485777855, 83.87496927753091, 71.8749943189323, 68.95797559991479, 63.583021983504295, 73.54101398959756, 68.29202175140381, 78.41701153665781, 92.1249738894403, 85.5830148793757, 65.20800525322556, 63.50001785904169, 59.999991208314896, 64.08296758309007, 59.375015553086996, 59.08298771828413]}
