{"engine":"postgres17","workload":"select_scan_1m","n_rows":1000000,"samples":16,"median_us":204613.229,"min_us":202441.083,"iterations_us":[213670.45800434425, 204884.83301596716, 204341.62503806874, 206987.62498795986, 204970.29199032113, 203659.83300143853, 204994.79200225323, 207486.20899394155, 217972.74996060878, 211868.7080219388, 203376.41600053757, 203873.6249669455, 203787.49998053536, 202491.08300777152, 202441.08297629282, 202600.8339598775]}
