{"engine":"duckdb","workload":"select_scan_10k","n_rows":10000,"samples":16,"median_us":889.749,"min_us":742.459,"iterations_us":[742.4589712172747, 958.8749962858856, 888.5840070433915, 853.2499778084457, 883.2919993437827, 883.4589971229434, 897.7919933386147, 902.2080339491367, 1071.0410424508154, 915.4579602181911, 891.4159843698144, 890.2080007828772, 889.2909972928464, 894.9579787440598, 888.2499532774091, 885.5420164763927]}
