{"engine":"duckdb","workload":"select_avg_1m_i64","n_rows":1000000,"samples":32,"median_us":255.313,"min_us":206.500,"iterations_us":[284.79204047471285, 275.7919719442725, 268.6249790713191, 262.25007604807615, 269.2500129342079, 251.4160005375743, 267.1669935807586, 254.8339543864131, 264.9580128490925, 252.29202583432198, 255.79193606972694, 247.04099632799625, 251.95791386067867, 253.58295533806086, 206.49994257837534, 214.5410981029272, 224.16701540350914, 260.2919703349471, 238.16607426851988, 237.2079761698842, 267.2499977052212, 269.5409348234534, 257.7920677140355, 263.3749973028898, 268.5000654309988, 241.79101455956697, 253.16700339317322, 241.49997625499964, 241.62500631064177, 346.8750510364771, 218.95801182836294, 285.7079962268472]}
