{"engine":"sqlite3","workload":"select_sum_10k_i64","n_rows":10000,"samples":16,"median_us":138.313,"min_us":135.333,"iterations_us":[138.58400052413344, 139.16700845584273, 136.91699132323265, 136.0419555567205, 139.50001448392868, 138.20803724229336, 135.33298624679446, 138.2920308969915, 138.29098315909505, 138.37497681379318, 136.41698751598597, 138.0409812554717, 138.33300909027457, 138.4580391459167, 143.9579646103084, 138.3750350214541]}
