{"engine":"postgres17","workload":"select_avg_100k_i64","n_rows":100000,"samples":16,"median_us":39243.000,"min_us":24240.292,"iterations_us":[26103.83299179375, 24240.291910246015, 32345.292042009532, 34656.58298227936, 37625.249940901995, 40236.08297575265, 39109.20792259276, 40279.33289762586, 39531.16596676409, 40683.29092115164, 39298.70808497071, 40504.332981072366, 39187.290938571095, 40715.583018027246, 38625.9580263868, 40049.083065241575]}
