{"engine":"clickhouse","workload":"select_avg_10k_i64","n_rows":10000,"samples":32,"median_us":518.979,"min_us":439.79205656796694,"iterations_us":[734.3749748542905, 14290.41603114456, 1018.2500118389726, 594.4999866187572, 522.9999078437686, 608.1670289859176, 530.4169608280063, 685.6670370325446, 579.4169846922159, 636.5000735968351, 527.0419642329216, 465.62496572732925, 531.9579504430294, 500.3330297768116, 486.2080095335841, 514.9579374119639, 503.7919618189335, 490.08300993591547, 491.9589264318347, 475.3340035676956, 459.62492004036903, 444.70804277807474, 467.91695058345795, 441.6669253259897, 439.79205656796694, 484.7500240430236, 603.74999884516, 613.0420370027423, 538.8329736888409, 578.7500413134694, 450.16699004918337, 454.4170806184411]}
