{"engine":"postgres17","workload":"select_scan_1m","n_rows":1000000,"samples":16,"median_us":205543.146,"min_us":202819.625,"iterations_us":[211886.54203433543, 204615.7920267433, 203078.99999897927, 205782.41703333333, 205303.8750309497, 202819.6249739267, 204932.1670201607, 203465.74997529387, 234173.6250091344, 207418.54095831513, 208170.04196578637, 209261.37501373887, 206409.91698019207, 205989.08298416063, 203716.6659720242, 203369.70896460116]}
