{"engine":"clickhouse","workload":"select_scan_1m","n_rows":1000000,"samples":16,"median_us":67048.854,"min_us":51521.54195820913,"iterations_us":[51521.54195820913, 73070.91698748991, 70838.62496074289, 69749.45799447596, 67896.58300112933, 69941.58297311515, 66860.33302685246, 67150.29198676348, 67399.12496414036, 68846.1660174653, 64776.91698819399, 66947.41698447615, 63121.9589849934, 62972.99999278039, 63126.916997134686, 63207.37500209361]}
