{"engine":"postgres17","workload":"select_sum_100k_i64","n_rows":100000,"samples":16,"median_us":39460.563,"min_us":26325.750,"iterations_us":[26325.74993185699, 27693.87501757592, 33848.084043711424, 56468.91600918025, 41710.79199295491, 39958.458044566214, 39458.91710463911, 39676.500018686056, 38637.54193298519, 39620.04103232175, 39955.29201347381, 38210.58396715671, 39472.12500497699, 33546.458929777145, 34972.87502977997, 39462.20804937184]}
