{"engine":"duckdb","workload":"select_scan_10k","n_rows":10000,"samples":32,"median_us":875.146,"min_us":836.791,"iterations_us":[906.582921743393, 1068.916986696422, 903.3749811351299, 892.8329916670918, 886.1670503392816, 888.7499570846558, 862.8750219941139, 860.5000330135226, 1060.9159944579005, 872.2500642761588, 869.1250113770366, 873.749959282577, 953.7499863654375, 982.375000603497, 891.1250624805689, 860.749976709485, 874.0000193938613, 890.5410068109632, 874.7089887037873, 842.0000085607171, 876.5000384300947, 874.4159713387489, 875.583034940064, 869.1250113770366, 1122.5000489503145, 1017.5000643357635, 870.9999965503812, 856.4579766243696, 877.3329900577664, 845.2500915154815, 836.7910049855709, 838.0420040339231]}
