{"engine":"duckdb","workload":"select_avg_10k_i64","n_rows":10000,"samples":16,"median_us":90.208,"min_us":76.083,"iterations_us":[108.95798914134502, 108.79203910008073, 111.70795187354088, 89.08298332244158, 94.12498911842704, 96.62500815466046, 94.66696064919233, 84.16699711233377, 91.12496627494693, 93.70897896587849, 85.33301297575235, 85.12503700330853, 85.29197657480836, 76.0830007493496, 89.29101750254631, 81.3750084489584]}
