{"engine":"duckdb","workload":"select_sum_1m_i64","n_rows":1000000,"samples":16,"median_us":174.208,"min_us":156.958,"iterations_us":[209.0419875457883, 199.45797976106405, 179.4580020941794, 186.29099940881133, 195.62500528991222, 187.08303105086088, 168.95798034965992, 166.04195116087794, 168.87503443285823, 156.9579471834004, 157.29101141914725, 213.3329981006682, 201.3749908655882, 165.8329856581986, 164.0829723328352, 166.58299136906862]}
