{"engine":"sqlite3","workload":"select_sum_10k_i64","n_rows":10000,"samples":16,"median_us":136.208,"min_us":135.875,"iterations_us":[136.83299766853452, 136.62496348842978, 136.20802201330662, 136.2079638056457, 135.91698370873928, 136.20802201330662, 135.87501598522067, 136.16698561236262, 136.0420137643814, 135.9170419164002, 143.8329927623272, 136.0419555567205, 146.9160197302699, 168.50000247359276, 212.25004456937313, 172.2919987514615]}
