{"engine":"postgres17","workload":"select_sum_1m_i64","n_rows":1000000,"samples":16,"median_us":40342.854,"min_us":36965.125,"iterations_us":[78111.54099181294, 36965.12500755489, 38482.20797954127, 37251.41700124368, 37791.041017044336, 38206.75000315532, 42095.167038496584, 40526.4999717474, 40563.41602699831, 40538.250003010035, 41321.16696564481, 39907.8750051558, 40728.7499983795, 40159.20800156891, 40078.209014609456, 41091.04198869318]}
