{"engine":"duckdb","workload":"select_sum_1m_i64","n_rows":1000000,"samples":32,"median_us":158.416,"min_us":148.167,"iterations_us":[241.41697213053703, 204.5410219579935, 214.41595163196325, 205.66699095070362, 206.45803306251764, 208.95805209875107, 198.9590236917138, 162.1670089662075, 172.8750066831708, 173.9170402288437, 180.04095181822777, 152.91699673980474, 169.79197971522808, 163.66608906537294, 155.45892529189587, 152.7499407529831, 161.0829494893551, 154.6660205349326, 154.08301260322332, 162.41706907749176, 155.7499635964632, 154.37498223036528, 148.16690236330032, 149.25003051757812, 164.33291602879763, 155.70793766528368, 153.58300879597664, 152.7080312371254, 148.29193241894245, 148.25002290308475, 151.24992933124304, 148.87494035065174]}
