{"engine":"postgres17","workload":"select_sum_100k_i64","n_rows":100000,"samples":16,"median_us":36688.187,"min_us":23412.000,"iterations_us":[24792.584008537233, 23411.9999804534, 29902.332986239344, 32380.750053562224, 36631.83399476111, 35853.91596425325, 35294.87497871742, 38360.04203185439, 37668.999982997775, 36744.54096471891, 36563.541973009706, 37290.9169527702, 36918.29199669883, 37614.45794953033, 38344.00000050664, 38034.45800440386]}
