{"engine":"sqlite3","workload":"select_avg_10k_i64","n_rows":10000,"samples":32,"median_us":140.209,"min_us":139.625,"iterations_us":[152.75005716830492, 143.20900663733482, 140.25007840245962, 139.91701416671276, 140.00001829117537, 148.16701877862215, 139.70897998660803, 142.04205945134163, 139.79198411107063, 148.29193241894245, 142.20899902284145, 147.04198110848665, 140.1669578626752, 139.87498823553324, 145.37503011524677, 139.91701416671276, 139.75007459521294, 139.6250445395708, 147.91707508265972, 142.58292503654957, 147.70799316465855, 139.91596642881632, 139.95799235999584, 139.87498823553324, 148.37493654340506, 145.5419696867466, 140.8339012414217, 139.95799235999584, 139.83401004225016, 142.29200314730406, 139.7499581798911, 139.87498823553324]}
