{"engine":"sqlite3","workload":"select_sum_100k_i64","n_rows":100000,"samples":32,"median_us":1453.041,"min_us":1398.667,"iterations_us":[1440.3749955818057, 1432.0419868454337, 1664.8749588057399, 1489.3750194460154, 1449.7499214485288, 1416.2089210003614, 1407.0000033825636, 1409.5419319346547, 1405.457966029644, 1622.7500746026635, 1493.6670195311308, 1508.3749312907457, 1483.9170034974813, 1473.2499839738011, 1474.1250779479742, 1475.8330071344972, 1680.9169901534915, 1485.3340107947588, 1458.8340418413281, 1444.1669918596745, 1428.5420766100287, 1430.8340614661574, 1442.5419503822923, 1570.833963342011, 1474.624965339899, 1456.3329750671983, 1432.0419868454337, 1428.2079646363854, 1560.8330722898245, 1436.0829954966903, 1410.0000262260437, 1398.6669946461916]}
