{"engine":"postgres17","workload":"select_scan_100k","n_rows":100000,"samples":16,"median_us":59290.770,"min_us":41826.750,"iterations_us":[41826.75003539771, 42319.625033997, 50212.1250028722, 58879.45799622685, 61112.25002678111, 59083.33300612867, 61558.082990814, 60778.75004848465, 61003.832961432636, 53909.66701088473, 57967.042026575655, 59498.207992874086, 60596.249997615814, 59527.79104700312, 60225.87500046939, 57843.20802194998]}
