{"engine":"duckdb","workload":"select_sum_10k_i64","n_rows":10000,"samples":16,"median_us":88.750,"min_us":80.542,"iterations_us":[94.49990466237068, 109.33401063084602, 115.2500044554472, 99.99994654208422, 81.58397395163774, 99.04091712087393, 90.29207285493612, 86.70799434185028, 81.95801638066769, 84.54092312604189, 92.12503209710121, 84.70797911286354, 80.54194040596485, 83.79202336072922, 87.20799814909697, 94.3340128287673]}
