{"engine":"postgres17","workload":"select_scan_100k","n_rows":100000,"samples":16,"median_us":55364.313,"min_us":38252.625,"iterations_us":[40472.49996801838, 38998.49997833371, 38535.250001586974, 38252.62497412041, 53325.458022300154, 57352.582982275635, 57986.29199853167, 55242.41703096777, 57001.042005140334, 60328.95797397941, 55486.208002548665, 54807.334032375365, 53273.500001523644, 57103.20902289823, 56957.91699690744, 58305.83401257172]}
