{"engine":"sqlite3","workload":"select_avg_100k_i64","n_rows":100000,"samples":32,"median_us":1453.334,"min_us":1413.833,"iterations_us":[1418.3330349624157, 1450.4999853670597, 1444.3750260397792, 1682.9159576445818, 1509.3329129740596, 1516.9160906225443, 1518.790959380567, 1514.2499469220638, 1512.0420139282942, 1558.8339883834124, 1656.1659285798669, 1444.541965611279, 1456.167083233595, 1484.9159633740783, 1439.7919876500964, 1431.3330175355077, 1606.3330695033073, 1515.4160792008042, 2728.0000504106283, 1425.9170275181532, 1450.4590071737766, 1417.3750532791018, 1571.66610006243, 1459.7499975934625, 1436.3339869305491, 1419.4580726325512, 1415.20902980119, 1413.8330006971955, 1420.2500460669398, 1500.5839522928, 1423.6660208553076, 1423.583016730845]}
