{"engine":"postgres17","workload":"select_avg_10k_i64","n_rows":10000,"samples":16,"median_us":25351.584,"min_us":22542.375,"iterations_us":[25336.750026326627, 25366.417015902698, 27670.416980981827, 25005.208037327975, 24544.915999285877, 26064.959005452693, 24955.333035904914, 25260.791997425258, 24901.7919995822, 22542.37502347678, 24692.416947800666, 26062.24996270612, 26458.917011041194, 25887.4170249328, 26176.37498769909, 26242.249994538724]}
