{"engine":"postgres17","workload":"select_sum_100k_i64","n_rows":100000,"samples":32,"median_us":39643.354,"min_us":26071.750,"iterations_us":[30481.33396077901, 26071.749976836145, 36460.50009410828, 39430.83400372416, 39649.33298993856, 43555.375072173774, 39637.374924495816, 41013.20798508823, 37917.58301667869, 41458.082967437804, 41246.791020967066, 40216.33299998939, 41014.75002244115, 41836.74999512732, 40931.74997251481, 38958.95800087601, 38857.87504259497, 39840.3339786455, 40247.37502913922, 39052.16697603464, 39171.87498882413, 39417.542051523924, 40539.87504448742, 40456.166956573725, 40185.291902162135, 38253.58301401138, 37813.166971318424, 39234.45905093104, 41335.957939736545, 36815.08300360292, 37564.54202812165, 41099.54205341637]}
