{"engine":"sqlite3","workload":"select_sum_10k_i64","n_rows":10000,"samples":32,"median_us":138.167,"min_us":137.875,"iterations_us":[150.20801220089197, 139.0830148011446, 138.4170027449727, 138.12503311783075, 147.16701116412878, 140.791991725564, 146.04104217141867, 138.24994675815105, 138.00000306218863, 147.00007159262896, 143.58398038893938, 143.58293265104294, 138.25006317347288, 138.16694263368845, 138.12503311783075, 137.9579771310091, 138.04202899336815, 138.04202899336815, 138.08405492454767, 138.20896856486797, 137.87508942186832, 141.91691298037767, 140.9579999744892, 138.08393850922585, 146.83406334370375, 138.16705904901028, 137.91699893772602, 138.12491670250893, 137.9579771310091, 138.12491670250893, 138.12503311783075, 138.08300718665123]}
