{"engine":"clickhouse","workload":"select_sum_10k_i64","n_rows":10000,"samples":32,"median_us":464.084,"min_us":417.709001339972,"iterations_us":[547.9169776663184, 66667.75001212955, 924.2079686373472, 570.0829206034541, 471.4579554274678, 454.87505849450827, 426.5420138835907, 429.6250408515334, 417.709001339972, 436.04103848338127, 436.4160122349858, 652.6251090690494, 716.0000968724489, 562.5409539788961, 484.2919297516346, 464.1669802367687, 500.70800352841616, 593.3340871706605, 500.3750557079911, 484.5840157940984, 477.04100143164396, 452.7920391410589, 440.79101644456387, 464.0000406652689, 438.4580533951521, 455.4159240797162, 443.2919668033719, 434.3749023973942, 442.4159415066242, 441.4999857544899, 452.2498929873109, 640.7909095287323]}
