{"engine":"clickhouse","workload":"select_scan_10k","n_rows":10000,"samples":16,"median_us":1102.208,"min_us":1003.0840057879686,"iterations_us":[2311.41597032547, 1352.5410322472453, 1184.4169930554926, 1029.708015266806, 1035.4999685660005, 1013.8750076293945, 1003.0840057879686, 1610.2500376291573, 1499.6660174801946, 1192.3330021090806, 1045.1659909449518, 1042.9170215502381, 1066.0000261850655, 1138.4160025045276, 1032.667001709342, 1335.625012870878]}
