{"engine":"sqlite3","workload":"select_sum_10k_i64","n_rows":10000,"samples":16,"median_us":138.729,"min_us":138.500,"iterations_us":[139.1659607179463, 139.6250445395708, 141.58303383737803, 138.62503692507744, 138.75000877305865, 138.74995056539774, 138.62503692507744, 138.70897237211466, 138.66601511836052, 138.5000068694353, 141.25002780929208, 138.5409850627184, 138.58400052413344, 138.62497871741652, 144.58404621109366, 138.83301289752126]}
