{"engine":"postgres17","workload":"select_sum_10k_i64","n_rows":10000,"samples":16,"median_us":24184.625,"min_us":22982.250,"iterations_us":[23482.457967475057, 25836.042012088, 24913.04202703759, 23943.667009007186, 24217.166006565094, 25275.166961364448, 24185.49999129027, 25254.542008042336, 23508.166952524334, 23794.041946530342, 23993.666982278228, 23789.374972693622, 25229.29204860702, 24183.749977964908, 24844.457977451384, 22982.250025961548]}
