{"engine":"duckdb","workload":"select_scan_10k","n_rows":10000,"samples":16,"median_us":866.000,"min_us":785.625,"iterations_us":[785.6249576434493, 980.0419793464243, 922.4170353263617, 866.6249923408031, 878.8749692030251, 865.3750410303473, 877.0829881541431, 872.2500060684979, 1132.3749786242843, 904.4160251505673, 837.3340242542326, 859.2919912189245, 849.3749774061143, 848.4999998472631, 846.0829849354923, 833.583006169647]}
