{"engine":"duckdb","workload":"select_avg_100k_i64","n_rows":100000,"samples":16,"median_us":132.250,"min_us":122.875,"iterations_us":[148.37499475106597, 139.04203660786152, 132.37498933449388, 135.41599037125707, 130.0839940086007, 133.54100519791245, 131.04098616167903, 143.91704462468624, 135.4999840259552, 122.87497520446777, 133.79199663177133, 128.24998702853918, 132.12498743087053, 122.95797932893038, 127.41697719320655, 124.37498662620783]}
