{"engine":"postgres17","workload":"select_scan_100k","n_rows":100000,"samples":16,"median_us":59121.854,"min_us":43541.666,"iterations_us":[43541.666003875434, 51266.62494149059, 60827.54104863852, 60836.250078864396, 61090.91697726399, 62123.95790498704, 58399.083907715976, 58169.374940916896, 60936.2090472132, 59030.1250340417, 54700.16610343009, 57293.83300058544, 58487.083995714784, 60008.24994407594, 60831.08391612768, 59213.583008386195]}
