{"engine":"postgres17","workload":"select_sum_1m_i64","n_rows":1000000,"samples":16,"median_us":40509.999,"min_us":34971.125,"iterations_us":[50880.708964541554, 35178.8749685511, 34971.12501645461, 36220.33301508054, 37969.62497290224, 37397.00000733137, 37632.12502235547, 38625.20901020616, 40364.95799664408, 40655.040997080505, 42740.95798609778, 40756.375005003065, 48469.458997715265, 48792.66698844731, 45592.29197911918, 44775.124988518655]}
