{"engine":"sqlite3","workload":"select_avg_1m_i64","n_rows":1000000,"samples":16,"median_us":14001.375,"min_us":13778.875,"iterations_us":[14057.875028811395, 14346.582989674062, 13897.750002797693, 14625.04203664139, 14757.084019947797, 14124.999986961484, 14263.250050134957, 13872.083043679595, 13848.750037141144, 14004.416996613145, 13998.333015479147, 14200.083969626576, 13989.750004839152, 13778.874999843538, 13918.916985858232, 13939.20899135992]}
