{"engine":"clickhouse","workload":"select_avg_1m_i64","n_rows":1000000,"samples":16,"median_us":1683.813,"min_us":1451.707968953997,"iterations_us":[2294.749952852726, 13154.999993275851, 1948.790973983705, 1662.5000280328095, 1953.0000281520188, 1832.0829840376973, 1730.2079941146076, 1668.8340110704303, 1546.0830181837082, 1698.7919807434082, 1753.6660307087004, 1623.000018298626, 1643.8339953310788, 1573.0000450275838, 1451.707968953997, 1559.2090203426778]}
