{"engine":"postgres17","workload":"select_avg_10k_i64","n_rows":10000,"samples":16,"median_us":25546.896,"min_us":24273.542,"iterations_us":[30763.83308507502, 30084.4160374254, 28198.58305156231, 28769.20800190419, 25393.7499364838, 25874.249986372888, 25857.62506350875, 25231.95801768452, 24678.20793390274, 24372.250074520707, 25117.999990470707, 25931.542040780187, 25700.0420242548, 24273.541988804936, 24584.83399823308, 25293.58398169279]}
