{"engine":"postgres17","workload":"update_throughput_1m","n_rows":1000000,"samples":16,"median_us":1997971.104,"min_us":1828890.084,"iterations_us":[1828890.0840561837, 2055665.250052698, 1998325.8750289679, 2220144.790946506, 1997616.3330720738, 2010849.8339541256, 1928691.333043389, 2041887.0829744264, 1952495.4579537734, 1964641.125057824, 1968809.6250174567, 1955850.0420534983, 1956676.8750082701, 2138699.4580971077, 2424928.2910022885, 2001266.6250113398]}
