{"engine":"postgres17","workload":"update_throughput_100k","n_rows":100000,"samples":16,"median_us":172340.104,"min_us":156223.459,"iterations_us":[178433.45802975819, 190805.9170236811, 182362.83300211653, 187920.95797834918, 182958.87496788055, 187755.16701862216, 181887.08397792652, 167879.33302111924, 171077.49998103827, 170090.95899993554, 173602.7089646086, 158670.12494709343, 156223.45899464563, 160887.41697603837, 163383.00000643358, 160226.6249828972]}
