{"engine":"clickhouse","workload":"update_throughput_1m","n_rows":1000000,"samples":32,"median_us":35538.583,"min_us":33766.08295366168,"iterations_us":[39711.49993594736, 38050.45806802809, 35924.62500091642, 38058.04101284593, 35020.99995967001, 36304.04197610915, 35590.33293277025, 37978.45798544586, 36532.541969791055, 34863.875014707446, 37023.582961410284, 34824.20893851668, 35198.33297468722, 34746.45805545151, 35989.7919697687, 33766.08295366168, 35004.79203648865, 34759.83301177621, 34267.04101730138, 35144.791938364506, 34468.374913558364, 34906.33296314627, 35486.83295957744, 34554.74996007979, 34680.29201030731, 47084.16701760143, 39219.082915224135, 36015.79205133021, 37990.70802051574, 37041.04200005531, 37657.7089773491, 35263.41705583036]}
