{"engine":"duckdb","workload":"update_throughput_10k","n_rows":10000,"samples":16,"median_us":171.354,"min_us":156.250,"iterations_us":[200.7920411415398, 212.7910265699029, 225.50002904608846, 186.20898481458426, 178.70799638330936, 180.87500939145684, 170.5000177025795, 170.33301992341876, 171.62499716505408, 156.2500256113708, 173.58397599309683, 171.08296742662787, 162.9579928703606, 157.54200285300612, 168.62497432157397, 169.45897368714213]}
