{"engine":"duckdb","workload":"update_throughput_100k","n_rows":100000,"samples":16,"median_us":768.270,"min_us":739.833,"iterations_us":[832.6669922098517, 768.8750047236681, 802.5420247577131, 808.2500426098704, 774.20799061656, 745.4999722540379, 794.8749698698521, 739.8329908028245, 762.5419530086219, 760.2080004289746, 771.0840436629951, 767.6659733988345, 742.8330136463046, 772.5000032223761, 764.2090204171836, 753.5000331699848]}
