{"engine":"postgres17","workload":"update_throughput_1m","n_rows":1000000,"samples":16,"median_us":1953675.230,"min_us":1778207.959,"iterations_us":[1778207.9589669593, 2024112.9170171916, 2005743.874993641, 2146282.375033479, 1975605.2080192603, 1961013.4169925004, 1920637.5829526223, 1931536.4999929443, 1930734.1249659657, 1931488.249974791, 1974537.7089711837, 2422267.500020098, 1944821.3749565184, 2025837.1670497581, 1918290.3330074623, 1946337.042027153]}
