{"engine":"sqlite3","workload":"update_throughput_100k","n_rows":100000,"samples":16,"median_us":4212.021,"min_us":3987.250,"iterations_us":[4294.66599598527, 4162.000026553869, 4097.583005204797, 4376.374999992549, 4108.957946300507, 4471.749998629093, 4249.042016454041, 4344.332963228226, 3987.249918282032, 4034.6250170841813, 4386.99999358505, 4134.707967750728, 4266.333999112248, 4175.000009126961, 4370.04107516259, 4078.292055055499]}
