{"engine":"duckdb","workload":"update_throughput_10k","n_rows":10000,"samples":32,"median_us":177.896,"min_us":155.833,"iterations_us":[197.79207650572062, 202.5830326601863, 177.75001469999552, 163.12499064952135, 172.7089984342456, 156.54193703085184, 167.12502110749483, 194.37505397945642, 171.16591334342957, 162.20798715949059, 160.87503172457218, 156.50002751499414, 156.08302783221006, 155.8329677209258, 167.04096924513578, 627.7909269556403, 481.00005369633436, 222.45908621698618, 186.33296713232994, 273.8749608397484, 250.91704446822405, 206.08294289559126, 178.04198432713747, 201.08302123844624, 225.6670268252492, 161.41694504767656, 214.24994338303804, 186.29198893904686, 159.91705004125834, 164.58297614008188, 176.04208551347256, 183.45809075981379]}
