{"engine":"sqlite3","workload":"update_throughput_10k","n_rows":10000,"samples":32,"median_us":425.812,"min_us":408.459,"iterations_us":[540.7080752775073, 442.5420193001628, 415.1250468567014, 414.25006929785013, 440.2500344440341, 425.041071139276, 433.1249510869384, 436.5830682218075, 433.7909631431103, 436.7500077933073, 429.25006709992886, 425.4590021446347, 428.8749769330025, 425.333040766418, 425.4579544067383, 427.99999937415123, 425.4169762134552, 429.1250370442867, 425.62501039355993, 425.8750705048442, 428.0419088900089, 425.74992403388023, 545.8749365061522, 437.33406346291304, 439.0839021652937, 423.70904702693224, 408.8749410584569, 417.83310007303953, 408.45898911356926, 408.9169669896364, 425.70801451802254, 408.7500274181366]}
