{"engine":"duckdb","workload":"update_throughput_100k","n_rows":100000,"samples":32,"median_us":781.042,"min_us":728.333,"iterations_us":[806.5419970080256, 802.875030785799, 792.0829812064767, 771.2499937042594, 777.4160476401448, 939.7080866619945, 841.0000009462237, 776.4579495415092, 773.7500127404928, 785.6669835746288, 770.3750161454082, 803.0000608414412, 807.4580691754818, 759.0829627588391, 761.916977353394, 891.416915692389, 838.7500420212746, 773.0419747531414, 785.9999313950539, 773.5419785603881, 746.1250061169267, 749.0830030292273, 760.3749400004745, 755.6669879704714, 728.3330196514726, 770.5839816480875, 960.9999833628535, 790.4580561444163, 784.6670923754573, 793.9999923110008, 788.9160187914968, 757.3328912258148]}
