{"engine":"sqlite3","workload":"update_throughput_100k","n_rows":100000,"samples":32,"median_us":4252.917,"min_us":4108.625,"iterations_us":[4289.290984161198, 4255.375009961426, 4421.250079758465, 4210.749990306795, 4341.082996688783, 4259.49995405972, 4130.874993279576, 4229.499958455563, 4297.625040635467, 4180.583055131137, 4120.917059481144, 4269.749973900616, 4247.457953169942, 4284.458933398128, 4248.540964908898, 4234.791034832597, 4298.083018511534, 4229.707992635667, 4316.249978728592, 4226.875025779009, 4319.667001254857, 4171.625012531877, 4354.875069111586, 4272.541962563992, 4194.209002889693, 4379.958030767739, 4108.624998480082, 4290.000069886446, 4182.707984000444, 4250.459023751318, 4184.750025160611, 4286.834038794041]}
