{"engine":"postgres17","workload":"update_throughput_10k","n_rows":10000,"samples":32,"median_us":48407.125,"min_us":44464.417,"iterations_us":[45856.20807483792, 48894.291976466775, 56546.95793054998, 47165.54202605039, 47556.875040754676, 48853.24998758733, 49937.79107462615, 45417.250017635524, 49525.749986059964, 49489.457975141704, 51921.45798355341, 47534.00001209229, 47872.499912045896, 46733.99997409433, 44464.41703476012, 46850.04102066159, 48773.20793457329, 50440.87499845773, 48594.4589599967, 51924.54101052135, 51050.41596107185, 47415.83298891783, 52036.750013940036, 47875.541960820556, 47568.41610651463, 47059.70804207027, 49454.83396295458, 48219.79196276516, 45360.29091104865, 49543.29191241413, 46712.95895241201, 67433.33290796727]}
