{"engine":"sqlite3","workload":"update_throughput_10k","n_rows":10000,"samples":16,"median_us":418.167,"min_us":407.750,"iterations_us":[419.83398841694, 407.7500198036432, 421.1250343360007, 556.6669860854745, 438.83302714675665, 444.0410411916673, 431.45904783159494, 430.7499621063471, 414.1670069657266, 415.9579984843731, 418.04200736805797, 414.0419769100845, 416.5830323472619, 418.2920092716813, 418.04101783782244, 414.2500110901892]}
