{"engine":"clickhouse","workload":"update_throughput_1m","n_rows":1000000,"samples":32,"median_us":33832.229,"min_us":33140.79204574227,"iterations_us":[33399.167004972696, 34103.58401015401, 33706.41707442701, 34736.79209128022, 33719.458035193384, 33825.87502710521, 33842.58400183171, 33441.832987591624, 74055.2080096677, 34177.12508235127, 33907.99998305738, 34573.249984532595, 34800.83402246237, 34827.12502591312, 33556.4169799909, 34953.791997395456, 33302.374999038875, 33140.79204574227, 33980.750013142824, 33276.41694340855, 33496.374962851405, 33897.50001952052, 33563.83298523724, 33680.83399254829, 33567.62498151511, 33523.41696154326, 33838.58397137374, 33726.20802838355, 33150.91703552753, 34171.70897591859, 35603.29193715006, 45008.875080384314]}
