{"engine":"duckdb","workload":"update_throughput_1m","n_rows":1000000,"samples":16,"median_us":2121.416,"min_us":1938.208,"iterations_us":[2334.5419904217124, 1980.1669986918569, 1938.2080063223839, 2196.9170193187892, 2134.2079853639007, 2011.5000079385936, 2089.6249916404486, 2155.249996576458, 2034.1670024208724, 2048.291964456439, 2179.7079825773835, 2108.62496169284, 2099.707955494523, 2215.0420118123293, 2182.3749993927777, 2185.499994084239]}
