{"engine":"duckdb","workload":"update_throughput_100k","n_rows":100000,"samples":16,"median_us":778.499,"min_us":731.292,"iterations_us":[822.1670286729932, 827.791984193027, 769.6250104345381, 810.6249733828008, 844.1670215688646, 788.7500105425715, 781.5409917384386, 754.8329886049032, 810.9580376185477, 760.8330342918634, 746.9160482287407, 731.2920060940087, 747.2920115105808, 866.7499641887844, 775.4580001346767, 753.0419970862567]}
