{"engine":"postgres17","workload":"update_throughput_1m","n_rows":1000000,"samples":16,"median_us":1923446.729,"min_us":1727341.833,"iterations_us":[1727341.833000537, 2005133.8750054128, 1902658.4170060232, 2498671.3340040296, 1912599.0419997834, 1934294.416976627, 1903196.2500303052, 2250061.915954575, 1869649.1250302643, 1892210.1249918342, 1911300.832987763, 2356784.4160133973, 1894655.0409891643, 1937108.915997669, 2076781.2080448493, 2128831.3749828376]}
