{"engine":"sqlite3","workload":"update_throughput_1m","n_rows":1000000,"samples":16,"median_us":45390.417,"min_us":44356.708,"iterations_us":[46281.915972940624, 44390.87497303262, 45407.29202562943, 45715.04198247567, 45555.25002069771, 45521.166000980884, 45725.249976385385, 44582.91700575501, 45414.91699637845, 45612.24998906255, 45354.16600992903, 45094.58300890401, 44582.4169437401, 44356.70800739899, 45359.54201128334, 45373.54200147092]}
