{"engine":"postgres17","workload":"update_throughput_1m","n_rows":1000000,"samples":32,"median_us":2101203.125,"min_us":1319633.125,"iterations_us":[1912450.2079794183, 2203216.7500583455, 2141636.2499585375, 2539263.083017431, 2229983.6670281366, 2174516.0419959575, 2083408.0419735983, 2163870.9999388084, 2073977.8339629993, 2292386.1669842154, 2242746.750009246, 2103406.7081054673, 2098999.541020021, 2118609.2080315575, 2097830.0829883665, 2108090.0840461254, 2110164.4589798525, 2120943.458052352, 2437950.7079720497, 2128293.4999326244, 2176650.8750151843, 1770400.08304175, 1486685.3749845177, 1394095.3330602497, 1358294.9170377105, 1347212.6249689609, 1436871.8749610707, 1357254.458940588, 1319633.1249782816, 1329489.0419347212, 1405161.4169729874, 1348605.8750422671]}
