{"engine":"postgres17","workload":"update_throughput_10k","n_rows":10000,"samples":16,"median_us":44334.771,"min_us":40274.583,"iterations_us":[40274.58297787234, 43128.29201808199, 47186.416981276125, 45318.374992348254, 46570.04098407924, 45735.209016129375, 46120.87499117479, 43989.74997457117, 43271.08297729865, 41769.58301104605, 43443.79197573289, 43387.20801752061, 44679.79195760563, 46644.375019241124, 44961.08402963728, 43417.45795682073]}
