{"engine":"postgres17","workload":"update_throughput_100k","n_rows":100000,"samples":16,"median_us":161149.146,"min_us":157100.542,"iterations_us":[172974.04201235622, 186711.41704544425, 167651.04205114767, 167202.16599060223, 157100.54204100743, 161099.4579968974, 158728.04197715595, 161198.83302599192, 158408.20799348876, 162622.33402812853, 160471.87498770654, 159496.66599044576, 158846.37500857934, 178385.7499831356, 162509.45796491578, 159179.7909932211]}
