{"engine":"clickhouse","workload":"update_throughput_100k","n_rows":100000,"samples":32,"median_us":12408.250,"min_us":11465.957970358431,"iterations_us":[13000.24997908622, 12817.6249563694, 12025.042087770998, 13067.249907180667, 12513.041030615568, 12805.707985535264, 12192.291906103492, 12780.165998265147, 12058.750027790666, 12338.083935901523, 11959.832976572216, 12100.541032850742, 13062.958023510873, 12610.624893568456, 11673.624976538122, 12332.958984188735, 12372.334022074938, 13133.708038367331, 12498.750002123415, 13073.124922811985, 12694.915989413857, 12603.042065165937, 11968.625010922551, 14000.041992403567, 12743.58294904232, 12236.166978254914, 11465.957970358431, 12419.583043083549, 12396.916979923844, 11630.875058472157, 12339.957989752293, 12278.125039301813]}
