{"engine":"duckdb","workload":"update_throughput_1m","n_rows":1000000,"samples":32,"median_us":2305.458,"min_us":2071.791,"iterations_us":[2254.3329978361726, 2352.4160496890545, 2176.959067583084, 2479.70805503428, 2501.833951100707, 2076.250035315752, 2315.458026714623, 2344.9999280273914, 2074.2079941555858, 2328.1669709831476, 2424.833015538752, 2225.4999494180083, 2395.0840113684535, 2216.791966930032, 2295.458107255399, 2681.708079762757, 2149.6659610420465, 2109.2500537633896, 2398.374956101179, 2237.541018985212, 2377.7090245857835, 2471.5829640626907, 2098.7919997423887, 2345.5830523744226, 2441.4160288870335, 2073.2920384034514, 2416.1250330507755, 2190.208062529564, 2071.790979243815, 2349.291928112507, 2262.0409727096558, 2204.7909442335367]}
