{"engine":"sqlite3","workload":"update_throughput_1m","n_rows":1000000,"samples":16,"median_us":43772.062,"min_us":41828.708,"iterations_us":[42398.20805378258, 42350.083007477224, 42257.37496744841, 41828.708024695516, 44217.83296857029, 46194.582944735885, 45880.83294220269, 44585.042051039636, 44139.08289279789, 44803.91705874354, 57417.41694509983, 47233.16594026983, 43323.54210782796, 43011.87500823289, 43405.041098594666, 43106.70809354633]}
