{"engine":"clickhouse","workload":"update_throughput_1m","n_rows":1000000,"samples":16,"median_us":33432.750,"min_us":32653.832982759923,"iterations_us":[33438.08400677517, 37822.58299179375, 33688.49999969825, 33395.33298276365, 32653.832982759923, 85560.79101981595, 33458.499994594604, 32972.95799711719, 33658.54098228738, 33427.41698725149, 33422.95903712511, 33824.95901314542, 33385.54099900648, 32794.58300676197, 33625.24998374283, 33141.791995149106]}
