{"engine":"clickhouse","workload":"update_throughput_100k","n_rows":100000,"samples":16,"median_us":11752.688,"min_us":11415.708053391427,"iterations_us":[12049.625045619905, 12068.33403557539, 11815.167032182217, 11681.666946969926, 11471.125006210059, 11666.58295551315, 11771.4160005562, 12317.79099907726, 11674.208974000067, 11853.375006467104, 11684.375000186265, 11744.250019546598, 11761.125002522022, 12023.875024169683, 11415.708053391427, 11724.083975423127]}
