{"engine":"postgres17","workload":"update_throughput_100k","n_rows":100000,"samples":16,"median_us":179999.458,"min_us":166386.833,"iterations_us":[180123.41600842774, 186023.04195519537, 187348.25000865385, 168923.04201610386, 166386.83300698176, 169577.54199393094, 167537.70801005885, 169534.5420157537, 167126.9159996882, 182455.2079779096, 185356.08402453363, 184890.79200662673, 180358.4159933962, 185357.00003849342, 175434.12500526756, 179875.5000345409]}
