{"engine":"clickhouse","workload":"update_throughput_10k","n_rows":10000,"samples":32,"median_us":3684.125,"min_us":3141.790977679193,"iterations_us":[4491.791944019496, 4273.082944564521, 4327.625036239624, 3846.708103083074, 4409.875022247434, 3432.6669992879033, 3841.125057078898, 4321.250016801059, 3425.707924179733, 4235.083935782313, 3504.334017634392, 3946.2499553337693, 4066.666937433183, 3302.666009403765, 3741.9580621644855, 3447.4999411031604, 3435.3750525042415, 3833.834081888199, 3330.4590033367276, 3443.958004936576, 3989.416058175266, 3606.541082262993, 3616.0419695079327, 3744.542016647756, 3141.790977679193, 3541.8339539319277, 3725.8750526234508, 3171.2090130895376, 3580.4170183837414, 3642.3749988898635, 3485.750057734549, 3734.2089926823974]}
