{"engine":"sqlite3","workload":"update_throughput_100k","n_rows":100000,"samples":32,"median_us":4250.583,"min_us":4045.666,"iterations_us":[4321.250016801059, 4322.041990235448, 4150.709020905197, 4235.749947838485, 4248.833982273936, 4313.583951443434, 4191.625048406422, 4370.209062471986, 4078.458994626999, 4069.7919903323054, 4312.0000045746565, 4257.416003383696, 4288.790980353951, 4099.041922017932, 4252.332961186767, 4207.208985462785, 4124.416038393974, 4338.8750636950135, 4045.6659626215696, 4208.87500513345, 4102.7499828487635, 4173.625027760863, 4184.79205109179, 4453.958012163639, 4789.375001564622, 4646.708024665713, 4704.208928160369, 4454.958019778132, 4502.542084082961, 4141.916986554861, 4540.499998256564, 4220.791975967586]}
