{"engine":"postgres17","workload":"update_throughput_1m","n_rows":1000000,"samples":16,"median_us":2127367.208,"min_us":1679902.875,"iterations_us":[1679902.8749810532, 1936180.1659688354, 1894270.7080277614, 2113991.3329971023, 1910181.2080480158, 1931228.084024042, 1881816.9999867678, 1852961.0830009915, 2140743.0830295198, 2648707.2500167415, 3131277.750013396, 2871338.375029154, 3347234.957967885, 3298633.5420282558, 3407547.957962379, 2865637.3340054415]}
