{"engine":"clickhouse","workload":"update_throughput_1m","n_rows":1000000,"samples":32,"median_us":36436.791,"min_us":34477.04191785306,"iterations_us":[35581.75009675324, 36519.95805557817, 34548.0419928208, 36462.915944866836, 35598.124959506094, 35115.874954499304, 36410.665954463184, 34833.958954550326, 34945.958061143756, 39770.33297996968, 59737.41691559553, 49592.791008763015, 39537.87498176098, 36962.7500185743, 36360.66697072238, 35516.625037416816, 34748.08402825147, 36084.20805539936, 34963.08298781514, 36157.70803298801, 35568.16710624844, 35021.91603183746, 34477.04191785306, 42005.79097960144, 40981.54092207551, 39674.66694302857, 40078.54103110731, 37630.58292679489, 39391.16699621081, 38266.08299277723, 50731.29094671458, 38985.08311249316]}
