{"engine":"clickhouse","workload":"update_throughput_100k","n_rows":100000,"samples":16,"median_us":11956.188,"min_us":11313.042021356523,"iterations_us":[12223.916011862457, 12026.707991026342, 11976.709007285535, 11752.500024158508, 11678.70796052739, 11884.666979312897, 11438.416957389563, 12319.292000029236, 12093.416997231543, 11313.042021356523, 11553.457996342331, 12046.166055370122, 11399.874987546355, 11965.957994107157, 11946.417042054236, 12374.042009469122]}
