{"engine":"duckdb","workload":"update_throughput_10k","n_rows":10000,"samples":32,"median_us":156.958,"min_us":149.833,"iterations_us":[200.08301362395287, 201.3749908655882, 172.04205505549908, 162.916025146842, 172.58303705602884, 157.87500888109207, 156.8750012665987, 153.37509103119373, 152.7080312371254, 151.83293726295233, 151.70802362263203, 150.3749517723918, 150.16691759228706, 149.83303844928741, 154.91608064621687, 199.41700156778097, 150.1670340076089, 271.25002816319466, 197.333050891757, 157.04194083809853, 171.29199113696814, 173.6249541863799, 179.79100812226534, 174.37501810491085, 160.9170576557517, 152.75005716830492, 151.58404130488634, 178.66690177470446, 152.37496700137854, 154.6249259263277, 150.58403369039297, 150.04200395196676]}
