{"engine":"duckdb","workload":"update_throughput_10k","n_rows":10000,"samples":32,"median_us":171.750,"min_us":155.125,"iterations_us":[187.29199655354023, 213.04201800376177, 189.83392510563135, 190.70797134190798, 180.25003373622894, 182.66693223267794, 174.99993555247784, 168.45797654241323, 156.8750012665987, 258.7090712040663, 177.75001469999552, 176.91694665700197, 184.50000789016485, 167.75005497038364, 199.66706167906523, 179.16702199727297, 161.6249792277813, 165.9160479903221, 172.2089946269989, 171.58291302621365, 168.29196829348803, 160.75000166893005, 159.58293806761503, 168.8329502940178, 167.54097305238247, 155.12504614889622, 174.95802603662014, 160.9170576557517, 159.41704623401165, 171.91690858453512, 167.37496480345726, 166.62501730024815]}
