{"engine":"postgres17","workload":"update_throughput_10k","n_rows":10000,"samples":16,"median_us":40437.209,"min_us":38090.458,"iterations_us":[49740.91699114069, 39024.45803396404, 45949.542021844536, 43263.00002867356, 40478.70903741568, 42917.958984617144, 38423.084013629705, 38468.33301940933, 44716.74998058006, 38550.04196520895, 39668.95799385384, 40395.70898748934, 41334.75001435727, 43647.70802203566, 39855.208015069366, 38090.4579651542]}
