{"engine":"sqlite3","workload":"update_throughput_100k","n_rows":100000,"samples":16,"median_us":4205.479,"min_us":4073.791,"iterations_us":[4194.166976958513, 4192.624997813255, 4216.7920037172735, 4183.7909957394, 4258.541972376406, 4156.291950494051, 4094.792006071657, 4247.541015502065, 4094.375006388873, 4090.791044291109, 4403.874976560473, 4073.7910312600434, 4244.500014465302, 4233.1250151619315, 4456.166992895305, 4217.166977468878]}
