{"engine":"sqlite3","workload":"update_throughput_1m","n_rows":1000000,"samples":16,"median_us":43225.333,"min_us":41815.666,"iterations_us":[42850.04100529477, 43631.99998624623, 43326.24998642132, 43286.125001031905, 43103.25003461912, 43346.375052351505, 43409.20801041648, 43268.37498228997, 43182.29103228077, 43292.082962580025, 42643.20799848065, 43587.791034951806, 42954.83301393688, 41815.666016191244, 42569.04200883582, 42486.708029173315]}
