{"engine":"duckdb","workload":"update_throughput_10k","n_rows":10000,"samples":16,"median_us":156.021,"min_us":149.958,"iterations_us":[203.33396969363093, 175.41699344292283, 196.91704073920846, 166.2500435486436, 160.08300008252263, 154.87498603761196, 154.12503853440285, 152.1660014986992, 153.4160110168159, 151.62501949816942, 149.95801029726863, 161.41700325533748, 179.04199194163084, 151.62501949816942, 157.16702910140157, 153.12497271224856]}
