{"engine":"sqlite3","workload":"update_throughput_1m","n_rows":1000000,"samples":32,"median_us":44052.229,"min_us":43747.208,"iterations_us":[44216.66695270687, 44024.833012372255, 43747.4170466885, 43974.1249429062, 44114.58410322666, 44187.66696471721, 43747.207964770496, 43911.62493266165, 44471.45899757743, 44175.95802806318, 43902.29191631079, 43875.542003661394, 43871.541041880846, 44115.91694224626, 43987.458921037614, 44014.91698808968, 44031.33399318904, 43994.832900352776, 44934.66601707041, 44379.416038282216, 44248.50002396852, 44633.04206728935, 44378.49996611476, 44629.41701058298, 43916.790978983045, 44440.7919421792, 43934.87493507564, 43830.33304475248, 43927.41702031344, 44250.20795315504, 44073.12499824911, 44961.83292940259]}
