{"engine":"sqlite3","workload":"update_throughput_10k","n_rows":10000,"samples":32,"median_us":425.521,"min_us":413.125,"iterations_us":[470.1249999925494, 428.8749769330025, 425.3750666975975, 414.8329608142376, 428.8750933483243, 425.66703632473946, 424.9999765306711, 421.62497993558645, 424.58309326320887, 417.37500578165054, 424.250029027462, 428.08300349861383, 415.9160889685154, 413.7499490752816, 417.29200165718794, 414.50001299381256, 413.12503162771463, 413.25006168335676, 423.415913246572, 537.4170141294599, 453.2081075012684, 449.2910811677575, 438.0419850349426, 421.3330103084445, 441.5829898789525, 441.37495569884777, 424.9999765306711, 441.87495950609446, 436.37503404170275, 432.83402919769287, 435.7079742476344, 432.4160981923342]}
