{"engine":"clickhouse","workload":"update_throughput_100k","n_rows":100000,"samples":32,"median_us":12042.917,"min_us":11335.458024404943,"iterations_us":[14039.707952179015, 12343.3331027627, 13065.624982118607, 13138.749985955656, 12220.0419427827, 13460.459071211517, 13477.541971951723, 12540.959054604173, 11637.749965302646, 11670.083040371537, 12411.333969794214, 11984.249926172197, 11630.624998360872, 11889.084009453654, 11359.042022377253, 11910.166940651834, 11728.208046406507, 12101.58399771899, 11449.291021563113, 12212.625006213784, 12875.082902610302, 12734.999996609986, 12448.583031073213, 13555.792043916881, 12251.249980181456, 11927.791987545788, 11738.833039999008, 11335.458024404943, 11395.66593337804, 11620.74995227158, 11847.166926600039, 11394.582921639085]}
