{"engine":"postgres17","workload":"update_throughput_10k","n_rows":10000,"samples":16,"median_us":42240.541,"min_us":36703.833,"iterations_us":[44529.37497990206, 40881.37502549216, 45170.70797737688, 44481.95901932195, 41520.79200139269, 36703.83302960545, 42492.74998437613, 41988.33298869431, 41145.6250003539, 43592.08297682926, 38508.70800670236, 43920.750031247735, 41667.83299297094, 43072.99997890368, 41917.62499976903, 43412.25000098348]}
