{"engine":"sqlite3","workload":"update_throughput_1m","n_rows":1000000,"samples":16,"median_us":42192.354,"min_us":41288.125,"iterations_us":[41430.95895415172, 42209.08402930945, 42174.00000197813, 42108.08401694521, 41288.12497947365, 42132.125003263354, 41952.709027100354, 43253.00001073629, 42687.87504406646, 42859.37501117587, 42208.45800591633, 42907.082999590784, 42805.24997739121, 42836.87501447275, 42176.25001911074, 42125.79102022573]}
