{"engine":"clickhouse","workload":"update_throughput_10k","n_rows":10000,"samples":32,"median_us":4311.542,"min_us":3434.083075262606,"iterations_us":[4967.750050127506, 4204.292083159089, 4024.833091534674, 4272.749996744096, 3602.0829575136304, 4078.37494276464, 3830.8328948915005, 3930.0420321524143, 4343.24995148927, 3434.083075262606, 3910.7499178498983, 4516.8750220909715, 4413.666902109981, 4125.457955524325, 3641.583025455475, 6425.8750062435865, 4379.624966531992, 4655.1249688491225, 4106.582957319915, 4996.499978005886, 4364.249994978309, 4215.999972075224, 4533.750005066395, 4213.999956846237, 4712.000023573637, 4428.999964147806, 6029.4169234111905, 4383.87505710125, 4486.375022679567, 3673.416911624372, 4279.8330541700125, 4431.625013239682]}
