{"engine":"clickhouse","workload":"update_throughput_100k","n_rows":100000,"samples":32,"median_us":12286.604,"min_us":11464.125011116266,"iterations_us":[12508.833082392812, 11913.834023289382, 11934.416950680315, 12735.500000417233, 12267.625075764954, 13341.041980311275, 12125.374982133508, 13589.165988378227, 12824.291945435107, 12082.3330944404, 13071.208028122783, 12688.832939602435, 11775.791994296014, 12670.625001192093, 12249.208986759186, 13119.208975695074, 11893.624905496836, 11605.542036704719, 12363.25001809746, 11932.749999687076, 12288.999976590276, 11634.750058874488, 11464.125011116266, 11912.74996381253, 12689.583003520966, 12436.292017810047, 12352.457968518138, 12284.208089113235, 13695.791945792735, 12595.6250121817, 11619.458091445267, 11960.083968006074]}
