{"engine":"clickhouse","workload":"update_throughput_10k","n_rows":10000,"samples":16,"median_us":3762.604,"min_us":3221.4579405263066,"iterations_us":[4768.54108273983, 3803.7500344216824, 5412.625032477081, 3765.250090509653, 3759.9580828100443, 5214.250064454973, 3402.290982194245, 3902.6669692248106, 3221.4579405263066, 3434.9580528214574, 3955.4580580443144, 3289.2919844016433, 3568.4999311342835, 4305.999958887696, 3299.459000118077, 3570.54197229445]}
