{"engine":"clickhouse","workload":"update_throughput_10k","n_rows":10000,"samples":16,"median_us":4005.417,"min_us":3784.7909843549132,"iterations_us":[4818.167013581842, 4442.500008735806, 4541.707981843501, 4092.1670151874423, 4227.541969157755, 3900.6249862723053, 4037.5000098720193, 4121.500009205192, 3887.1660362929106, 3914.5839982666075, 4041.499982122332, 3939.1250465996563, 3956.7500352859497, 3784.7909843549132, 3862.790996208787, 3973.3340381644666]}
