{"engine":"clickhouse","workload":"update_throughput_1m","n_rows":1000000,"samples":16,"median_us":32137.146,"min_us":31113.457982428372,"iterations_us":[32170.75002612546, 31113.457982428372, 31618.124980013818, 31602.37497650087, 32103.541016113013, 31630.875018890947, 32060.874975286424, 31744.000036269426, 33637.6249906607, 35514.0000465326, 32103.208999615163, 33390.750002581626, 33862.95901145786, 33419.0420107916, 35645.12502634898, 34758.49999813363]}
