{"engine":"sqlite3","workload":"update_throughput_1m","n_rows":1000000,"samples":32,"median_us":44495.292,"min_us":43767.125,"iterations_us":[44679.37501613051, 44668.500078842044, 44147.16700557619, 44513.666070997715, 44261.790928430855, 44112.08292003721, 44330.749893561006, 43777.29201223701, 44082.08408858627, 43767.12499652058, 43817.83294957131, 43824.70797281712, 44152.75005158037, 44476.91701352596, 44091.62502270192, 44448.041007854044, 44757.20808841288, 44616.41702800989, 44271.66702225804, 44558.74999985099, 44564.542011357844, 44801.2501001358, 82894.37496569008, 49199.33306518942, 48745.74998393655, 47753.95803153515, 44223.16700220108, 45762.41609174758, 44712.499948218465, 44250.58304332197, 45221.249922178686, 45060.6249505654]}
