{"engine":"sqlite3","workload":"update_throughput_10k","n_rows":10000,"samples":16,"median_us":407.625,"min_us":404.959,"iterations_us":[455.45899774879217, 422.25001379847527, 431.62499787285924, 431.500026024878, 415.8749943599105, 405.3330048918724, 406.25000838190317, 414.0419769100845, 407.5420438311994, 410.24998063221574, 405.4159508086741, 405.3330048918724, 405.08300298824906, 405.1669966429472, 404.9590206705034, 407.7079938724637]}
