{"engine":"duckdb","workload":"update_throughput_100k","n_rows":100000,"samples":32,"median_us":797.104,"min_us":765.292,"iterations_us":[900.0840364024043, 853.9579575881362, 814.3748855218291, 783.7919984012842, 787.0830595493317, 845.7090007141232, 789.4160225987434, 812.0419224724174, 1090.208999812603, 949.6660204604268, 932.6250292360783, 866.1251049488783, 787.7500029280782, 805.4169593378901, 852.9169717803597, 769.458943977952, 767.6660316064954, 910.1249743252993, 907.2920074686408, 791.1670254543424, 765.2919739484787, 773.875042796135, 777.6248967275023, 772.2500013187528, 772.4579190835357, 765.7079258933663, 803.0410390347242, 781.2499534338713, 969.7919012978673, 833.6249738931656, 790.0000782683492, 773.9999564364552]}
