{"engine":"postgres17","workload":"update_throughput_100k","n_rows":100000,"samples":32,"median_us":172949.854,"min_us":168184.333,"iterations_us":[172259.70793515444, 188120.45804224908, 185985.04201509058, 181077.58404221386, 174000.7500629872, 174717.9590165615, 169819.29098255932, 170762.9580050707, 169863.00004646182, 170886.66604831815, 251105.95789738, 179651.1251013726, 172408.49998779595, 172350.83295963705, 171680.87500613183, 172839.79093190283, 168184.33301523328, 170906.4580500126, 173340.49998316914, 175477.20798756927, 172168.5000229627, 169116.58400204033, 172177.542001009, 177632.54197780043, 177758.41697584838, 172404.583892785, 179158.9589556679, 173059.91693865508, 171178.75011172146, 176462.16601133347, 174459.70803964883, 175940.04108104855]}
