{"engine":"duckdb","workload":"update_throughput_10k","n_rows":10000,"samples":16,"median_us":167.583,"min_us":153.416,"iterations_us":[211.4999806508422, 172.4159810692072, 202.16696429997683, 157.08396676927805, 153.9160148240626, 177.66596283763647, 170.79198732972145, 161.7080415599048, 156.04199143126607, 164.37500016763806, 189.79201558977365, 154.54198000952601, 156.3330297358334, 153.4160110168159, 180.0829777494073, 181.74998695030808]}
