{"engine":"clickhouse","workload":"update_throughput_1m","n_rows":1000000,"samples":32,"median_us":37294.833,"min_us":33509.291941300035,"iterations_us":[37499.54199884087, 35650.999983772635, 36522.582988254726, 37864.16701041162, 35969.66702025384, 37904.00002617389, 37731.87496699393, 36960.249999538064, 37576.37494709343, 39963.582996279, 38721.87505476177, 36955.29198739678, 36226.665950380266, 33509.291941300035, 37364.58299681544, 39605.12496996671, 34722.75007516146, 39142.66696665436, 37698.87494854629, 37225.083098746836, 38909.29208137095, 37543.16701088101, 37516.58299006522, 34627.54201609641, 35552.79097054154, 37077.16707140207, 35502.41596531123, 37970.04197258502, 35596.12506069243, 40911.99999675155, 34814.87499084324, 34635.416930541396]}
