{"engine":"sqlite3","workload":"update_throughput_1m","n_rows":1000000,"samples":16,"median_us":42392.687,"min_us":41796.708,"iterations_us":[45572.125003673136, 46485.833008773625, 44098.79195736721, 42353.041004389524, 41796.70795565471, 42182.95798636973, 42654.542019590735, 42721.12500621006, 42435.666953679174, 42088.29201525077, 41991.87504127622, 43018.08401942253, 41920.95901817083, 42432.33299348503, 42313.99996206164, 41977.0409935154]}
