{"engine":"duckdb","workload":"update_throughput_1m","n_rows":1000000,"samples":16,"median_us":2081.959,"min_us":1983.000,"iterations_us":[2215.0410222820938, 2236.7089986801147, 2240.4579794965684, 2096.207987051457, 2166.74996772781, 2047.959016636014, 2079.5839955098927, 2084.3339734710753, 2067.9159788414836, 2009.2090126127005, 2170.1250225305557, 2054.333977866918, 2057.7090326696634, 2090.624999254942, 2058.1670105457306, 1982.9999655485153]}
