{"engine":"postgres17","workload":"update_throughput_100k","n_rows":100000,"samples":16,"median_us":168080.521,"min_us":163699.333,"iterations_us":[179554.50003501028, 203709.12505313754, 181037.95894421637, 176383.66704341024, 164711.624966003, 170940.87495934218, 166893.457993865, 169482.62508958578, 166211.58295311034, 167668.3749537915, 218310.83297729492, 163699.3329739198, 166216.41698293388, 168038.29208947718, 167823.79196956754, 168122.75000847876]}
