{"engine":"sqlite3","workload":"update_throughput_100k","n_rows":100000,"samples":32,"median_us":4266.687,"min_us":4086.708,"iterations_us":[4435.834009200335, 4204.20803129673, 4311.916069127619, 4086.707951501012, 4313.417011871934, 4107.167012989521, 4264.999995939434, 4299.457999877632, 4104.166990146041, 4339.37506750226, 4290.41706956923, 4303.582943975925, 4095.8329336717725, 4128.207918256521, 4339.540959335864, 4141.459008678794, 4355.29206879437, 4268.374992534518, 4303.041030652821, 4090.959089808166, 4226.749995723367, 4160.292097367346, 4174.374975264072, 4394.249990582466, 4178.875009529293, 4227.91694290936, 4191.042040474713, 4314.707941375673, 4288.166994228959, 4220.1250325888395, 4490.291001275182, 4324.957961216569]}
