{"engine":"duckdb","workload":"update_throughput_10k","n_rows":10000,"samples":16,"median_us":174.687,"min_us":156.750,"iterations_us":[185.33295951783657, 190.33299759030342, 185.20897720009089, 170.29198352247477, 185.62492914497852, 196.1250090971589, 162.16596122831106, 165.45795369893312, 182.75005277246237, 171.54193483293056, 200.2499531954527, 177.83301882445812, 156.74997121095657, 170.83308193832636, 161.4170614629984, 159.62496399879456]}
