{"engine":"sqlite3","workload":"update_throughput_10k","n_rows":10000,"samples":32,"median_us":422.021,"min_us":413.667,"iterations_us":[434.9589580669999, 422.12498374283314, 418.00003964453936, 414.5420389249921, 415.9579984843731, 417.45800990611315, 414.79093488305807, 414.6250430494547, 427.87508573383093, 416.87500197440386, 413.666944950819, 510.4999290779233, 458.8330630213022, 451.0830622166395, 431.7089915275574, 428.79197280853987, 430.7080525904894, 422.83395305275917, 433.54195076972246, 430.5420443415642, 424.66691229492426, 432.20899533480406, 415.16602504998446, 426.7080221325159, 421.9169495627284, 418.12495328485966, 415.91702029109, 415.58302473276854, 415.66696017980576, 415.0829045102, 421.3749198243022, 422.87493124604225]}
