{"engine":"postgres17","workload":"update_throughput_100k","n_rows":100000,"samples":16,"median_us":159750.250,"min_us":150077.042,"iterations_us":[169591.7909964919, 173261.6659719497, 173421.4579919353, 171110.70797545835, 164053.37501782924, 166162.70900703967, 160119.5419789292, 159380.95899764448, 157361.4159715362, 156649.91695666686, 156630.62501698732, 160753.75000946224, 150077.04199524596, 155654.9590313807, 158573.4580294229, 157185.2500201203]}
