{"engine":"postgres17","workload":"update_throughput_10k","n_rows":10000,"samples":16,"median_us":42397.146,"min_us":36398.708,"iterations_us":[42511.4159588702, 36398.708005435765, 48680.95804704353, 39512.12501851842, 43144.957977347076, 45493.33296017721, 41275.99997445941, 36608.2499967888, 43746.95802107453, 44291.83300817385, 41932.49996751547, 42282.87504520267, 39032.20797656104, 41276.79095836356, 43703.79203464836, 42801.95903265849]}
