{"engine":"duckdb","workload":"update_throughput_100k","n_rows":100000,"samples":16,"median_us":773.104,"min_us":739.375,"iterations_us":[796.3330135680735, 753.0419970862567, 853.7499816156924, 790.0840137153864, 823.8750160671771, 796.2919771671295, 764.9170001968741, 765.0839979760349, 766.2909920327365, 739.3750129267573, 756.45896140486, 769.3750085309148, 789.6250463090837, 784.2079503461719, 749.1250289604068, 776.8329815007746]}
