{"engine":"sqlite3","workload":"update_throughput_100k","n_rows":100000,"samples":16,"median_us":4052.042,"min_us":4038.458,"iterations_us":[4094.83298426494, 4104.083986021578, 4045.707988552749, 4059.875034727156, 4073.8749667070806, 4047.3330300301313, 4045.0829546898603, 4069.749964401126, 4056.33298214525, 4047.999973408878, 4043.332999572158, 4055.167024489492, 4045.042034704238, 4038.457991555333, 4050.791962072253, 4053.2919811084867]}
