{"engine":"sqlite3","workload":"update_throughput_10k","n_rows":10000,"samples":32,"median_us":436.541,"min_us":416.000,"iterations_us":[416.0000244155526, 419.4170469418168, 416.4590500295162, 424.83292054384947, 551.4579825103283, 430.2910529077053, 430.3749883547425, 432.7499773353338, 431.9580039009452, 436.7500077933073, 438.91603127121925, 436.58295180648565, 438.9580572023988, 427.58299969136715, 431.95905163884163, 438.8329107314348, 439.1249967738986, 436.49994768202305, 436.58295180648565, 436.99995148926973, 435.458030551672, 438.95794078707695, 436.2500039860606, 436.2500039860606, 436.2919135019183, 436.3330081105232, 540.041015483439, 446.2499637156725, 464.2499843612313, 455.41697181761265, 437.250011600554, 444.54203452914953]}
