{"engine":"postgres17","workload":"update_throughput_10k","n_rows":10000,"samples":16,"median_us":45862.812,"min_us":42013.667,"iterations_us":[50818.667048588395, 42013.667058199644, 44445.58301474899, 43558.12491849065, 45524.99996498227, 46389.66696802527, 48255.58396987617, 45043.45799796283, 46200.625016354024, 47117.625013925135, 48584.50009487569, 43645.95899824053, 47787.37504966557, 45084.584038704634, 49223.999958485365, 42997.24998418242]}
