{"engine":"sqlite3","workload":"update_throughput_10k","n_rows":10000,"samples":16,"median_us":420.417,"min_us":408.042,"iterations_us":[414.45798706263304, 408.042105846107, 416.6669677942991, 417.2079497948289, 415.91702029109, 428.8339987397194, 415.8749943599105, 523.8340236246586, 455.2080063149333, 419.54207699745893, 411.25004645437, 425.58310087770224, 421.290984377265, 424.41696859896183, 445.79210225492716, 432.37500358372927]}
