{"engine":"duckdb","workload":"update_throughput_1m","n_rows":1000000,"samples":32,"median_us":2208.834,"min_us":2011.875,"iterations_us":[2499.4590785354376, 2068.1250607594848, 2182.5419971719384, 2247.8330647572875, 2120.4999648034573, 2315.957914106548, 2310.250070877373, 2171.624917536974, 2342.50002540648, 2328.165923245251, 2084.125066176057, 2355.3749779239297, 2388.2079403847456, 2179.416944272816, 2362.9170609638095, 2225.4170617088675, 2130.7080751284957, 2334.624994546175, 2192.2499872744083, 2094.583003781736, 2341.1670699715614, 2123.874961398542, 2011.8749234825373, 2414.874965324998, 2080.2499493584037, 2049.1250324994326, 2343.7499767169356, 2144.249971024692, 2121.2089341133833, 2327.832975424826, 2128.415973857045, 2263.7919755652547]}
