{"engine":"duckdb","workload":"update_throughput_100k","n_rows":100000,"samples":32,"median_us":822.438,"min_us":784.792,"iterations_us":[863.3750258013606, 835.5840109288692, 857.749953866005, 1230.583991855383, 1045.2920105308294, 956.8749228492379, 837.3749442398548, 840.2920793741941, 821.5409470722079, 800.207955762744, 820.0829615816474, 792.9999846965075, 978.2920824363828, 928.79100702703, 842.8329601883888, 822.7090584114194, 812.5000167638063, 830.2080677822232, 809.3750802800059, 796.5420372784138, 792.665989138186, 925.9169455617666, 866.5830828249454, 807.2500349953771, 824.3329357355833, 822.1670286729932, 807.0409530773759, 789.7500181570649, 789.1249842941761, 792.4999808892608, 784.7920060157776, 793.1669242680073]}
