{"engine":"clickhouse","workload":"update_throughput_100k","n_rows":100000,"samples":16,"median_us":11293.021,"min_us":10921.749984845519,"iterations_us":[12044.082977809012, 11415.209039114416, 11235.499987378716, 11222.042026929557, 11323.20798933506, 11547.958012670279, 11714.333086274564, 11547.082918696105, 11262.83302437514, 11440.458940342069, 11235.333047807217, 11165.66697601229, 10921.749984845519, 11822.7080674842, 11163.249961100519, 11138.041038066149]}
