{"engine":"duckdb","workload":"update_throughput_100k","n_rows":100000,"samples":32,"median_us":800.125,"min_us":738.708,"iterations_us":[869.9999889358878, 810.5830056592822, 806.4580615609884, 791.8330375105143, 780.2080363035202, 872.3330684006214, 818.834058009088, 811.5839445963502, 774.8330244794488, 808.4999863058329, 798.9589357748628, 779.8329461365938, 759.2500187456608, 788.707984611392, 813.8749981299043, 933.166011236608, 829.6670857816935, 801.2920152395964, 777.8749568387866, 768.2080613449216, 769.2079525440931, 770.8329940214753, 771.1660582572222, 788.1249766796827, 790.5419915914536, 889.00001719594, 832.7920222654939, 814.0410063788295, 819.6249837055802, 812.6250468194485, 754.0419464930892, 738.7080695480108]}
