{"engine":"sqlite3","workload":"update_throughput_100k","n_rows":100000,"samples":16,"median_us":4158.646,"min_us":3981.667,"iterations_us":[4216.957953758538, 4138.500022236258, 4180.2910272963345, 4034.708021208644, 4280.1249655894935, 4065.082990564406, 4123.666964005679, 4191.041982267052, 4166.874976363033, 4216.917033772916, 4075.0830085016787, 4145.957995206118, 4203.249991405755, 4249.708028510213, 4150.416993070394, 3981.6669886931777]}
