{"engine":"duckdb","workload":"update_throughput_1m","n_rows":1000000,"samples":16,"median_us":2315.333,"min_us":2043.459,"iterations_us":[2457.2500260546803, 2129.125059582293, 2499.9160086736083, 2396.1669066920877, 2235.415973700583, 2443.416975438595, 2291.375072672963, 2199.667040258646, 2363.7079866603017, 2186.833997257054, 2043.4589823707938, 2394.5419816300273, 2222.50004298985, 2339.2910370603204, 2435.7499787583947, 2110.5000050738454]}
