{"engine":"postgres17","workload":"update_throughput_1m","n_rows":1000000,"samples":16,"median_us":2025153.771,"min_us":1916947.625,"iterations_us":[1987097.209028434, 2179591.624997556, 2131644.1249800846, 2378296.3750418276, 1976876.3750325888, 2241744.707978796, 2076195.1659806073, 2014000.458002556, 1916947.6250535809, 2058581.2920471653, 1994361.6659729742, 2332329.166994896, 1984529.0829543956, 2027442.9169949144, 2022864.6249743178, 2003908.666956704]}
