{"engine":"duckdb","workload":"update_throughput_10k","n_rows":10000,"samples":16,"median_us":160.521,"min_us":157.500,"iterations_us":[200.62498515471816, 170.08301801979542, 161.20896907523274, 195.16702741384506, 162.83401055261493, 166.4169831201434, 163.3340143598616, 161.12503362819552, 159.91699183359742, 159.62496399879456, 158.0420066602528, 157.66703290864825, 157.79200475662947, 157.50003512948751, 157.87495067343116, 157.5829810462892]}
