{"engine":"sqlite3","workload":"update_throughput_100k","n_rows":100000,"samples":32,"median_us":4317.417,"min_us":4095.125,"iterations_us":[4222.083021886647, 4494.208027608693, 4095.124895684421, 4402.833990752697, 4276.624997146428, 4273.500060662627, 4138.333955779672, 4252.083017490804, 4368.334077298641, 4305.792041122913, 4503.709031268954, 4393.375013023615, 4534.416017122567, 4332.583979703486, 4329.040995799005, 4211.207968182862, 4357.833066023886, 4185.875062830746, 4159.749951213598, 4231.541999615729, 4098.583944141865, 4300.916101783514, 4140.916047617793, 4227.75000333786, 4383.416962809861, 4343.707929365337, 4471.54208086431, 4444.792051799595, 4447.125014849007, 4395.209020003676, 4420.24995572865, 4129.249951802194]}
