{"engine":"duckdb","workload":"update_throughput_1m","n_rows":1000000,"samples":16,"median_us":2212.125,"min_us":2040.375,"iterations_us":[2225.541975349188, 2168.7920088879764, 2169.665996916592, 2150.12498665601, 2489.000034984201, 2277.2920201532543, 2204.6249941922724, 2342.5419931299984, 2219.624991994351, 2126.9579883664846, 2439.8340028710663, 2201.7500014044344, 2040.3750240802765, 2348.167006857693, 2185.5420200154185, 2268.165990244597]}
