{"engine":"duckdb","workload":"update_throughput_100k","n_rows":100000,"samples":16,"median_us":774.771,"min_us":740.583,"iterations_us":[819.1670058295131, 799.2910104803741, 797.5829648785293, 773.5000108368695, 758.5840066894889, 786.7090171203017, 740.5829965136945, 819.3330140784383, 821.5000270865858, 767.6249952055514, 767.66696292907, 782.4579952284694, 749.8339982703328, 776.0419975966215, 745.2080026268959, 764.6250305697322]}
