{"engine":"duckdb","workload":"update_throughput_1m","n_rows":1000000,"samples":32,"median_us":2299.563,"min_us":2007.584,"iterations_us":[2177.8340451419353, 2438.3339332416654, 2375.9169271215796, 2058.6670143529773, 2415.916998870671, 2441.624994389713, 2249.5000157505274, 2381.332917138934, 2358.207944780588, 2163.2499992847443, 2353.6249063909054, 2269.3329956382513, 2284.083981066942, 2252.1670907735825, 2191.9580176472664, 2326.6669595614076, 2406.2079610303044, 2206.042059697211, 2354.3749703094363, 2268.5000440105796, 2090.5829733237624, 2575.9999407455325, 2275.083912536502, 2184.2080168426037, 2447.2500663250685, 2277.2919619455934, 2396.582975052297, 2326.666028238833, 2007.58408755064, 2315.0419583544135, 2383.9169880375266, 2230.6250175461173]}
