{"engine":"sqlite3","workload":"update_throughput_10k","n_rows":10000,"samples":16,"median_us":421.917,"min_us":415.209,"iterations_us":[416.0419921390712, 415.2090405113995, 419.74999476224184, 422.3749856464565, 421.8749818392098, 420.8330065011978, 421.999953687191, 424.2910072207451, 424.2910072207451, 421.95903370156884, 432.4580077081919, 422.25001379847527, 430.6669579818845, 421.00000428035855, 421.0839979350567, 421.50000808760524]}
