{"engine":"clickhouse","workload":"update_throughput_100k","n_rows":100000,"samples":32,"median_us":12664.771,"min_us":11836.124933324754,"iterations_us":[13201.999943703413, 13730.083010159433, 12760.45897975564, 12868.87505557388, 12640.41697140783, 12928.332900628448, 12408.041977323592, 13010.291964747012, 13688.125065527856, 13568.875030614436, 12951.500015333295, 13301.125029101968, 12689.124909229577, 12490.791967138648, 12930.625001899898, 13017.000048421323, 12326.750089414418, 12051.54205672443, 12146.375025622547, 12842.708034440875, 12036.833097226918, 12057.207990437746, 12176.415999419987, 12719.916994683444, 12523.959041573107, 11872.874922119081, 12579.29194252938, 12565.416982397437, 12856.499990448356, 12182.042002677917, 11836.124933324754, 12587.083037942648]}
