{"engine":"sqlite3","workload":"update_throughput_1m","n_rows":1000000,"samples":32,"median_us":44627.667,"min_us":44116.500,"iterations_us":[44529.665959998965, 44286.25002037734, 44337.208033539355, 44508.45799874514, 44565.83294086158, 44506.91700913012, 44428.45797166228, 44835.29191929847, 44392.50007271767, 44813.75007890165, 45018.41706223786, 44642.583001405, 44612.750061787665, 44443.41699127108, 44911.50006651878, 44784.291996620595, 44873.790931887925, 44523.37499242276, 44749.83306135982, 44571.1660431698, 44116.49995017797, 44320.45901194215, 74212.41700649261, 58740.1669472456, 45379.834016785026, 44910.249998793006, 44704.5830078423, 44534.541899338365, 45039.04201555997, 44500.99996756762, 44664.249988272786, 45187.54198215902]}
