{"engine":"sqlite3","workload":"update_throughput_1m","n_rows":1000000,"samples":32,"median_us":44206.938,"min_us":43703.208,"iterations_us":[44191.83300342411, 45218.58296357095, 43880.166951566935, 43949.33290313929, 44222.41693828255, 44040.66607821733, 44275.41699260473, 43822.24997971207, 43794.874916784465, 44050.791999325156, 44188.540894538164, 43703.20797897875, 44460.417004302144, 44925.00005289912, 43707.20800943673, 44211.16702724248, 44271.084014326334, 44808.250037021935, 43992.0830540359, 44513.41601088643, 44508.29199049622, 43918.74989960343, 44184.54202823341, 44364.70894142985, 44202.70805712789, 44770.24998050183, 44290.37496447563, 44363.16608916968, 44813.58302291483, 44175.74999388307, 44075.99999103695, 44414.08300772309]}
