{"engine":"clickhouse","workload":"update_throughput_10k","n_rows":10000,"samples":32,"median_us":3799.625,"min_us":3380.7080471888185,"iterations_us":[4958.707955665886, 4751.750035211444, 7982.749957591295, 9341.291966848075, 4904.915927909315, 3740.6670162454247, 4207.37499371171, 3920.000046491623, 3665.4999712482095, 4010.5419466271996, 3402.9160160571337, 3649.7499095276, 3982.249996624887, 3464.958048425615, 3803.7090562283993, 3602.458047680557, 3521.124948747456, 3968.207980506122, 3380.7080471888185, 3574.125003069639, 3876.7909863963723, 3401.0409144684672, 3516.9589100405574, 3879.3329149484634, 3857.0420583710074, 4557.209089398384, 3742.2089371830225, 3667.415934614837, 3795.541008003056, 3617.5419809296727, 4125.042003579438, 3509.2910984531045]}
