{"engine":"duckdb","workload":"update_throughput_1m","n_rows":1000000,"samples":32,"median_us":2290.375,"min_us":1998.917,"iterations_us":[2368.0829908698797, 2290.0839103385806, 2118.0419716984034, 2290.6670346856117, 2157.3329577222466, 2357.9580010846257, 2338.708029128611, 2060.290891677141, 2352.625015191734, 2248.999895527959, 1998.9169668406248, 2415.708964690566, 2320.74991799891, 2097.7500826120377, 2585.542039014399, 2349.0419844165444, 2418.5420479625463, 2221.5000353753567, 2112.415968440473, 2388.749970123172, 2441.9999681413174, 2241.0000674426556, 2291.165990754962, 2213.583094999194, 2241.7500149458647, 2281.291992403567, 2528.000040911138, 2128.042047843337, 2389.9590596556664, 2206.958015449345, 2245.208015665412, 2357.5000232085586]}
