{"engine":"sqlite3","workload":"update_throughput_100k","n_rows":100000,"samples":16,"median_us":4205.958,"min_us":3972.333,"iterations_us":[4061.1670119687915, 4242.249997332692, 4128.957982175052, 4210.9579662792385, 4275.667015463114, 4151.707980781794, 4255.04200393334, 4216.499975882471, 4224.999982398003, 4222.290997859091, 4315.291997045279, 3972.3330410197377, 4164.249985478818, 4200.958996079862, 4029.374977108091, 4174.66601356864]}
