{"engine":"duckdb","workload":"update_throughput_100k","n_rows":100000,"samples":16,"median_us":786.958,"min_us":745.792,"iterations_us":[812.9579946398735, 816.3750171661377, 745.7919418811798, 799.7080683708191, 774.8750504106283, 894.7909809648991, 811.7089746519923, 752.790947444737, 772.833009250462, 767.9170230403543, 795.9168870002031, 751.3329619541764, 769.0420607104897, 791.7089387774467, 782.2079351171851, 944.1670263186097]}
