{"engine":"duckdb","workload":"update_throughput_1m","n_rows":1000000,"samples":16,"median_us":2148.792,"min_us":2033.000,"iterations_us":[2326.8330260179937, 2086.4580292254686, 2143.499965313822, 2201.6250295564532, 2272.0840061083436, 2140.583994332701, 2154.0840389207006, 2345.374959986657, 2098.3750000596046, 2086.375025101006, 2191.999985370785, 2167.9580095224082, 2102.1669963374734, 2451.2080126442015, 2032.9999970272183, 2092.458016704768]}
