{"engine":"duckdb","workload":"update_throughput_10k","n_rows":10000,"samples":32,"median_us":160.937,"min_us":149.500,"iterations_us":[208.99996161460876, 171.83308955281973, 163.62499445676804, 167.25005116313696, 161.49994917213917, 192.45792645961046, 161.91706527024508, 155.62493354082108, 214.6660117432475, 153.4579787403345, 171.37499526143074, 160.16699373722076, 165.25003593415022, 167.04096924513578, 154.04203440994024, 151.24992933124304, 151.33293345570564, 151.4169853180647, 149.50009062886238, 150.45900363475084, 150.08391346782446, 157.79200475662947, 168.66694204509258, 157.66697470098734, 174.0830484777689, 179.499969817698, 159.50005035847425, 151.24992933124304, 160.83300579339266, 161.0410399734974, 165.66598787903786, 155.50001990050077]}
