{"engine":"sqlite3","workload":"update_throughput_10k","n_rows":10000,"samples":16,"median_us":416.958,"min_us":402.458,"iterations_us":[402.4579538963735, 414.9160231463611, 419.9169925414026, 430.62499025836587, 415.83296842873096, 418.5410216450691, 418.0839750915766, 411.45802242681384, 415.4170164838433, 411.62496199831367, 421.2500061839819, 418.12501149252057, 424.54199865460396, 415.45898420736194, 415.4159687459469, 418.3750133961439]}
