{"engine":"clickhouse","workload":"update_throughput_10k","n_rows":10000,"samples":32,"median_us":4014.458,"min_us":3348.667058162391,"iterations_us":[5071.791005320847, 3983.29203017056, 4543.915973044932, 4137.084004469216, 4020.332940854132, 4190.292092971504, 3634.875058196485, 3815.5829533934593, 4056.4159862697124, 3502.6249242946506, 4564.875038340688, 3609.6659023314714, 4173.375084064901, 4162.458004429936, 3822.5000025704503, 4531.3750160858035, 3348.667058162391, 4270.292003639042, 4415.583913214505, 3918.79107337445, 6083.916057832539, 3952.624974772334, 4553.499980829656, 3546.6670524328947, 5330.082960426807, 3596.416092477739, 3862.9589835181832, 4015.082959085703, 3777.1249189972878, 4013.833007775247, 3687.3749922960997, 3512.375056743622]}
