{"engine":"clickhouse","workload":"update_throughput_1m","n_rows":1000000,"samples":16,"median_us":34601.125,"min_us":32862.12508101016,"iterations_us":[33719.54197064042, 39828.33307236433, 34182.74992145598, 34438.41601256281, 37754.832999780774, 36552.74992343038, 35246.87502067536, 38506.25001359731, 34935.08300743997, 34214.707906357944, 33535.58306116611, 32862.12508101016, 37433.41704830527, 33855.91693222523, 34089.83408007771, 34763.83408997208]}
