{"engine":"clickhouse","workload":"update_throughput_10k","n_rows":10000,"samples":16,"median_us":4588.083,"min_us":3936.041030101478,"iterations_us":[5034.707952290773, 5960.49998421222, 5496.416997630149, 5616.083042696118, 5285.667022690177, 4575.915983878076, 4389.25001071766, 4795.583023224026, 4249.958030413836, 4600.249987561256, 4218.083049636334, 4709.540982730687, 3936.041030101478, 4271.166049875319, 4445.750033482909, 4418.04202273488]}
