{"engine":"sqlite3","workload":"window_row_number_65k_i64","n_rows":65536,"samples":16,"median_us":29038.770,"min_us":28093.209,"iterations_us":[28093.20902451873, 29529.333929531276, 29317.41694919765, 29278.00000179559, 29049.33295212686, 29048.540978692472, 28910.082997754216, 28485.332964919508, 28898.625052534044, 29171.3330661878, 28834.750060923398, 28904.292033985257, 28884.29199811071, 29054.165934212506, 29028.99996843189, 29054.875019937754]}
