{"engine":"clickhouse","workload":"window_row_number_65k_i64","n_rows":65536,"samples":16,"median_us":5812.395,"min_us":5518.874968402088,"iterations_us":[5518.874968402088, 6285.2090341039, 6330.958043690771, 6460.9579858370125, 5659.290996845812, 5918.708047829568, 5545.834021177143, 6037.292012479156, 5819.37498645857, 5932.125030085444, 5750.124983023852, 5626.375030260533, 5805.4159744642675, 5632.749991491437, 5708.916985895485, 5991.665995679796]}
