{"engine":"clickhouse","workload":"window_row_number_65k_i64","n_rows":65536,"samples":16,"median_us":5230.104,"min_us":5079.832975752652,"iterations_us":[5172.249977476895, 6024.583010002971, 5873.417016118765, 5977.750057354569, 5574.916955083609, 5305.083002895117, 5177.541053853929, 5220.707971602678, 5302.042001858354, 5335.3330586105585, 5101.291928440332, 5079.832975752652, 5120.042013004422, 5180.416977964342, 5172.458011657, 5239.500082097948]}
