{"engine":"duckdb","workload":"window_row_number_65k_i64","n_rows":65536,"samples":32,"median_us":7490.938,"min_us":6684.541,"iterations_us":[6684.541003778577, 7709.87500436604, 8092.499920167029, 7397.499983198941, 7559.0829364955425, 8089.124923571944, 7797.124912030995, 9200.415923260152, 7492.417003959417, 7506.291032768786, 7192.541030235589, 7695.917040109634, 7464.000023901463, 7260.87496150285, 7092.999992892146, 7451.291079632938, 7739.207940176129, 7007.166976109147, 7350.958068855107, 8146.667038090527, 7642.459007911384, 7320.374948903918, 7209.750008769333, 7451.082929037511, 7722.957991063595, 7489.459007047117, 7230.8339877054095, 7579.416036605835, 7621.66699860245, 6934.16700232774, 7182.791014201939, 8142.541977576911]}
