{"engine":"sqlite3","workload":"window_row_number_65k_i64","n_rows":65536,"samples":32,"median_us":30520.791,"min_us":29777.875,"iterations_us":[30657.917028293014, 33821.20805326849, 31561.79201323539, 31295.83306144923, 32915.000105276704, 30924.66597445309, 30403.667013160884, 30125.4999358207, 30788.87506853789, 30903.50003913045, 30670.749954879284, 30325.45803580433, 30076.832976192236, 30737.29097377509, 32320.208032615483, 30466.292053461075, 30505.99992275238, 30498.499982059002, 30361.833982169628, 30480.83302564919, 30965.292011387646, 31599.875073879957, 30941.91593118012, 31057.166983373463, 30329.125002026558, 30342.083075083792, 30002.62496061623, 30343.665974214673, 30535.582918673754, 29777.875053696334, 30357.66596440226, 30482.37506300211]}
