{"engine":"clickhouse","workload":"window_row_number_65k_i64","n_rows":65536,"samples":32,"median_us":6291.979,"min_us":5648.916005156934,"iterations_us":[6102.917017415166, 7353.375083766878, 6424.874998629093, 7046.374958008528, 6889.167008921504, 6447.124993428588, 6454.666028730571, 6388.457957655191, 5931.291962042451, 6881.374982185662, 5970.874917693436, 6020.166911184788, 6583.12498126179, 6076.166988350451, 6477.124989032745, 6307.5420912355185, 5848.66595454514, 6532.375002279878, 5765.374982729554, 6209.957995451987, 6221.584044396877, 6237.583002075553, 6434.165989048779, 6276.416010223329, 6021.250039339066, 6202.207994647324, 5946.6250240802765, 6368.250004015863, 6687.625078484416, 5648.916005156934, 6476.582959294319, 6031.124969013035]}
