{"engine":"duckdb","workload":"window_row_number_65k_i64","n_rows":65536,"samples":16,"median_us":7319.062,"min_us":6489.750,"iterations_us":[6489.749997854233, 7402.375049423426, 7883.290993049741, 7300.624973140657, 7337.499991990626, 7522.083993535489, 7604.2499858886, 6996.833020821214, 8206.250029616058, 7103.834010194987, 7580.75003977865, 7039.95896037668, 7024.4999951682985, 7390.207960270345, 7214.9159968830645, 7025.500002782792]}
