{"engine":"clickhouse","workload":"window_row_number_65k_i64","n_rows":65536,"samples":32,"median_us":6151.146,"min_us":5579.082993790507,"iterations_us":[6225.124932825565, 7139.375084079802, 6326.249917037785, 6890.040938742459, 6140.999961644411, 6582.166999578476, 6357.082980684936, 6274.334038607776, 6292.374921031296, 6085.624918341637, 6047.499948181212, 6039.957981556654, 5843.62493827939, 6211.624946445227, 5695.041967555881, 6386.167020536959, 6092.7089070901275, 6772.332941181958, 5998.875014483929, 5679.8330042511225, 5857.042036950588, 6541.95889364928, 5579.082993790507, 6161.29208356142, 5643.957993015647, 5850.20799189806, 6171.041983179748, 5822.625011205673, 6216.6249845176935, 5860.91703735292, 5908.000050112605, 6434.125010855496]}
