{"engine":"clickhouse","workload":"window_row_number_65k_i64","n_rows":65536,"samples":32,"median_us":6108.583,"min_us":5507.08407536149,"iterations_us":[5973.541061393917, 6862.291018478572, 6686.665932647884, 6951.37504953891, 7082.667085342109, 6279.750028625131, 6451.8749713897705, 6117.249955423176, 5827.125045470893, 6390.4160633683205, 5612.084059976041, 6142.415921203792, 5880.707991309464, 5807.9579612240195, 6099.915946833789, 5519.957980141044, 6130.583002232015, 5864.750011824071, 6358.250044286251, 6328.165996819735, 5584.458005614579, 6280.874949879944, 5735.625047236681, 5790.541064925492, 6358.4999879822135, 5507.08407536149, 6086.082896217704, 5776.040954515338, 5964.166019111872, 6372.291943989694, 5540.9170454367995, 6364.416913129389]}
