{"engine":"postgres17","workload":"window_row_number_65k_i64","n_rows":65536,"samples":16,"median_us":52281.875,"min_us":45673.458,"iterations_us":[48886.54104433954, 47559.29205566645, 45673.45802206546, 52324.0000475198, 53024.91597831249, 53515.20807016641, 54157.70807303488, 54119.91698201746, 51666.04195255786, 53228.16700208932, 51089.624990709126, 46556.207933463156, 54666.37504287064, 53427.08306852728, 52239.749929867685, 47360.33303197473]}
