{"engine":"duckdb","workload":"window_row_number_65k_i64","n_rows":65536,"samples":32,"median_us":7353.146,"min_us":6757.209,"iterations_us":[7110.542035661638, 7662.874995730817, 7714.416948147118, 7765.542017295957, 8003.334049135447, 7555.207936093211, 7365.291938185692, 7519.291015341878, 8937.457925640047, 7516.750018112361, 7037.125062197447, 6776.291993446648, 7402.000017464161, 7056.250004097819, 6897.91701734066, 7379.2500188574195, 7341.000018641353, 6855.50004709512, 7053.749985061586, 7429.582998156548, 7500.084000639617, 7140.9170050174, 7306.2090668827295, 7168.083102442324, 7431.000005453825, 6952.250027097762, 7476.1249125003815, 6991.167087107897, 6757.208961062133, 7280.124933458865, 7408.124976791441, 6953.542004339397]}
