{"engine":"duckdb","workload":"window_row_number_65k_i64","n_rows":65536,"samples":16,"median_us":6601.980,"min_us":5923.167,"iterations_us":[5923.166987486184, 6912.12504170835, 6713.457987643778, 6946.707959286869, 6723.665981553495, 6837.542052380741, 6685.917032882571, 6695.875083096325, 7273.333962075412, 6518.042064271867, 6452.45797932148, 6385.874934494495, 6330.457981675863, 6411.917041987181, 6212.167092598975, 6273.209000937641]}
