{"engine":"clickhouse","workload":"window_row_number_65k_i64","n_rows":65536,"samples":16,"median_us":6182.791,"min_us":5600.415985099971,"iterations_us":[5928.875005338341, 6926.209025550634, 7237.415993586183, 6862.999987788498, 6468.334002420306, 6531.250022817403, 6157.041003461927, 5753.04200174287, 5981.166963465512, 6071.500014513731, 6208.541977684945, 5646.916979458183, 5777.8749614953995, 6225.874996744096, 5600.415985099971, 6386.458000633866]}
