{"engine":"duckdb","workload":"window_row_number_65k_i64","n_rows":65536,"samples":32,"median_us":7611.937,"min_us":6559.542,"iterations_us":[6559.542031027377, 7813.666015863419, 8307.000040076673, 8240.457973442972, 8327.792049385607, 7611.3330433145165, 7582.666934467852, 7938.584079965949, 9028.166066855192, 8221.625001169741, 7357.374997809529, 7434.624945744872, 7767.542032524943, 7699.916022829711, 7156.666950322688, 7349.5840188115835, 7612.540968693793, 7642.457960173488, 7092.625019140542, 7141.541922464967, 8263.75000178814, 7812.332944013178, 7173.624937422574, 7274.792063981295, 7654.2499009519815, 7686.5419978275895, 7300.12496933341, 7346.542086452246, 7565.458072349429, 7864.08397834748, 7108.7919641286135, 7184.000103734434]}
