{"engine":"postgres17","workload":"window_row_number_65k_i64","n_rows":65536,"samples":16,"median_us":51099.396,"min_us":44553.833,"iterations_us":[50226.79199464619, 49717.91699063033, 48734.58301881328, 49768.45800410956, 53435.750014614314, 51972.00004477054, 52208.29095924273, 55005.792004521936, 57415.83404596895, 57769.66694975272, 60528.70798157528, 52960.25000279769, 44553.832965902984, 44946.0829840973, 46153.082977980375, 47739.91700494662]}
