{"engine":"sqlite3","workload":"window_row_number_65k_i64","n_rows":65536,"samples":16,"median_us":29267.084,"min_us":28290.667,"iterations_us":[28290.667047258466, 29663.708992302418, 29218.834009952843, 29496.00003194064, 29172.083013691008, 29051.083023659885, 29085.08398104459, 29325.66701201722, 29375.333979260176, 29864.33304613456, 29315.33398805186, 28953.582979738712, 28922.58297652006, 29104.45799352601, 29410.084011033177, 29468.041961081326]}
