{"engine":"sqlite3","workload":"window_row_number_65k_i64","n_rows":65536,"samples":16,"median_us":29125.166,"min_us":28196.542,"iterations_us":[28196.54199993238, 29322.124959435314, 29317.375039681792, 29141.790990252048, 28912.79204050079, 29041.00000159815, 29242.583026643842, 29108.541959431022, 29321.0000381805, 29412.54200413823, 29057.375038973987, 29015.832988079637, 28999.167028814554, 28949.083003681153, 29310.291982255876, 29781.249992083758]}
