{"engine":"duckdb","workload":"window_row_number_65k_i64","n_rows":65536,"samples":32,"median_us":7410.354,"min_us":6673.250,"iterations_us":[6673.249998129904, 8396.708988584578, 8001.915994100273, 7510.500028729439, 7723.000016994774, 8040.625019930303, 7941.166986711323, 7465.415983460844, 8377.292077057064, 7219.790946692228, 7661.707932129502, 7093.332940712571, 7018.7910459935665, 7412.29101549834, 7668.375037610531, 6947.666988708079, 7272.916031070054, 7621.708093211055, 7437.584106810391, 7047.667051665485, 7595.7500375807285, 7408.417062833905, 7257.499964907765, 6919.124978594482, 7042.124983854592, 7372.417021542788, 6988.167064264417, 7113.666040822864, 7499.208091758192, 7274.416973814368, 6954.458891414106, 7564.915926195681]}
