{"engine":"sqlite3","workload":"window_row_number_65k_i64","n_rows":65536,"samples":16,"median_us":30043.749,"min_us":29361.208,"iterations_us":[29361.207969486713, 30486.87503905967, 30377.875023987144, 30335.792049299926, 30143.542040605098, 30265.417008195072, 29933.165991678834, 30044.58296345547, 30231.042008381337, 30530.415999237448, 29773.83299730718, 30042.91601246223, 29968.58296683058, 29769.124987069517, 29435.832984745502, 29385.08300576359]}
