{"engine":"duckdb","workload":"window_row_number_65k_i64","n_rows":65536,"samples":16,"median_us":6583.833,"min_us":6037.791,"iterations_us":[6037.791026756167, 6968.125002458692, 6910.333991982043, 6917.040969710797, 6815.041997469962, 6738.000025507063, 6698.41596391052, 6620.000000111759, 7457.583036739379, 6509.208993520588, 6547.665980178863, 6429.66601299122, 6494.833971373737, 6345.790985506028, 6300.709035713226, 6543.499999679625]}
