{"engine":"postgres17","workload":"window_row_number_65k_i64","n_rows":65536,"samples":16,"median_us":53096.687,"min_us":43787.542,"iterations_us":[47667.209000792354, 43787.54197387025, 52116.958948317915, 49268.9159582369, 53212.9579805769, 50205.41697740555, 52786.91602870822, 54526.791034732014, 54677.12500831112, 52777.750010136515, 52980.41697824374, 54092.29197539389, 53319.87497629598, 53284.25002517179, 54811.5000128746, 55877.91698053479]}
