{"engine":"clickhouse","workload":"window_row_number_65k_i64","n_rows":65536,"samples":32,"median_us":6355.271,"min_us":5792.250041849911,"iterations_us":[5963.583011180162, 6843.874929472804, 7363.416021689773, 7333.750021643937, 6375.500001013279, 6194.5830238983035, 6692.292052321136, 5987.458047457039, 6403.3339731395245, 6845.541996881366, 6175.0420136377215, 6409.041932784021, 6298.458087258041, 5998.166045174003, 6512.708961963654, 5994.3749802187085, 6153.083988465369, 6435.666000470519, 5873.334011994302, 6517.499918118119, 5943.208001554012, 6370.584014803171, 6610.458018258214, 5792.250041849911, 6246.333010494709, 6438.459036871791, 6064.166082069278, 6534.00004375726, 6339.957937598228, 6066.250032745302, 6677.999976091087, 5909.3330055475235]}
