{"engine":"postgres17","workload":"window_row_number_65k_i64","n_rows":65536,"samples":16,"median_us":51837.520,"min_us":47543.750,"iterations_us":[48319.04202001169, 47543.75002812594, 48891.000042203814, 52092.04199491069, 54820.791992824525, 54272.79102150351, 50375.79103372991, 52781.542006414384, 53365.583007689565, 51067.33302818611, 54073.08298163116, 51980.95797095448, 51076.08297839761, 51694.08296933398, 48707.874957472086, 52480.417012702674]}
