{"engine":"duckdb","workload":"window_row_number_65k_i64","n_rows":65536,"samples":16,"median_us":6669.188,"min_us":6337.125,"iterations_us":[6337.12497074157, 7352.292013820261, 7074.374996591359, 6857.083004433662, 6801.416981033981, 6919.084000401199, 6670.9170350804925, 7055.833004415035, 7817.292003892362, 6576.999963726848, 6625.040958169848, 6594.1670327447355, 6574.833998456597, 6667.458976153284, 6568.250013515353, 6474.791036453098]}
