{"engine":"postgres17","workload":"window_row_number_65k_i64","n_rows":65536,"samples":32,"median_us":59769.854,"min_us":56314.833,"iterations_us":[56314.832996577024, 57127.916952595115, 59101.875056512654, 59301.04199796915, 60004.416038282216, 59809.083002619445, 63169.167027808726, 58938.50000575185, 59708.166983909905, 59694.75000165403, 57690.12507516891, 59730.625012889504, 61298.79201762378, 64390.541054308414, 60519.083053804934, 60729.58302684128, 60274.99993797392, 59876.58305093646, 63358.583021909, 58156.74993209541, 56526.374886743724, 58526.16601623595, 57842.16697793454, 60439.29094448686, 60923.167038708925, 62109.12496317178, 60409.41702667624, 98618.41599922627, 56810.25004014373, 57397.54205569625, 59681.91602732986, 61564.749921672046]}
