{"engine":"sqlite3","workload":"window_row_number_65k_i64","n_rows":65536,"samples":32,"median_us":31614.833,"min_us":29870.292,"iterations_us":[29870.291939005256, 31094.79194972664, 31672.957935370505, 31288.041034713387, 30524.833011440933, 31055.95789384097, 32111.12506687641, 30292.083974927664, 30405.70893790573, 31103.04195433855, 30839.625047519803, 30527.91696973145, 30545.791028998792, 31136.16700284183, 31524.87496845424, 31278.208014555275, 32268.00006814301, 31690.16703031957, 31401.542015373707, 33574.1660092026, 31655.8750346303, 31573.790940456092, 33675.999962724745, 31859.70801860094, 32722.000032663345, 31765.582971274853, 32529.25002016127, 32603.625091724098, 32413.91701158136, 33263.917081058025, 32857.04203881323, 33483.20897202939]}
