{"engine":"sqlite3","workload":"window_row_number_65k_i64","n_rows":65536,"samples":32,"median_us":29990.583,"min_us":29342.125,"iterations_us":[29342.12505351752, 30284.041073173285, 30310.667003504932, 30236.957943998277, 29928.70903108269, 29980.58299999684, 30208.37507210672, 29466.74998383969, 29710.000031627715, 30345.499981194735, 29814.499896019697, 29883.624985814095, 29590.833000838757, 29745.417064987123, 29790.166998282075, 29870.667029172182, 30000.583035871387, 29719.249927438796, 29834.083979949355, 35507.16699101031, 33094.83302291483, 31532.290973700583, 30515.708960592747, 30749.875004403293, 30298.457946628332, 30393.749941140413, 29814.7089779377, 29764.70801513642, 29915.58297071606, 30142.499948851764, 30052.41707433015, 30220.62499076128]}
