{"engine":"sqlite3","workload":"window_row_number_65k_i64","n_rows":65536,"samples":32,"median_us":30180.292,"min_us":29102.208,"iterations_us":[29102.2079763934, 30162.750044837594, 30272.374977357686, 30285.082990303636, 29853.500076569617, 29901.54200233519, 29761.08400616795, 29879.083042033017, 30016.83298498392, 30631.458037532866, 31689.20800089836, 31682.33297765255, 31376.375001855195, 31117.87501256913, 30378.709081560373, 30655.24995326996, 30525.125097483397, 30313.667026348412, 30258.707934990525, 30598.750105127692, 30156.41705133021, 30801.75002105534, 30021.124985069036, 29903.29102613032, 29880.499932914972, 29993.999982252717, 29913.083999417722, 30197.833897545934, 30278.62508315593, 30066.292034462094, 29914.541984908283, 30031.24997485429]}
