{
  "schema_version": 1,
  "suite": "filtered_vector_search",
  "engine": "ultrasql_hnsw",
  "workload": "ai_gauntlet_filtered_vector_search_full",
  "profile": "full",
  "status": "measured",
  "required_metrics": [
    "recall_at_k",
    "p50_latency_us",
    "p95_latency_us",
    "p99_latency_us",
    "filter_selectivity",
    "candidate_expansion_count"
  ],
  "host": {
    "cpu": "Apple M4",
    "cores": 10,
    "ram_gb": 16,
    "os": "macos unknown"
  },
  "n_rows": 10000,
  "filtered_rows": 312,
  "vector_dims": 8,
  "top_k": 10,
  "queries": 50,
  "warmup_queries": 5,
  "tenant_count": 8,
  "category_count": 4,
  "tenant_id": 3,
  "category_id": 2,
  "filter_selectivity": 0.0312,
  "recall_at_k": 1.0,
  "p50_latency_us": 66643.791,
  "p95_latency_us": 83013.583,
  "p99_latency_us": 88449.292,
  "exact_p50_latency_us": 10.25,
  "exact_p95_latency_us": 19.875,
  "exact_p99_latency_us": 21.583,
  "ann_p50_latency_us": 66643.791,
  "ann_p95_latency_us": 83013.583,
  "ann_p99_latency_us": 88449.292,
  "candidate_expansion_count": 1280,
  "m": 16,
  "ef_search": 1024,
  "seed": 1367261406,
  "build_time_us": 1211456.0,
  "memory_bytes": 3845320,
  "exact_iterations_us": [
    12.084,
    19.875,
    11.333,
    13.583,
    19.125,
    12.167,
    15.875,
    16.333000000000002,
    11.916,
    12.375,
    21.583,
    11.625,
    14.875,
    14.958,
    10.834,
    9.707999999999998,
    10.040999999999999,
    10.25,
    9.791,
    10.583,
    8.792,
    9.209,
    8.667,
    8.541,
    8.875,
    10.125,
    10.459,
    9.959000000000001,
    8.792,
    8.666,
    9.042000000000002,
    10.25,
    8.583,
    9.541,
    9.75,
    8.459,
    9.917,
    8.709000000000001,
    9.459,
    9.25,
    9.125,
    9.584,
    20.25,
    16.667,
    13.040999999999999,
    11.292,
    11.292,
    10.834,
    13.792,
    11.041
  ],
  "ann_iterations_us": [
    87002.416,
    60909.75,
    71021.917,
    67033.417,
    59821.167,
    63375.208,
    62058.417,
    63653.62500000001,
    71285.292,
    73766.875,
    66643.791,
    61472.0,
    63230.125,
    75067.209,
    57475.791,
    62650.37499999999,
    69600.458,
    58222.167,
    58181.583,
    73969.29100000001,
    83013.583,
    72129.666,
    64837.50000000001,
    88449.292,
    81119.417,
    57083.833,
    56185.875,
    64290.375,
    76558.625,
    72856.167,
    75028.583,
    57664.625,
    74263.167,
    74854.375,
    71552.70800000001,
    77164.416,
    58258.5,
    70798.25,
    57938.291000000005,
    57372.459,
    67378.959,
    75293.584,
    59991.25,
    63468.08299999999,
    71334.875,
    62697.0,
    66085.833,
    64826.917,
    71956.459,
    72756.292
  ],
  "recall_iterations": [
    1.0,
    1.0,
    1.0,
    1.0,
    1.0,
    1.0,
    1.0,
    1.0,
    1.0,
    1.0,
    1.0,
    1.0,
    1.0,
    1.0,
    1.0,
    1.0,
    1.0,
    1.0,
    1.0,
    1.0,
    1.0,
    1.0,
    1.0,
    1.0,
    1.0,
    1.0,
    1.0,
    1.0,
    1.0,
    1.0,
    1.0,
    1.0,
    1.0,
    1.0,
    1.0,
    1.0,
    1.0,
    1.0,
    1.0,
    1.0,
    1.0,
    1.0,
    1.0,
    1.0,
    1.0,
    1.0,
    1.0,
    1.0,
    1.0,
    1.0
  ],
  "candidate_expansion_iterations": [
    640,
    320,
    640,
    320,
    320,
    320,
    320,
    320,
    640,
    640,
    640,
    320,
    320,
    640,
    320,
    320,
    640,
    320,
    320,
    640,
    640,
    640,
    320,
    640,
    640,
    320,
    320,
    320,
    1280,
    640,
    640,
    320,
    640,
    640,
    640,
    640,
    320,
    640,
    320,
    320,
    320,
    640,
    320,
    320,
    640,
    320,
    640,
    320,
    640,
    640
  ],
  "first_exact_answer": [
    2259,
    2707,
    467,
    9587,
    179,
    8019,
    5491,
    3027,
    3507,
    5523
  ],
  "first_ann_answer": [
    2259,
    2707,
    467,
    9587,
    179,
    8019,
    5491,
    3027,
    3507,
    5523
  ],
  "policy": "Filtered vector artifact compares exact metadata-filtered scan with runtime HNSW candidate expansion; no cross-engine ranking."
}