{"engine":"clickhouse","workload":"delete_throughput_10k","n_rows":10000,"samples":32,"median_us":5608.145,"min_us":3071.1659928783774,"iterations_us":[4289.250005967915, 4630.333976820111, 4903.0829686671495, 5405.833013355732, 4425.833001732826, 6284.417002461851, 3191.750030964613, 3876.6670040786266, 3593.083005398512, 7976.333959959447, 7405.62507417053, 6515.334011055529, 6133.208051323891, 5686.582997441292, 5669.457954354584, 5546.833039261401, 6670.832983218133, 3873.041016049683, 3710.3749345988035, 3071.1659928783774, 7838.500081561506, 3816.207987256348, 5406.999960541725, 6322.2909811884165, 7244.208012707531, 5935.749970376492, 3231.000038795173, 6781.5829534083605, 6164.874997921288, 3766.4170376956463, 7931.542000733316, 5735.625047236681]}
