{"engine":"ultrasql","iterations_us":[358.58299999999997,371.875,376.584,391.041,404.0,418.91600000000005,458.75,479.5],"median_us":404.0,"min_us":358.58299999999997,"n_rows":10000,"samples":8,"workload":"delete_throughput_10k"}