{"engine":"ultrasql","iterations_us":[378.167,388.041,402.29200000000003,406.54200000000003,417.458,423.16700000000003,444.083,474.08299999999997],"median_us":417.458,"min_us":378.167,"n_rows":10000,"samples":8,"workload":"delete_throughput_10k"}