{"engine":"postgres17","workload":"delete_throughput_10k","n_rows":10000,"samples":8,"median_us":23273.604,"min_us":22144.708,"iterations_us":[23223.791999043897, 26727.99999709241, 23323.41598230414, 22144.70799663104, 23589.2079945188, 23123.582999687642, 25004.791998071596, 22679.58299489692]}
