{"engine":"ultrasql","iterations_us":[119.79199999999999,132.833,142.083,144.166,144.709,165.95800000000003,176.75,209.5],"median_us":144.709,"min_us":119.79199999999999,"n_rows":10000,"samples":8,"workload":"delete_throughput_10k"}
