{"engine":"duckdb","workload":"delete_throughput_10k","n_rows":10000,"samples":8,"median_us":1929.521,"min_us":1900.250,"iterations_us":[1916.6250131092966, 1944.2089833319187, 1968.2500278577209, 1901.1250114999712, 2067.624998744577, 1900.25003394112, 1919.1669998690486, 1939.8750155232847]}
