{"engine":"duckdb","workload":"delete_throughput_10k","n_rows":10000,"samples":8,"median_us":5262.542,"min_us":2356.812,"iterations_us":[3381.6879949881695, 9277.771001507062, 26630.603992089164, 4966.271000739653, 5399.479014158715, 5661.937997501809, 5125.6040096632205, 2356.812015932519]}
