{"engine":"sqlite3","workload":"delete_throughput_10k","n_rows":10000,"samples":32,"median_us":538.083,"min_us":531.584,"iterations_us":[551.8750986084342, 542.249996215105, 541.7080828920007, 540.3329851105809, 543.4999475255609, 539.249973371625, 536.2920928746462, 536.083010956645, 538.1660303100944, 550.2080311998725, 559.8750431090593, 553.7089891731739, 544.0829554572701, 546.208000741899, 539.0000296756625, 551.9590340554714, 542.9580342024565, 537.2079322114587, 533.8749615475535, 535.8749767765403, 535.6250330805779, 535.3749729692936, 540.6250711530447, 534.9169950932264, 531.5840244293213, 534.8750855773687, 535.1669387891889, 534.91594735533, 534.3749653548002, 531.7090544849634, 538.0000220611691, 534.9579732865095]}
