{"engine":"sqlite3","workload":"delete_throughput_10k","n_rows":10000,"samples":32,"median_us":524.708,"min_us":479.250,"iterations_us":[551.624980289489, 540.9999866969883, 560.4579928331077, 554.832979105413, 548.709009308368, 710.0410293787718, 710.5410331860185, 537.0840081013739, 538.3329698815942, 525.9579629637301, 529.5829614624381, 533.2909640856087, 532.458012457937, 537.1250445023179, 715.6669744290411, 554.0840211324394, 479.24998216331005, 523.3329720795155, 512.0420246385038, 510.08298760280013, 513.4169477969408, 514.7079937160015, 516.7499766685069, 523.4589916653931, 516.7089984752238, 516.1669687367976, 517.2919481992722, 516.6660412214696, 516.4999747648835, 517.0829826965928, 516.4999747648835, 516.2909510545433]}
