{"engine":"sqlite3","workload":"delete_throughput_10k","n_rows":10000,"samples":32,"median_us":524.709,"min_us":496.709,"iterations_us":[588.0830576643348, 535.333005245775, 532.2080105543137, 529.9579934217036, 539.5829793997109, 536.374980583787, 531.1249988153577, 537.1670122258365, 525.4999850876629, 523.833034094423, 523.2910043559968, 523.2080002315342, 522.4169581197202, 522.9579983279109, 522.6670182310045, 522.9170201346278, 522.7910005487502, 522.8749942034483, 545.9999665617943, 584.8750006407499, 536.0840004868805, 506.8749887868762, 533.0829881131649, 496.7090208083391, 525.0829854048789, 509.3749496154487, 524.3340274319053, 523.374998010695, 521.3749827817082, 522.8329682722688, 533.7499896995723, 528.2910424284637]}
