{"engine":"clickhouse","workload":"delete_throughput_10k","n_rows":10000,"samples":8,"median_us":2510.271,"min_us":2056.2499994412065,"iterations_us":[2574.1669815033674, 3221.9999993685633, 2487.707999534905, 2387.4999897088856, 2440.707990899682, 2056.2499994412065, 3531.000023940578, 2532.834012527019]}
