{"engine":"clickhouse","workload":"delete_throughput_10k","n_rows":10000,"samples":4,"median_us":9600.875,"min_us":7247.583009302616,"iterations_us":[7247.583009302616, 8580.374997109175, 10621.37499684468, 11246.750014834106]}
