{"engine":"postgres17","workload":"delete_throughput_10k","n_rows":10000,"samples":32,"median_us":21280.417,"min_us":20128.667,"iterations_us":[23236.375069245696, 21571.41698990017, 20914.41594529897, 22625.500103458762, 20738.74999769032, 21264.00009728968, 21296.832943335176, 21399.957942776382, 23539.124988019466, 22867.375053465366, 20941.374939866364, 23578.66696547717, 21673.66596404463, 23453.291971236467, 23037.250037305057, 22855.999995954335, 22258.958080783486, 20961.291040293872, 20606.91697988659, 20128.667005337775, 20267.70799420774, 22047.667065635324, 20563.4580925107, 20510.250004008412, 20316.208945587277, 20709.49994958937, 20459.999912418425, 20552.875008434057, 23289.333912543952, 21044.665947556496, 21488.667000085115, 20581.040997058153]}
