{"engine":"clickhouse","workload":"delete_throughput_10k","n_rows":10000,"samples":8,"median_us":6612.333,"min_us":4432.1659952402115,"iterations_us":[5167.750001419336, 4432.1659952402115, 8058.459032326937, 6423.791986890137, 5952.875013463199, 7447.874988429248, 6800.875009503216, 8929.417002946138]}
