{"engine":"clickhouse","workload":"delete_throughput_10k","n_rows":10000,"samples":8,"median_us":3398.000,"min_us":2327.374997548759,"iterations_us":[2754.125016508624, 2327.374997548759, 3255.082992836833, 2708.7079943157732, 3540.9169795457274, 4191.207990515977, 4819.58402087912, 3674.1670046467334]}
