{"engine":"duckdb","workload":"delete_throughput_10k","n_rows":10000,"samples":32,"median_us":1995.895,"min_us":1941.834,"iterations_us":[2062.9579667001963, 2241.54198076576, 2018.8749767839909, 1950.3330113366246, 1946.9159888103604, 1984.999980777502, 2198.4579507261515, 1985.2910190820694, 1970.082987099886, 1943.6670118011534, 1989.4589786417782, 2235.541003756225, 1998.4159735031426, 2038.0409550853074, 1990.9580005332828, 2182.458993047476, 2067.207999061793, 1993.3750154450536, 1978.7910277955234, 2000.3329846076667, 2177.3339831270278, 2023.0839727446437, 1986.9999960064888, 1941.8339943513274, 2003.5419729538262, 2315.41704852134, 2006.624999921769, 1981.416018679738, 1979.8330031335354, 1948.2080242596567, 2147.291030269116, 1967.8329699672759]}
