{"engine":"ultrasql","iterations_us":[155.042,155.95800000000003,162.917,163.54100000000003,166.708,172.042,172.084,172.291,174.0,178.083,180.709,180.875,189.125,189.584,192.667,192.667,194.125,197.125,204.541,206.125,208.792,208.917,210.042,214.75,222.875,223.667,224.208,227.584,244.87499999999997,263.33299999999997,296.08299999999997,403.541],"median_us":194.125,"min_us":155.042,"n_rows":10000,"samples":32,"workload":"delete_throughput_10k"}
