{"engine":"duckdb","workload":"delete_throughput_10k","n_rows":10000,"samples":8,"median_us":2255.250,"min_us":2119.416,"iterations_us":[2274.3750014342368, 2119.4160217419267, 2136.333961971104, 2395.4169591888785, 2164.792036637664, 2372.4170168861747, 2236.12500121817, 2625.8330326527357]}
