{"engine":"duckdb","workload":"delete_throughput_10k","n_rows":10000,"samples":32,"median_us":2082.646,"min_us":1983.708,"iterations_us":[1997.667015530169, 2164.0000049956143, 2038.4580129757524, 1991.4580043405294, 2049.250004347414, 2264.8749873042107, 2841.999987140298, 2117.124997312203, 2075.541007798165, 2664.3750024959445, 2110.208006342873, 2015.6659884378314, 2016.8749906588346, 2089.7499925922602, 2493.958018021658, 2350.832975935191, 2106.874977471307, 2066.000015474856, 2411.6249987855554, 2289.3749992363155, 1983.7080035358667, 2044.5420232135803, 2441.082993755117, 2408.6250050459057, 2004.5419805683196, 2034.5420052763075, 2062.583022052422, 2644.6249976288527, 2007.041999604553, 2000.6670092698187, 2011.4160142838955, 2326.291985809803]}
