{"engine":"sqlite3","workload":"delete_throughput_10k","n_rows":10000,"samples":8,"median_us":553.416,"min_us":525.292,"iterations_us":[575.3750156145543, 574.7079849243164, 556.0409917961806, 551.7500103451312, 555.0829810090363, 547.5420039147139, 533.2920118235052, 525.2920091152191]}
