{"engine":"ultrasql","iterations_us":[107.625,117.792,122.83300000000001,123.208,124.49999999999999,127.833,128.709,134.958,136.291,138.25,138.25,140.33399999999997,141.709,143.0,144.791,148.875,153.0,153.791,154.75,156.875,157.08399999999997,160.542,161.042,172.167,173.416,183.167,208.583,210.958,223.583,260.084,269.208,2157.708],"median_us":153.0,"min_us":107.625,"n_rows":10000,"samples":32,"workload":"delete_throughput_10k"}
