{"engine":"ultrasql","iterations_us":[107.667,108.167,124.08300000000001,125.91699999999999,128.833,139.333,139.417,141.583,144.375,146.0,148.458,154.5,156.458,177.958,178.333,191.0],"median_us":144.375,"min_us":107.667,"n_rows":10000,"samples":16,"workload":"delete_throughput_10k"}