{"engine":"sqlite3","workload":"delete_throughput_10k","n_rows":10000,"samples":8,"median_us":542.749,"min_us":526.042,"iterations_us":[557.1660003624856, 573.5000013373792, 563.917012186721, 526.0420002741739, 545.832997886464, 539.6659980760887, 535.7079935492948, 534.6669931896031]}
