{"engine":"clickhouse","workload":"delete_throughput_10k","n_rows":10000,"samples":8,"median_us":3367.146,"min_us":2608.9579914696515,"iterations_us":[2608.9579914696515, 3284.082980826497, 3295.9170057438314, 4278.416017768905, 4262.4160123523325, 3438.37498803623, 4029.290983453393, 2996.584022184834]}
