{"engine":"postgres17","workload":"delete_throughput_10k","n_rows":10000,"samples":32,"median_us":21289.729,"min_us":20908.750,"iterations_us":[23472.707951441407, 21861.04201246053, 21368.83302591741, 21032.25002065301, 20939.95804898441, 21764.583070762455, 23716.374998912215, 21014.166995882988, 21831.165999174118, 20965.290954336524, 22400.66695958376, 21186.08297314495, 21193.667082116008, 21060.83300895989, 20908.750011585653, 21210.624952800572, 20927.625009790063, 21115.16590230167, 21024.542045779526, 21008.042036555707, 21167.041966691613, 21053.04109863937, 21119.66593656689, 21934.70799829811, 21816.708031110466, 23756.999988108873, 48888.999968767166, 24590.499931946397, 23431.750014424324, 41541.74996074289, 24352.08298265934, 24250.7909424603]}
