{"engine":"clickhouse","workload":"delete_throughput_10k","n_rows":10000,"samples":8,"median_us":2567.125,"min_us":2303.4170153550804,"iterations_us":[2922.8329949546605, 2612.082986161113, 2303.4170153550804, 2343.2909802068025, 3219.958016416058, 2522.1669930033386, 3072.750027058646, 2488.8339976314455]}
