{"engine":"sqlite3","workload":"delete_throughput_10k","n_rows":10000,"samples":32,"median_us":520.396,"min_us":489.125,"iterations_us":[505.20800868980587, 520.7499780226499, 525.8329911157489, 541.9999943114817, 498.040986713022, 523.5830030869693, 515.9160064067692, 539.0830046962947, 562.8750077448785, 535.9589995350689, 533.0420099198818, 551.2920033652335, 535.4169989004731, 563.3329856209457, 509.91601892746985, 500.8750013075769, 506.12501217983663, 502.20900448039174, 521.0420058574528, 497.5000047124922, 499.6249917894602, 520.0419982429594, 513.0839999765158, 489.12499914877117, 532.5829843059182, 507.20799481496215, 501.91598711535335, 530.3329962771386, 499.8749936930835, 514.6670155227184, 522.7910005487502, 564.0000163111836]}
