{"engine":"sqlite3","workload":"delete_throughput_10k","n_rows":10000,"samples":32,"median_us":535.875,"min_us":514.084,"iterations_us":[539.7920031100512, 554.5830354094505, 553.9170233532786, 540.2920069172978, 537.124986294657, 534.3329976312816, 534.4999954104424, 613.4170107543468, 568.9579993486404, 517.6670383661985, 514.0840075910091, 524.2080078460276, 528.3330101519823, 526.5410291031003, 544.1669491119683, 528.6670057103038, 531.708006747067, 532.9999839887023, 537.5000182539225, 531.375000718981, 530.291988980025, 536.1670046113431, 536.2089723348618, 536.9170103222132, 589.3750349059701, 576.8340197391808, 554.6250031329691, 547.9580140672624, 532.9999839887023, 535.5830071493983, 523.4999698586762, 523.374998010695]}
