{"engine":"sqlite3","workload":"delete_throughput_10k","n_rows":10000,"samples":8,"median_us":555.167,"min_us":521.000,"iterations_us":[574.7500108554959, 562.3749748338014, 557.9999997280538, 537.3749881982803, 520.9999799262732, 521.2079850025475, 552.3330182768404, 572.7499956265092]}
