{"engine":"duckdb","workload":"delete_throughput_10k","n_rows":10000,"samples":32,"median_us":5728.791,"min_us":2581.958,"iterations_us":[5775.083001935855, 4891.250020591542, 5007.665982702747, 2581.958018708974, 3424.9579766765237, 5931.1670192983, 5545.292020542547, 6453.290989156812, 6046.084017725661, 5817.166995257139, 6464.459002017975, 6160.082994028926, 6102.959014242515, 4952.3329944349825, 4955.167009029537, 4649.916983908042, 5065.2500067371875, 2835.791005054489, 2632.4589853174984, 2772.916981484741, 4455.999995116144, 3350.0840072520077, 5682.499991962686, 6248.416990274563, 6123.50000301376, 6107.833003625274, 7115.040993085131, 6879.500026116148, 6105.083011789247, 5865.084007382393, 5408.333003288135, 6107.79199632816]}
