{"engine":"sqlite3","workload":"delete_throughput_10k","n_rows":10000,"samples":32,"median_us":553.875,"min_us":547.750,"iterations_us":[559.6250994130969, 560.2500168606639, 549.9160615727305, 554.5830354094505, 558.9999491348863, 554.3750012293458, 560.0840086117387, 556.7079642787576, 554.4169107452035, 553.7919932976365, 563.2499232888222, 553.9580015465617, 555.2500952035189, 552.4170119315386, 551.5000084415078, 552.0419217646122, 556.2920123338699, 553.4169031307101, 551.0000046342611, 547.7500380948186, 551.4170043170452, 550.8329486474395, 551.9589176401496, 556.8750202655792, 555.9170385822654, 552.8329638764262, 564.4999910145998, 552.833080291748, 548.2080159708858, 559.7090348601341, 550.5840526893735, 548.8339811563492]}
