{"engine":"postgres17","workload":"delete_throughput_10k","n_rows":10000,"samples":32,"median_us":21740.042,"min_us":20171.500,"iterations_us":[21660.792001057416, 22655.958018731326, 25414.87495182082, 25370.541960000992, 21564.33300115168, 21062.58401181549, 21593.624958768487, 21932.08399694413, 23505.124961957335, 21093.250019475818, 21047.999965958297, 20681.124995462596, 20949.208992533386, 21376.082964707166, 22510.583978146315, 21500.87500922382, 21143.20802502334, 20823.91601288691, 20942.083036061376, 20171.499985735863, 22293.29099645838, 21069.583017379045, 21971.29203705117, 22040.62498640269, 22392.667015083134, 22925.292025320232, 25990.583992097527, 22701.459005475044, 21819.291985593736, 22771.9169924967, 21948.417008388788, 20938.292029313743]}
