{"engine":"sqlite3","workload":"delete_throughput_10k","n_rows":10000,"samples":32,"median_us":542.563,"min_us":528.000,"iterations_us":[554.832979105413, 553.7080578505993, 556.1249563470483, 544.7500152513385, 533.0831045284867, 532.5840320438147, 532.125006429851, 531.3750589266419, 530.9170810505748, 530.916964635253, 532.3749501258135, 530.916964635253, 530.5410595610738, 529.124983586371, 528.0000623315573, 531.0829728841782, 533.6250178515911, 610.7500521466136, 578.2499210909009, 569.5000290870667, 565.7499423250556, 550.250057131052, 545.5829668790102, 544.4580456241965, 542.249996215105, 541.2499886006117, 544.4999551400542, 543.8750376924872, 542.8750300779939, 542.9158918559551, 543.0839955806732, 542.249996215105]}
