{"engine":"duckdb","workload":"delete_throughput_10k","n_rows":10000,"samples":4,"median_us":2056.980,"min_us":2033.542,"iterations_us":[2136.9170281104743, 2050.3340056166053, 2033.5420267656446, 2063.6250264942646]}
