{"engine":"postgres17","workload":"delete_throughput_10k","n_rows":10000,"samples":32,"median_us":25136.980,"min_us":22690.667,"iterations_us":[28239.000006578863, 36644.04200389981, 24710.91697225347, 23981.833015568554, 22690.667014103383, 22711.83399716392, 23458.6670412682, 24519.166036043316, 26818.040991201997, 25648.207985796034, 24457.374995108694, 30323.2500446029, 29198.083968367428, 26062.834018375725, 30471.792037133127, 24019.500007852912, 24379.500013310462, 26110.207953024656, 25079.999992158264, 23264.207993634045, 24669.208039995283, 26232.12500475347, 25690.375012345612, 24990.91695062816, 23860.54099770263, 25193.95900890231, 23300.667002331465, 24390.167032834142, 26353.499968536198, 27574.499952606857, 28890.957997646183, 27077.875041868538]}
