{"engine":"duckdb","workload":"delete_throughput_10k","n_rows":10000,"samples":32,"median_us":2031.666,"min_us":1974.708,"iterations_us":[2039.1660509631038, 2158.6669608950615, 2045.9999796003103, 2094.374969601631, 2086.167049128562, 2010.1249683648348, 2145.041013136506, 1978.8749632425606, 2043.166954535991, 1981.5840059891343, 2058.916026726365, 2030.3750061430037, 1974.7079932130873, 2043.666027020663, 2022.2910097800195, 2078.959019854665, 2026.0410383343697, 2007.2910119779408, 2003.6670030094683, 1991.2919960916042, 2064.3750322051346, 2031.8329916335642, 2061.9159913621843, 1998.4589889645576, 2031.4999856054783, 2104.91701727733, 2045.2080061659217, 1989.4170109182596, 1982.1670139208436, 1999.500032979995, 2023.1250091455877, 2035.2080464363098]}
