{"engine":"clickhouse","workload":"delete_throughput_10k","n_rows":10000,"samples":32,"median_us":6583.645,"min_us":2294.1669449210167,"iterations_us":[3684.33294352144, 2294.1669449210167, 2855.457947589457, 4487.58399579674, 5683.833966031671, 9105.917066335678, 9429.33396436274, 9708.666009828448, 8537.666988559067, 10154.20793555677, 6202.999968081713, 6540.625006891787, 9030.62499128282, 9291.124995797873, 8058.125036768615, 8715.916075743735, 4543.666960671544, 2322.7500496432185, 5884.916987270117, 6511.749932542443, 6626.665941439569, 10476.832976564765, 8179.124910384417, 6966.750021092594, 6689.374917186797, 7494.249963201582, 8709.040936082602, 3616.4160119369626, 2900.8330311626196, 2444.916986860335, 2307.8329395502806, 2702.0000852644444]}
