{"engine":"clickhouse","workload":"delete_throughput_10k","n_rows":10000,"samples":8,"median_us":2988.792,"min_us":2456.749993143603,"iterations_us":[2833.1670037005097, 2987.6249900553375, 2579.0420186240226, 2456.749993143603, 3231.415990740061, 3622.832999099046, 2989.9590008426458, 3859.4579964410514]}
