{"engine":"sqlite3","workload":"delete_throughput_10k","n_rows":10000,"samples":8,"median_us":575.896,"min_us":1.000,"iterations_us":[554.8330009332858, 525.0000031082891, 1.0, 1041.2499905214645, 1358.8749934569933, 159.70800450304523, 918.1250134133734, 596.958001551684]}
