{"engine":"clickhouse","workload":"delete_throughput_10k","n_rows":10000,"samples":32,"median_us":7331.020,"min_us":2150.624990463257,"iterations_us":[10967.915994115174, 3676.1669907718897, 2871.000091545284, 2446.3749723508954, 7280.0409980118275, 6225.083023309708, 4128.500004298985, 8569.042081944644, 12928.583077155054, 10563.249932602048, 6048.374925740063, 9018.750046379864, 10579.042020253837, 11657.082941383123, 2417.2919802367687, 6887.24999781698, 7491.332944482565, 2734.7910217940807, 7900.625001639128, 6065.332912839949, 10196.666931733489, 9256.500052288175, 9139.542002230883, 7991.625112481415, 8383.624954149127, 9673.374937847257, 3042.292082682252, 3447.8750312700868, 6314.3339939415455, 7381.999981589615, 6375.459022819996, 2150.624990463257]}
