{"engine":"clickhouse","workload":"delete_throughput_10k","n_rows":10000,"samples":8,"median_us":4356.979,"min_us":3638.1250247359276,"iterations_us":[4196.666995994747, 3687.9160325042903, 7286.916952580214, 4759.208008181304, 4517.291963566095, 3962.207993026823, 3638.1250247359276, 5734.457983635366]}
