{"engine":"duckdb","workload":"delete_throughput_10k","n_rows":10000,"samples":8,"median_us":2052.124,"min_us":1908.458,"iterations_us":[2061.040999251418, 2043.207990936935, 2100.291007081978, 2025.45800129883, 2229.9170086625963, 2077.3750002263114, 1908.4579980699345, 1972.4170124391094]}
