{"engine":"sqlite3","workload":"delete_throughput_10k","n_rows":10000,"samples":8,"median_us":562.105,"min_us":539.625,"iterations_us":[548.2920096255839, 563.1670064758509, 563.5000125039369, 539.6250053308904, 547.7919767145067, 565.9580056089908, 662.8330156672746, 561.042019398883]}
