{"engine":"duckdb","workload":"delete_throughput_10k","n_rows":10000,"samples":32,"median_us":1992.521,"min_us":1913.042,"iterations_us":[2060.7499754987657, 2021.6249977238476, 2037.2080034576356, 1981.9590379483998, 1938.2499740459025, 1999.5420007035136, 1978.8750214502215, 2027.7079893276095, 1990.8339600078762, 1996.5830142609775, 2015.5409583821893, 1994.2089566029608, 2043.3749887160957, 1954.916981048882, 1990.000018849969, 2001.2499880976975, 1935.2079834789038, 1942.6250364631414, 1976.0000286623836, 1940.6249630264938, 2026.4160120859742, 1970.0420089066029, 2019.8749843984842, 1955.2080193534493, 2003.5000052303076, 2061.91698089242, 1933.8339916430414, 1985.084032639861, 1935.040985699743, 2031.0839754529297, 2020.041982177645, 1913.042040541768]}
