{"engine":"ultrasql","iterations_us":[111.0,113.25,114.125,115.833,116.875,118.209,118.292,122.583,127.74999999999999,129.167,135.792,138.083,138.917,141.45800000000003,142.542,149.667],"median_us":127.74999999999999,"min_us":111.0,"n_rows":10000,"samples":16,"workload":"delete_throughput_10k"}