{"engine":"postgres17","workload":"delete_throughput_10k","n_rows":10000,"samples":8,"median_us":21939.062,"min_us":20623.125,"iterations_us":[22713.2080035517, 24297.208001371473, 22429.999997257255, 20623.124990379438, 21448.125000461005, 20888.915998511948, 20678.25000267476, 25190.040993038565]}
