{"engine":"postgres17","workload":"delete_throughput_10k","n_rows":10000,"samples":32,"median_us":28287.437,"min_us":23024.792,"iterations_us":[66633.08301358484, 29473.45800930634, 27424.750005593523, 25297.12501564063, 29077.95799546875, 28650.958003709093, 27169.041975867003, 30416.8330039829, 38287.750008748844, 27725.000021746382, 31404.542009113356, 31389.708019560203, 30939.332995330915, 36765.33300313167, 31201.74998184666, 35069.125005975366, 28941.29100604914, 26007.375010522082, 32691.125001292676, 31327.667005825788, 28655.70900030434, 27277.95799728483, 26986.957993358374, 24157.208012184128, 26510.58297487907, 27923.916990403086, 24477.45797690004, 23024.7919971589, 27096.707985037938, 23773.083987180144, 23345.916997641325, 25401.624996447936]}
