{"engine":"postgres17","workload":"delete_throughput_10k","n_rows":10000,"samples":32,"median_us":29857.874,"min_us":27149.542,"iterations_us":[30347.45901823044, 29347.54197485745, 28524.458990432322, 30483.750044368207, 29809.79101266712, 28877.916047349572, 29571.999912150204, 29085.041023790836, 29509.16695408523, 31154.16702348739, 29905.957984738052, 28168.125078082085, 27149.542002007365, 33262.54093553871, 31159.790931269526, 29711.458017118275, 34303.33407595754, 30699.415947310627, 31687.083072029054, 31457.54197612405, 31194.2920088768, 31185.29194034636, 29750.125017017126, 29108.916991390288, 29726.9580187276, 32999.91704989225, 30804.04200591147, 30020.208097994328, 29111.2499544397, 29528.33299059421, 30166.20804555714, 29378.25000844896]}
