{"engine":"postgres17","workload":"delete_throughput_10k","n_rows":10000,"samples":4,"median_us":25635.146,"min_us":25297.333,"iterations_us":[27123.084000777453, 25742.167024873197, 25528.124999254942, 25297.332962509245]}
