{"engine":"clickhouse","workload":"delete_throughput_10k","n_rows":10000,"samples":8,"median_us":3042.167,"min_us":2640.457998495549,"iterations_us":[2783.333999104798, 3250.2090034540743, 3983.4580093156546, 3417.2080049756914, 4039.2499940935522, 2832.7920008450747, 2834.1249853838235, 2640.457998495549]}
