{"engine":"duckdb","workload":"delete_throughput_10k","n_rows":10000,"samples":32,"median_us":1913.104,"min_us":1861.459,"iterations_us":[1900.582981761545, 1914.5419937558472, 1919.2500039935112, 1873.917004559189, 1893.5420084744692, 1912.582985823974, 1947.8750182315707, 1970.6670136656612, 1956.2079978641123, 2024.7079955879599, 1941.0419918131083, 1929.7090184409171, 1964.2499973997474, 1918.5830024071038, 1914.7919956594706, 1913.6249902658165, 1907.7080069109797, 1903.6250014323741, 1912.5000108033419, 1902.5410001631826, 1872.5410045590252, 1904.959004605189, 2071.2910045403987, 1884.2919962480664, 1896.8750082422048, 1861.4589935168624, 1918.2089890819043, 1947.0839761197567, 1867.750019300729, 2078.9160043932498, 1908.957987325266, 1900.8750095963478]}
