{"engine":"postgres17","workload":"delete_throughput_10k","n_rows":10000,"samples":32,"median_us":22082.292,"min_us":20606.750,"iterations_us":[24812.707968521863, 20606.74998210743, 21332.416974473745, 22857.25000547245, 23809.333972167224, 21936.458011623472, 24826.958018820733, 22650.16600722447, 22565.833991393447, 22592.749970499426, 21971.624984871596, 22422.999958507717, 22774.874989409, 23237.37501865253, 21775.167027954012, 22018.333023879677, 21769.166982267052, 22196.12500630319, 25635.29199687764, 25576.24998735264, 21833.915961906314, 24359.291943255812, 22146.25000488013, 21238.500019535422, 21941.457991488278, 21099.08399870619, 21585.625014267862, 22710.249992087483, 21882.33396736905, 21342.749998439103, 21620.29198370874, 21643.66695797071]}
