{"engine":"sqlite3","workload":"delete_throughput_10k","n_rows":10000,"samples":8,"median_us":512.333,"min_us":495.834,"iterations_us":[519.5419944357127, 517.6670092623681, 502.12498172186315, 506.9999897386879, 495.83398504182696, 520.6250061746687, 506.79099513217807, 519.3329998292029]}
