{"engine":"duckdb","workload":"delete_throughput_10k","n_rows":10000,"samples":8,"median_us":2187.541,"min_us":2107.042,"iterations_us":[2121.54199834913, 2107.042004354298, 2331.4590216614306, 2185.7919928152114, 2205.625001806766, 2189.291000831872, 2211.1249854788184, 2165.4169831890613]}
