{"engine":"duckdb","workload":"delete_throughput_10k","n_rows":10000,"samples":4,"median_us":1981.771,"min_us":1966.500,"iterations_us":[1966.5000145323575, 1983.1249956041574, 1993.9580233767629, 1980.4170005954802]}
