{"engine":"ultrasql","iterations_us":[348.75,357.54200000000003,372.5,378.375,395.91700000000003,406.459,406.667,443.25],"median_us":395.91700000000003,"min_us":348.75,"n_rows":10000,"samples":8,"workload":"delete_throughput_10k"}