{"engine":"postgres17","workload":"delete_throughput_10k","n_rows":10000,"samples":8,"median_us":22765.938,"min_us":21673.125,"iterations_us":[25381.292012752965, 21673.12501114793, 22864.62500342168, 22856.49999976158, 22457.70799345337, 23626.959009561688, 22598.583018407226, 22675.37501757033]}
