{"engine":"postgres17","workload":"delete_throughput_10k","n_rows":10000,"samples":8,"median_us":22285.688,"min_us":21044.167,"iterations_us":[25500.957999611273, 21906.290989136323, 22434.124985011294, 22137.25002366118, 22029.916028259322, 22662.458999548107, 21044.166991487145, 24955.542001407593]}
