{"engine":"duckdb","workload":"delete_throughput_10k","n_rows":10000,"samples":8,"median_us":2103.791,"min_us":2047.333,"iterations_us":[2232.208993518725, 2135.791990440339, 2070.084010483697, 2074.082993203774, 2047.3329932428896, 2158.624993171543, 2113.5830029379576, 2093.9999958500266]}
