{"engine":"postgres17","workload":"delete_throughput_10k","n_rows":10000,"samples":8,"median_us":23157.958,"min_us":22338.292,"iterations_us":[26334.16699245572, 25240.958988433704, 22607.624996453524, 22602.54102293402, 23729.375010589138, 22882.91699369438, 23432.99999483861, 22338.292008498684]}
