{"engine":"sqlite3","workload":"delete_throughput_10k","n_rows":10000,"samples":32,"median_us":530.000,"min_us":505.791,"iterations_us":[541.0420126281679, 529.3750436976552, 520.7500071264803, 701.7079624347389, 542.2920221462846, 523.4999698586762, 528.8750398904085, 535.1250292733312, 522.8749942034483, 524.9159876257181, 557.7089614234865, 579.125015065074, 526.1670448817313, 515.3329693712294, 563.915993552655, 505.7910457253456, 537.8330242820084, 518.0829903110862, 523.2500261627138, 541.8750224635005, 523.8750018179417, 1162.8330103121698, 796.8750433064997, 507.5830267742276, 531.2919965945184, 511.7079708725214, 537.8330242820084, 530.9589905664325, 530.624995008111, 506.04098942130804, 530.7919927872717, 514.2909940332174]}
