{"engine":"duckdb","workload":"delete_throughput_10k","n_rows":10000,"samples":32,"median_us":2107.812,"min_us":2073.583,"iterations_us":[2119.499957188964, 2102.042082697153, 2127.540996298194, 2118.9580438658595, 2128.0410001054406, 2109.166933223605, 2120.082965120673, 2097.457996569574, 2127.499901689589, 2116.5419602766633, 2106.9999784231186, 2101.792022585869, 2108.0420119687915, 2094.3329436704516, 2105.5410616099834, 2093.625022098422, 2100.1669811084867, 2107.582986354828, 2114.8750092834234, 2097.417018376291, 2107.2919480502605, 2073.582960292697, 2114.1659235581756, 2108.83398540318, 2093.208022415638, 2104.4169552624226, 2111.1660171300173, 2115.54195266217, 2117.166994139552, 2106.916974298656, 2088.916953653097, 2110.666944645345]}
