{"engine":"duckdb","workload":"delete_throughput_10k","n_rows":10000,"samples":32,"median_us":2044.021,"min_us":1944.792,"iterations_us":[2202.3330093361437, 2046.5420093387365, 2084.416977595538, 2069.957961793989, 1984.915987122804, 2256.2500089406967, 1988.540985621512, 1988.584001082927, 2085.4169852100313, 2071.874972898513, 2043.2500168681145, 2031.6250156611204, 2044.7910064831376, 2012.083015870303, 2134.750015102327, 2083.9159842580557, 2008.4999850951135, 2033.2499989308417, 1944.792049471289, 2122.83298606053, 1950.250007212162, 2007.8339730389416, 1962.9999878816307, 2098.2910064049065, 2349.250018596649, 2001.8750219605863, 1975.7919944822788, 2101.082995068282, 2102.875034324825, 2072.7499504573643, 1976.1660369113088, 1980.292028747499]}
