{"engine":"sqlite3","workload":"delete_throughput_10k","n_rows":10000,"samples":32,"median_us":538.730,"min_us":510.709,"iterations_us":[556.7919870372862, 555.7919794227928, 539.5000043790787, 529.7919851727784, 538.8340214267373, 550.8339963853359, 558.5420003626496, 634.1669941321015, 612.2920021880418, 679.3330248910934, 562.4160112347454, 557.6660041697323, 515.749998157844, 523.4580021351576, 525.916984770447, 529.6669842209667, 529.9579934217036, 629.0409946814179, 561.2910026684403, 533.8340124581009, 516.0000000614673, 510.708981892094, 513.8750129844993, 511.04198792017996, 516.7500057723373, 538.624997716397, 560.2090095635504, 513.5840037837625, 518.33302131854, 530.1659984979779, 555.3340015467256, 553.1669885385782]}
