{"engine":"postgres17","workload":"delete_throughput_10k","n_rows":10000,"samples":8,"median_us":25411.688,"min_us":22799.292,"iterations_us":[25961.791980080307, 27849.000005517155, 23123.29097185284, 24037.083028815687, 25797.959009651095, 25924.791989382356, 22799.291997216642, 25025.415990967304]}
