{"engine":"clickhouse","workload":"delete_throughput_10k","n_rows":10000,"samples":32,"median_us":7095.500,"min_us":3802.4159730412066,"iterations_us":[5536.541983019561, 4189.7090268321335, 3802.4159730412066, 6981.62498883903, 5719.125038012862, 8369.7090158239, 9834.791999310255, 6787.04195888713, 10233.332985080779, 8414.332987740636, 6529.834005050361, 4432.624962646514, 8395.250013563782, 10431.082977447659, 6399.541976861656, 8233.709027990699, 5558.41694585979, 4699.54201253131, 5069.707985967398, 8198.000025004148, 9580.624988302588, 8049.083000514656, 9485.375019721687, 7209.374976810068, 5153.708043508232, 4953.0420219525695, 6700.500031001866, 5032.04099368304, 10430.041002109647, 10412.49994887039, 8777.916023973376, 7243.250031024218]}
