{"engine":"ultrasql","iterations_us":[124.49999999999999,154.25,165.292,225.417],"median_us":165.292,"min_us":124.49999999999999,"n_rows":10000,"samples":4,"workload":"delete_throughput_10k"}
