{"engine":"postgres17","workload":"delete_throughput_10k","n_rows":10000,"samples":32,"median_us":23274.167,"min_us":22006.459,"iterations_us":[26788.666960783303, 24284.08298874274, 22762.291016988456, 23109.41700125113, 23795.499990228564, 23101.708036847413, 22732.208017259836, 22535.374970175326, 24838.08301622048, 24719.250039197505, 25088.375026825815, 23490.41699199006, 23241.874994710088, 22808.91698319465, 22504.082997329533, 22006.459010299295, 23643.916996661574, 24225.20803520456, 24514.999997336417, 23806.62498762831, 22849.50000466779, 24068.875005468726, 23328.541952650994, 22885.2920117788, 23056.834004819393, 22602.582990657538, 22124.91602404043, 22902.95803686604, 23435.083974618465, 22856.29097605124, 23389.375011902303, 23306.458024308085]}
