{"engine":"ultrasql","iterations_us":[105.208,117.375,130.917,132.042,133.708,135.125,138.459,141.75,144.167,153.209,153.917,161.29100000000003,161.917,162.41699999999997,164.208,193.375],"median_us":144.167,"min_us":105.208,"n_rows":10000,"samples":16,"workload":"delete_throughput_10k"}