{"engine":"postgres17","workload":"delete_throughput_10k","n_rows":10000,"samples":8,"median_us":21632.271,"min_us":21085.791,"iterations_us":[25298.70899161324, 22682.375012664124, 21674.70898712054, 21589.83299159445, 22396.249987650663, 21519.583009649068, 21085.79099876806, 21194.708009716123]}
