{"engine":"sqlite3","workload":"delete_throughput_10k","n_rows":10000,"samples":32,"median_us":539.187,"min_us":498.333,"iterations_us":[543.1669997051358, 523.5420248936862, 529.7090101521462, 538.4169926401228, 547.4159843288362, 526.7079977784306, 525.6249860394746, 528.3750069793314, 605.0829833839089, 564.8750229738653, 553.416000911966, 539.9579822551459, 553.83300059475, 536.7920093704015, 531.375000718981, 532.5410165823996, 534.4589881133288, 548.4169814735651, 549.1250194609165, 538.3749958127737, 534.582999534905, 543.6670035123825, 551.0420014616102, 542.4169939942658, 549.9999970197678, 540.8340075518936, 626.7919961828738, 554.2919971048832, 513.7080152053386, 518.2920140214264, 498.3329854439944, 509.292003698647]}
