{"engine":"duckdb","workload":"delete_throughput_10k","n_rows":10000,"samples":32,"median_us":2139.792,"min_us":2099.250,"iterations_us":[2143.374993465841, 2137.709059752524, 2126.250066794455, 2120.792050845921, 2137.41697371006, 2122.9999838396907, 2146.2079603224993, 2108.5829939693213, 2128.374995663762, 2134.3749249354005, 2158.2080516964197, 2164.707984775305, 2136.792056262493, 2216.791035607457, 2115.2920089662075, 2149.9580470845103, 2162.1249616146088, 2169.0409630537033, 2193.207968957722, 2149.7090347111225, 2139.9169927462935, 2324.7080389410257, 2152.249915525317, 2126.915962435305, 2134.5409331843257, 2127.832965925336, 2139.667049050331, 2156.0000022873282, 2171.332947909832, 2099.249977618456, 2154.4169867411256, 2123.124897480011]}
