{"engine":"duckdb","workload":"delete_throughput_10k","n_rows":10000,"samples":8,"median_us":2167.062,"min_us":2122.750,"iterations_us":[2143.4999944176525, 2164.0420018229634, 2175.7089998573065, 2182.0419933646917, 2178.8750018458813, 2170.082996599376, 2156.7500079981983, 2122.7499819360673]}
