{"engine":"sqlite3","workload":"delete_throughput_10k","n_rows":10000,"samples":4,"median_us":549.167,"min_us":533.042,"iterations_us":[623.3339663594961, 554.5419990085065, 543.7919753603637, 533.0420099198818]}
