{"engine":"duckdb","workload":"delete_throughput_10k","n_rows":10000,"samples":8,"median_us":1993.896,"min_us":1912.417,"iterations_us":[2130.0419757608324, 1968.750002561137, 1912.4170066788793, 1985.8749874401838, 1996.3749800808728, 2171.5000038966537, 1994.8749977629632, 1992.917008465156]}
