{"engine":"sqlite3","workload":"delete_throughput_10k","n_rows":10000,"samples":8,"median_us":573.292,"min_us":556.083,"iterations_us":[556.0830177273601, 576.4999950770289, 579.5419856440276, 558.5420003626496, 558.5830076597631, 570.083997445181, 591.0000181756914, 592.2910058870912]}
