{"engine":"clickhouse","workload":"delete_throughput_10k","n_rows":10000,"samples":4,"median_us":19852.834,"min_us":16958.917025476694,"iterations_us":[21508.83403373882, 18196.833960246295, 21556.249994318932, 16958.917025476694]}
