{"engine":"postgres17","workload":"delete_throughput_10k","n_rows":10000,"samples":8,"median_us":22682.625,"min_us":21659.917,"iterations_us":[26271.707989508286, 21659.916994394735, 21765.91698662378, 22992.12501384318, 22877.749986946583, 22017.87498779595, 22487.500013085082, 23232.08298184909]}
