{"engine":"clickhouse","workload":"delete_throughput_10k","n_rows":10000,"samples":32,"median_us":5040.730,"min_us":2718.249976169318,"iterations_us":[3148.707968648523, 2718.249976169318, 3146.750037558377, 2935.1250268518925, 2889.3750277347863, 4217.166977468878, 3856.666968204081, 5446.084018331021, 6261.957983952016, 7480.165979359299, 8880.37495315075, 6725.041952449828, 7657.375012058765, 4965.334024745971, 4596.834012772888, 4681.874997913837, 6033.540994394571, 4539.415996987373, 5116.124986670911, 3919.375012628734, 3196.6660171747208, 20204.624976031482, 7693.7919948250055, 7042.667013593018, 4286.833049263805, 3537.9170440137386, 4661.458020564169, 7112.250023055822, 5551.834008656442, 8345.375012140721, 8772.249973844737, 8206.667029298842]}
