{"engine":"duckdb","workload":"delete_throughput_10k","n_rows":10000,"samples":8,"median_us":2158.438,"min_us":2105.541,"iterations_us":[2163.708006264642, 2211.4170133136213, 2105.5410034023225, 2153.1670063268393, 2168.3750092051923, 2150.7499914150685, 2139.0409965533763, 2182.7500022482127]}
