{"engine":"sqlite3","workload":"delete_throughput_10k","n_rows":10000,"samples":8,"median_us":563.125,"min_us":551.625,"iterations_us":[573.4160076826811, 551.624980289489, 557.9590215347707, 572.1670167986304, 559.5000111497939, 566.7500081472099, 567.8749876096845, 556.2080186791718]}
