{"engine":"sqlite3","workload":"delete_throughput_10k","n_rows":10000,"samples":8,"median_us":595.062,"min_us":556.417,"iterations_us":[583.7080534547567, 574.4589725509286, 556.4169841818511, 1081.207999959588, 1173.8750035874546, 604.041968472302, 586.0829842276871, 626.7499993555248]}
