{"engine":"postgres17","workload":"delete_throughput_10k","n_rows":10000,"samples":8,"median_us":23486.271,"min_us":22799.625,"iterations_us":[26459.208980668336, 28231.750009581447, 24789.24999013543, 22799.625003244728, 23676.04203755036, 23296.49997409433, 23066.749970894307, 23140.2920326218]}
