{"engine":"sqlite3","workload":"delete_throughput_10k","n_rows":10000,"samples":8,"median_us":523.500,"min_us":498.000,"iterations_us":[526.6249645501375, 684.3750015832484, 653.333030641079, 509.1669736430049, 526.2919585220516, 498.0000085197389, 520.7079811953008, 511.83300092816353]}
