{"engine":"duckdb","workload":"delete_throughput_10k","n_rows":10000,"samples":8,"median_us":2193.271,"min_us":2142.250,"iterations_us":[2165.874990168959, 2179.1670005768538, 2157.541981432587, 2211.125014582649, 2142.249984899536, 2207.3749860282987, 2241.084002889693, 2210.5000098235905]}
