{"engine":"ultrasql","iterations_us":[123.24999999999999,123.91600000000001,124.66699999999999,125.334,125.41700000000002,126.66700000000002,129.625,130.083,130.458,130.875,130.916,131.875,132.459,132.583,132.75,132.833,133.167,134.125,136.25,136.583,137.167,138.417,138.541,139.083,141.834,143.125,143.625,144.75,147.292,155.0,163.25,167.417],"median_us":133.167,"min_us":123.24999999999999,"n_rows":10000,"samples":32,"workload":"delete_throughput_10k"}
