{"engine":"postgres17","workload":"delete_throughput_10k","n_rows":10000,"samples":32,"median_us":23864.750,"min_us":20323.625,"iterations_us":[25066.04098016396, 24332.33300689608, 24450.874974718317, 24058.49998467602, 24026.87497669831, 23934.541997732595, 24202.62500527315, 24174.95899135247, 25299.2500027176, 24264.66697943397, 24906.625010771677, 24740.12499442324, 24468.624993460253, 24183.66598431021, 24418.167013209313, 23794.957989593968, 22637.5000202097, 23013.416008325294, 23027.207993436605, 22995.95798831433, 22486.832982394844, 21882.709028432146, 22427.874995628372, 20323.62497993745, 23038.665996864438, 24943.99997522123, 23513.6249975767, 22118.791996035725, 23359.082988463342, 23623.415996553376, 22332.041000481695, 22091.16701851599]}
