{"engine":"duckdb","workload":"delete_throughput_10k","n_rows":10000,"samples":32,"median_us":2183.875,"min_us":2140.042,"iterations_us":[2207.708079367876, 2222.416107542813, 2181.833959184587, 2171.4590257033706, 2204.249962233007, 2212.8329146653414, 2171.125030145049, 2163.709024898708, 2191.457897424698, 2175.666973926127, 2168.2499209418893, 2163.7919126078486, 2185.9159460291266, 2199.24992416054, 2173.2079330831766, 2196.791931055486, 2178.3749107271433, 2250.750083476305, 2186.1669374629855, 2221.207949332893, 2172.4579855799675, 2259.041997604072, 2276.1670406907797, 2208.2499926909804, 2159.333089366555, 2140.0420228019357, 2146.792015992105, 2144.4590529426932, 2197.333029471338, 2191.459061577916, 2178.70797496289, 2152.791013941169]}
