{"engine":"postgres17","workload":"delete_throughput_10k","n_rows":10000,"samples":32,"median_us":22790.501,"min_us":20597.750,"iterations_us":[24398.167006438598, 22448.70798313059, 22554.66699716635, 31352.08401363343, 24841.709004249424, 26565.584004856646, 22568.29201360233, 23390.916001517326, 25354.958983371034, 23006.791016086936, 22736.58401099965, 23448.624997399747, 28469.20900628902, 24422.33299370855, 25192.208006046712, 23235.458007548004, 22531.91699855961, 22599.833988351747, 22613.582987105474, 22662.000003037974, 22844.41702067852, 22421.79200402461, 23071.70900166966, 22430.375014664605, 22488.12498874031, 22411.833982914686, 23255.334002897143, 23280.08398762904, 22458.500025095418, 21292.374993208796, 21001.209010137245, 20597.75000088848]}
