{"engine":"clickhouse","workload":"filter_sum_1m_i64","n_rows":1000000,"samples":32,"median_us":1663.104,"min_us":1500.0420389696956,"iterations_us":[4202.625015750527, 3778.040991164744, 3467.291942797601, 1970.5420127138495, 1981.0000667348504, 1654.3749952688813, 1790.3749831020832, 1822.6250540465117, 1733.0420669168234, 1661.7089277133346, 1709.2499183490872, 1761.3749951124191, 1693.0829733610153, 1712.3750876635313, 1635.2919628843665, 1698.6250411719084, 1562.6250533387065, 1517.7499735727906, 1646.4999644085765, 1637.3340040445328, 1634.7499331459403, 1781.3330050557852, 1590.8339992165565, 1547.2080558538437, 1523.0829594656825, 1584.3750443309546, 1564.2499784007668, 1596.2079633027315, 1500.0420389696956, 1632.9999780282378, 1664.4999850541353, 1677.8750577941537]}
