{"engine":"postgres17","workload":"filter_sum_1m_i64","n_rows":1000000,"samples":8,"median_us":37266.625,"min_us":35091.041,"iterations_us":[41663.457988761365, 35882.87500315346, 35091.04097611271, 35958.750027930364, 36616.124998545274, 39236.499986145645, 37917.12498059496, 40035.91599757783]}
