{"engine":"ultrasql","iterations_us":[11235.666,11343.75,11351.458,11445.458,11496.291000000001,11531.958,11984.625,20544.125],"median_us":11496.291000000001,"min_us":11235.666,"n_rows":1000000,"samples":8,"workload":"filter_sum_1m_i64"}