{"engine":"clickhouse","workload":"filter_sum_1m_i64","n_rows":1000000,"samples":8,"median_us":1841.958,"min_us":1573.5409979242831,"iterations_us":[2029.082999797538, 1849.8330027796328, 1789.208996342495, 1737.4579911120236, 1573.5409979242831, 1834.082999266684, 2266.0829999949783, 2352.8749879915267]}
