{"engine":"duckdb","workload":"filter_sum_1m_i64","n_rows":1000000,"samples":32,"median_us":191.104,"min_us":177.583,"iterations_us":[217.95800421386957, 236.66699416935444, 205.74999507516623, 210.29100753366947, 196.49998284876347, 186.25002121552825, 207.2919742204249, 189.4590095616877, 210.291997063905, 186.7079990915954, 190.99999917671084, 185.04197942093015, 192.75001250207424, 183.542026206851, 193.29198403283954, 197.62496231123805, 194.7919954545796, 184.62503794580698, 195.66703122109175, 188.16703232005239, 180.0000318326056, 192.3340023495257, 188.3750082924962, 187.33402248471975, 185.375043656677, 191.20797514915466, 184.2500059865415, 197.66698824241757, 184.54098608344793, 177.58301692083478, 191.2500010803342, 183.6660085245967]}
