{"engine":"ultrasql","iterations_us":[92.916,95.958,96.0,102.542,102.625,103.416,106.292,106.709,106.875,107.375,107.583,109.416,110.29199999999999,110.75,112.166,112.625,113.0,114.167,117.54100000000001,118.417,119.542,121.834,122.20800000000001,123.583,124.45800000000001,125.084,125.291,126.416,127.12499999999999,128.083,129.75,158.875],"median_us":113.0,"min_us":92.916,"n_rows":1000000,"samples":32,"workload":"filter_sum_1m_i64"}
