{"engine":"sqlite3","workload":"filter_sum_1m_i64","n_rows":1000000,"samples":8,"median_us":16355.417,"min_us":15830.209,"iterations_us":[16018.333990359679, 15833.540994208306, 16183.416999410838, 15830.209013074636, 16674.04198087752, 17476.375011028722, 16527.41600992158, 17000.74999826029]}
