{"engine":"sqlite3","workload":"filter_sum_1m_i64","n_rows":1000000,"samples":32,"median_us":16208.792,"min_us":15774.291,"iterations_us":[16256.083035841584, 16067.666991148144, 15847.583010327071, 16380.832996219397, 16376.541985664517, 16189.749992918223, 16355.167026631534, 15932.667010929435, 16375.000006519258, 16650.417004711926, 16025.791002903134, 16111.125005409122, 16290.041035972536, 16056.249965913594, 16202.166967559606, 15926.70800164342, 16281.332995276898, 16334.625019226223, 16099.500004202127, 16385.20898995921, 15774.291008710861, 15978.79099426791, 16294.583037961274, 15854.457975365222, 16303.49998595193, 15853.291959501803, 16222.708974964917, 16294.582979753613, 15850.250027142465, 16260.709031485021, 16215.417010243982, 16105.333983432502]}
