{"engine":"sqlite3","workload":"filter_sum_1m_i64","n_rows":1000000,"samples":32,"median_us":15796.334,"min_us":15516.250,"iterations_us":[15844.416979234666, 15882.458974374458, 15516.25001593493, 15827.666007680818, 16013.999993447214, 15811.874996870756, 15784.165996592492, 15790.542005561292, 15786.915988428518, 15708.374994574115, 15796.37499526143, 15807.62502271682, 15801.45800835453, 15791.666985023767, 15796.58398986794, 15806.959010660648, 15788.291028002277, 15764.833020512015, 15811.999997822568, 15796.292020240799, 15774.125000461936, 15761.66698941961, 15783.125010784715, 15779.499983182177, 15840.16700508073, 15834.874997381121, 15802.999987499788, 15519.124979618937, 15700.459014624357, 15886.582987150177, 15781.167021486908, 15840.292006032541]}
