{"engine":"clickhouse","workload":"filter_sum_1m_i64","n_rows":1000000,"samples":32,"median_us":2272.104,"min_us":1643.4160061180592,"iterations_us":[5337.999959010631, 4033.54101581499, 2706.624974962324, 2954.9169703386724, 2417.0000106096268, 2487.582969479263, 2358.0410052090883, 2948.1250094249845, 2432.249952107668, 2402.9159685596824, 2412.74997824803, 2633.4159774705768, 2480.2080006338656, 2012.9589829593897, 1884.9580083042383, 2029.0829706937075, 2567.709016148001, 2254.8330016434193, 1929.1670178063214, 1880.1250262185931, 1872.833992820233, 2289.3749992363155, 1973.833015654236, 1676.4169558882713, 1656.7920101806521, 1814.5409994758666, 2429.792017210275, 1933.8749698363245, 1643.4160061180592, 1645.9999606013298, 1729.6659643761814, 1917.7499925717711]}
