{"engine":"duckdb","workload":"filter_sum_1m_i64","n_rows":1000000,"samples":8,"median_us":186.771,"min_us":161.125,"iterations_us":[209.4169904012233, 204.2920095846057, 187.75000353343785, 184.7919775173068, 177.54198051989079, 187.16600607149303, 161.12500452436507, 186.37502216733992]}
