{"engine":"sqlite3","workload":"filter_sum_1m_i64","n_rows":1000000,"samples":8,"median_us":16543.812,"min_us":16144.875,"iterations_us":[16686.87502387911, 16379.875014536083, 16324.083029758185, 16980.95799656585, 17504.749994259328, 16400.74996976182, 16921.375005040318, 16144.87502956763]}
