{"engine":"clickhouse","workload":"filter_sum_1m_i64","n_rows":1000000,"samples":4,"median_us":3316.937,"min_us":2666.8329956009984,"iterations_us":[5676.458997186273, 3791.416995227337, 2842.457965016365, 2666.8329956009984]}
