{"engine":"sqlite3","workload":"filter_sum_1m_i64","n_rows":1000000,"samples":8,"median_us":16210.438,"min_us":15921.542,"iterations_us":[15921.542013529688, 16277.791000902653, 16079.082997748628, 16374.500002712011, 16335.000022081658, 16124.999994644895, 16336.499975295737, 16143.084008945152]}
