{"engine":"sqlite3","workload":"filter_sum_1m_i64","n_rows":1000000,"samples":32,"median_us":16427.625,"min_us":16161.875,"iterations_us":[16191.834001801908, 16258.41693021357, 16279.790899716318, 16276.95793285966, 16161.874984391034, 16212.667105719447, 16325.125005096197, 16199.458972550929, 16208.500019274652, 16185.624990612268, 16641.375026665628, 16717.167105525732, 16863.37497085333, 16311.667044647038, 16580.41588962078, 16611.082945019007, 16768.582980148494, 16595.707973465323, 16389.625030569732, 16455.375007353723, 16595.833003520966, 16254.834015853703, 16291.667008772492, 16861.99998948723, 16399.87505041063, 16657.917061820626, 16497.874981723726, 16322.959098033607, 16667.29198768735, 16522.874939255416, 16525.665996596217, 16568.708000704646]}
