{"engine":"postgres17","workload":"filter_sum_1m_i64","n_rows":1000000,"samples":32,"median_us":55524.771,"min_us":43375.917,"iterations_us":[48442.25000124425, 45437.00010981411, 44201.08301565051, 43751.041986979544, 43375.917011871934, 55561.66602764279, 58392.95906480402, 59550.7500693202, 57508.125086314976, 58637.20795605332, 55908.250040374696, 54150.916053913534, 57639.54191934317, 54902.37497724593, 55622.50001821667, 55487.875011749566, 52700.333995744586, 58304.58307173103, 58581.58296905458, 58905.49998730421, 50609.666970558465, 50638.083019293845, 49713.45805097371, 52510.25001052767, 58315.41703082621, 55159.333045594394, 54648.99993967265, 55114.70802593976, 55871.249991469085, 71519.45889927447, 62108.625075779855, 58088.375022634864]}
