{"engine":"clickhouse","workload":"filter_sum_1m_i64","n_rows":1000000,"samples":8,"median_us":2009.000,"min_us":1811.5839920938015,"iterations_us":[1811.5839920938015, 1921.7500230297446, 1943.5000140219927, 1913.4159956593066, 3184.6659840084612, 2519.7909853886813, 2202.790987212211, 2074.499992886558]}
