{"engine":"duckdb","workload":"filter_sum_1m_i64","n_rows":1000000,"samples":8,"median_us":200.000,"min_us":170.666,"iterations_us":[260.957982391119, 219.1670355387032, 239.79099933058023, 199.6249775402248, 200.37498325109482, 170.6660259515047, 178.04198432713747, 172.2089946269989]}
