{"engine":"postgres17","workload":"filter_sum_1m_i64","n_rows":1000000,"samples":4,"median_us":36903.375,"min_us":35595.750,"iterations_us":[42965.332977473736, 35595.7499705255, 36194.250045809895, 37612.50001844019]}
