{"engine":"postgres17","workload":"filter_sum_1m_i64","n_rows":1000000,"samples":8,"median_us":38759.646,"min_us":35573.167,"iterations_us":[44222.16600505635, 37130.45798940584, 35573.16699880175, 37286.83301596902, 38634.62500157766, 38884.66701027937, 39986.666990444064, 41922.29200270958]}
