{"engine":"sqlite3","workload":"filter_sum_1m_i64","n_rows":1000000,"samples":5,"median_us":14694.250,"min_us":13667.875,"iterations_us":[13667.875013197772, 17221.875008544885, 16412.12399408687, 13984.166012960486, 14694.249999593012]}
