{"engine":"postgres17","workload":"filter_sum_1m_i64","n_rows":1000000,"samples":8,"median_us":37706.750,"min_us":34743.333,"iterations_us":[42503.79101722501, 34743.33300255239, 36303.95798245445, 35969.83299939893, 37848.37501007132, 38872.25000653416, 37565.12500694953, 39377.75001395494]}
