{"engine":"sqlite3","workload":"filter_sum_1m_i64","n_rows":1000000,"samples":32,"median_us":15993.437,"min_us":15549.500,"iterations_us":[15803.916961885989, 15549.50000718236, 15562.040964141488, 15841.209038626403, 15955.374983604997, 15989.042003639042, 16089.29201029241, 15993.500011973083, 16029.125021304935, 16254.583024419844, 16067.24999146536, 16408.707946538925, 16055.2499582991, 15878.042031545192, 16252.08300538361, 15987.29204852134, 15814.875019714236, 16424.375004135072, 15993.37498191744, 15969.250001944602, 15926.999971270561, 16242.790967226028, 16593.084030319005, 16063.584014773369, 16056.708991527557, 15796.583029441535, 16010.167018976063, 15969.87503580749, 15723.250049632043, 16132.290998939425, 16266.541962977499, 15930.375026073307]}
