{"engine":"clickhouse","workload":"filter_sum_1m_i64","n_rows":1000000,"samples":8,"median_us":1661.125,"min_us":1481.500017689541,"iterations_us":[2031.7920134402812, 1830.2079988643527, 1676.8329951446503, 1645.4170108772814, 1550.0000154133886, 1481.500017689541, 1718.4169846586883, 1612.958003534004]}
