{"engine":"postgres17","workload":"filter_sum_1m_i64","n_rows":1000000,"samples":8,"median_us":40282.187,"min_us":36672.250,"iterations_us":[40988.37499623187, 40948.83301877417, 40949.582995381206, 36672.24998935126, 40608.16697892733, 37829.20801313594, 38421.08300887048, 39956.20799832977]}
