{"engine":"sqlite3","workload":"filter_sum_1m_i64","n_rows":1000000,"samples":32,"median_us":15475.104,"min_us":15080.542,"iterations_us":[15583.083004457876, 15716.3749972824, 15778.24997366406, 15797.00000002049, 15349.833993241191, 15633.625007467344, 15797.87497757934, 15869.209019001573, 15810.167009476572, 15080.541983479634, 15373.207977972925, 15434.75000653416, 15347.542008385062, 15269.249997800216, 15612.749994033948, 15423.916978761554, 15397.207986097783, 15250.79199927859, 15611.292008543387, 15465.75000975281, 15683.083998737857, 15392.666013212875, 15439.125010743737, 15321.000013500452, 15596.790995914489, 15444.958000443876, 15473.540988750756, 15854.166995268315, 15330.167021602392, 15476.667002076283, 15631.625021342188, 15757.70799536258]}
