{"engine":"postgres17","workload":"filter_sum_1m_i64","n_rows":1000000,"samples":32,"median_us":43026.187,"min_us":34202.458,"iterations_us":[37356.458022259176, 35392.125020734966, 34202.458104118705, 34541.415981948376, 34558.37501678616, 35057.750064879656, 35461.20889950544, 38101.45892202854, 41557.58302658796, 41445.7080187276, 43482.20909014344, 47031.29210975021, 43904.49996571988, 42747.12491314858, 44427.75005009025, 43647.083919495344, 42928.87495830655, 45409.124926663935, 50762.41702772677, 45301.79197899997, 44114.58398681134, 42876.58305838704, 43123.49995598197, 42467.207997106016, 44793.41593105346, 43715.66709596664, 43125.58309175074, 44909.45895668119, 44023.5409187153, 47372.834058478475, 42534.62504129857, 40350.95893777907]}
