{"engine":"postgres17","workload":"filter_sum_1m_i64","n_rows":1000000,"samples":32,"median_us":44487.375,"min_us":41842.625,"iterations_us":[45056.45899916999, 42417.75002446957, 43914.37501180917, 41842.62501075864, 45944.959012558684, 46396.54100174084, 44179.583026561886, 47877.00000451878, 47507.0419779513, 48194.625007454306, 45396.16699912585, 46565.91700040735, 44383.165979525074, 44157.33402129263, 44381.9590145722, 44070.62500831671, 43288.00001530908, 44688.374997349456, 44377.70799268037, 44599.29102449678, 43682.207993697375, 44643.4999757912, 43613.457994069904, 43541.833001654595, 44130.16699254513, 44591.58398094587, 43380.41599839926, 43803.99998626672, 50535.791990114376, 64311.04100192897, 45991.74999748357, 48696.12498441711]}
