{"engine":"clickhouse","workload":"filter_sum_1m_i64","n_rows":1000000,"samples":8,"median_us":3082.750,"min_us":2603.95894292742,"iterations_us":[5011.87500776723, 3538.958029821515, 4155.916976742446, 2715.042035561055, 3033.4999901242554, 3034.8750296980143, 3130.6250020861626, 2603.95894292742]}
