{"engine":"sqlite3","workload":"filter_sum_1m_i64","n_rows":1000000,"samples":32,"median_us":15999.375,"min_us":15434.208,"iterations_us":[16517.75001664646, 16491.16599583067, 16276.832990115508, 16230.791981797665, 16310.625011101365, 16225.082974415272, 16391.91701542586, 16041.832976043224, 15790.749981533736, 15899.249992799014, 15959.042008034885, 16274.416993837804, 16227.291984250769, 16365.624993341044, 16235.374991083518, 15765.874995850027, 16218.042001128197, 15434.208005899563, 15850.041003432125, 15906.874992651865, 16039.707988966256, 16427.707974798977, 16122.083994559944, 15530.292002949864, 15849.374991375953, 15548.91699925065, 15560.250001726672, 15723.541990155354, 15869.625000050291, 15672.791982069612, 15612.499992130324, 15636.709023965523]}
