{"engine":"duckdb","workload":"filter_sum_1m_i64","n_rows":1000000,"samples":8,"median_us":206.479,"min_us":193.584,"iterations_us":[225.95800692215562, 220.9169906564057, 205.62499412335455, 193.5840118676424, 197.74999236688018, 207.33301062136889, 213.2920199073851, 197.20799173228443]}
