{"engine":"postgres17","workload":"filter_sum_1m_i64","n_rows":1000000,"samples":32,"median_us":42780.875,"min_us":35449.666,"iterations_us":[42198.16700788215, 36156.667047180235, 35449.66597110033, 38209.12499213591, 37349.99999869615, 38433.87495726347, 37315.708003006876, 39169.33300206438, 39072.95799581334, 41132.62501778081, 42706.3750103116, 39073.45799962059, 41833.66597862914, 39065.124990884215, 48753.70900845155, 47784.750000573695, 42855.3749807179, 42472.37497474998, 46791.37497441843, 44438.500015530735, 48855.000000912696, 44532.58396824822, 43308.54199361056, 45678.58303198591, 46270.74999734759, 43462.37500431016, 44767.95898517594, 47548.58301021159, 44930.41604291648, 45282.79200894758, 38866.958988364786, 51162.83398820087]}
