{"engine":"postgres17","workload":"filter_sum_1m_i64","n_rows":1000000,"samples":5,"median_us":37452.166,"min_us":35715.208,"iterations_us":[44827.125006122515, 35715.2080105152, 37587.667000479996, 36845.83300491795, 37452.165997819975]}
