{"engine":"sqlite3","workload":"filter_sum_1m_i64","n_rows":1000000,"samples":8,"median_us":16466.583,"min_us":16278.792,"iterations_us":[17644.917010329664, 17344.084015348926, 16483.582992805168, 16438.582999398932, 16278.791998047382, 16449.582995846868, 16413.166013080627, 16562.16598348692]}
