{"engine":"postgres17","workload":"filter_sum_1m_i64","n_rows":1000000,"samples":32,"median_us":41965.709,"min_us":35363.291,"iterations_us":[42454.45801643655, 35363.2910118904, 35871.87500670552, 38341.45801374689, 40196.1249881424, 38175.66600628197, 38780.00000258908, 39281.66601690464, 43215.50001623109, 41065.540979616344, 41173.33400063217, 41950.08400711231, 42916.5420064237, 42267.58301956579, 42931.542004225776, 40058.165992377326, 41981.33302270435, 43477.37500211224, 43167.625000933185, 41171.58299777657, 43053.37500409223, 41078.66602134891, 41384.29102022201, 41904.374986188486, 43016.95799222216, 40532.37501648255, 42184.54202055, 42690.0000020396, 42041.91698227078, 43584.66700068675, 43874.167022295296, 43522.417021449655]}
