{"engine":"postgres17","workload":"filter_sum_1m_i64","n_rows":1000000,"samples":8,"median_us":38057.875,"min_us":36435.583,"iterations_us":[41509.00000240654, 36435.5829951819, 37992.416007909924, 37047.95800149441, 38123.33301175386, 37911.45799914375, 42099.4579908438, 43544.04201149009]}
