{"engine":"sqlite3","workload":"filter_sum_1m_i64","n_rows":1000000,"samples":32,"median_us":16338.771,"min_us":15987.500,"iterations_us":[16274.249996058643, 16296.999994665384, 16029.541962780058, 16323.87493737042, 16309.249913319945, 16032.250015996397, 16268.833074718714, 16844.874946400523, 16768.708010204136, 16711.125033907592, 16526.208026334643, 16371.874953620136, 16383.49995482713, 16424.250090494752, 16343.415947631001, 16334.957908838987, 16335.166990756989, 16323.958989232779, 16342.374961823225, 16318.292007781565, 15995.166031643748, 16385.916038416326, 16285.584075376391, 16360.250068828464, 16397.582949139178, 16351.250000298023, 16349.583049304783, 16258.208081126213, 16611.25000100583, 16511.87497191131, 16039.166948758066, 15987.499966286123]}
