{"engine":"duckdb","workload":"filter_sum_1m_i64","n_rows":1000000,"samples":8,"median_us":195.334,"min_us":180.166,"iterations_us":[207.95798627659678, 191.87500583939254, 195.1669983100146, 203.25000514276326, 180.1659818738699, 195.50000433810055, 198.9169977605343, 184.7500097937882]}
