{"engine":"duckdb","workload":"filter_sum_1m_i64","n_rows":1000000,"samples":32,"median_us":167.624,"min_us":156.083,"iterations_us":[204.4999855570495, 197.3329926840961, 211.4999806508422, 256.29199808463454, 224.7079974040389, 196.25003915280104, 182.08404071629047, 188.9999839477241, 179.16696378961205, 170.5419854260981, 183.20803064852953, 162.7919846214354, 166.2500435486436, 156.08296962454915, 175.74999947100878, 170.75001960620284, 161.91595932468772, 161.33300960063934, 161.79197700694203, 161.083007697016, 163.95800048485398, 171.8329731374979, 163.50002260878682, 162.87504695355892, 160.83300579339266, 167.7909749560058, 164.16702419519424, 158.16703671589494, 170.3340094536543, 167.12502110749483, 167.45796892791986, 159.8749659024179]}
