{"engine":"duckdb","workload":"filter_sum_1m_i64","n_rows":1000000,"samples":8,"median_us":200.771,"min_us":175.833,"iterations_us":[212.2079604305327, 204.29195137694478, 179.54199574887753, 191.833998542279, 175.83294538781047, 325.6250056438148, 290.5420260503888, 197.2499885596335]}
