{"engine":"postgres17","workload":"filter_sum_1m_i64","n_rows":1000000,"samples":32,"median_us":44635.021,"min_us":38346.750,"iterations_us":[44225.83297127858, 39934.58300828934, 38346.749963238835, 38742.249947972596, 38728.12498593703, 42438.29194456339, 41621.292009949684, 43763.58300214633, 43921.00003315136, 44643.66700267419, 43481.16595065221, 43088.916048873216, 47204.62497789413, 44983.58303681016, 49896.957993041724, 40961.41702029854, 52239.209006074816, 48110.04101065919, 47504.62499214336, 46862.708986736834, 48230.58395413682, 44172.54199506715, 46590.45796142891, 48495.66600751132, 48735.87499605492, 48156.5420050174, 45996.91700423136, 44626.374961808324, 43301.49997258559, 44517.000031191856, 46323.20802193135, 47054.16597425938]}
