{"engine":"clickhouse","workload":"filter_sum_1m_i64","n_rows":1000000,"samples":8,"median_us":1957.979,"min_us":1661.9999951217324,"iterations_us":[1943.0830143392086, 2203.584008384496, 2110.1669990457594, 1739.2919980920851, 1661.9999951217324, 1715.1249921880662, 1972.8750048670918, 1977.332984097302]}
