{"engine":"sqlite3","workload":"filter_sum_1m_i64","n_rows":1000000,"samples":32,"median_us":16697.854,"min_us":15531.500,"iterations_us":[15999.124996596947, 16219.917015405372, 15895.375021500513, 16033.24999450706, 15707.334008766338, 15531.4999865368, 15844.957990339026, 15863.66698029451, 15873.083000769839, 16055.791988037527, 15936.5409926977, 16026.33300353773, 17743.917007464916, 18047.124991426244, 18551.542016211897, 17164.917022455484, 19105.374987702817, 18148.875009501353, 17583.875014679506, 17718.3750201948, 17979.7500022687, 17393.499991158023, 16935.54100347683, 17423.042008886114, 16753.500007325783, 17123.458004789427, 16642.2079782933, 16264.542005956173, 16834.666981594637, 16988.499992294237, 16069.50000859797, 16372.165991924703]}
