{"engine":"postgres17","workload":"filter_sum_1m_i64","n_rows":1000000,"samples":8,"median_us":39674.250,"min_us":36680.042,"iterations_us":[41125.62496447936, 38395.37501335144, 36680.04198698327, 38766.374986153096, 37449.916009791195, 40582.125016953796, 41228.08302054182, 41611.708991695195]}
