{"engine":"duckdb","workload":"filter_sum_1m_i64","n_rows":1000000,"samples":32,"median_us":174.646,"min_us":157.333,"iterations_us":[180.49997743219137, 205.0000475719571, 200.41700918227434, 189.5000459626317, 210.8339685946703, 181.2499249354005, 164.91708811372519, 169.2089717835188, 175.33404752612114, 173.87501429766417, 174.79201778769493, 173.3340322971344, 172.70795069634914, 181.99998885393143, 176.08306370675564, 182.12490249425173, 164.79194164276123, 174.5839836075902, 165.0000922381878, 160.54196748882532, 163.04210294038057, 207.12497644126415, 160.66606622189283, 157.33297914266586, 174.37501810491085, 178.8330264389515, 175.9580336511135, 177.25001089274883, 170.3340094536543, 166.4579613134265, 174.7080823406577, 168.2080328464508]}
