{"engine":"duckdb","workload":"filter_sum_1m_i64","n_rows":1000000,"samples":32,"median_us":168.146,"min_us":153.875,"iterations_us":[200.20900410600007, 194.29202075116336, 164.75000302307308, 164.91700080223382, 196.542008779943, 162.70799096673727, 159.04198517091572, 169.00000628083944, 164.54100841656327, 164.37500016763806, 170.87499145418406, 174.33299217373133, 167.12499200366437, 161.8750102352351, 157.33297914266586, 162.874988745898, 163.2080238778144, 172.45800700038671, 168.25000056996942, 167.33299707993865, 167.62499581091106, 167.1659993007779, 153.87500752694905, 170.66701548174024, 168.74997527338564, 193.41701408848166, 190.54199219681323, 174.54198678024113, 177.41700867190957, 168.04199549369514, 182.66600091010332, 179.20800019055605]}
