{"engine":"postgres17","workload":"filter_sum_1m_i64","n_rows":1000000,"samples":32,"median_us":42638.646,"min_us":35966.917,"iterations_us":[42531.87499125488, 36139.083007583395, 35966.91699931398, 37030.00000678003, 60815.4580113478, 41549.87502261065, 46475.542010739446, 39244.582992978394, 40710.49997583032, 38491.04201071896, 52541.16700962186, 48027.41599269211, 42648.75000808388, 42958.16598460078, 44394.8750034906, 41630.417021224275, 40477.125003235415, 44156.70898742974, 44087.54198811948, 43081.95901103318, 45528.62499258481, 44744.95799513534, 42674.291995354, 45294.08298549242, 41900.08298610337, 43076.58300967887, 43587.41600299254, 42454.83299018815, 41379.87500871532, 42105.20800552331, 41511.16599678062, 42628.54199623689]}
