{"engine":"ultrasql","iterations_us":[96.666,100.083,103.709,103.792,107.583,108.792,109.292,111.125,112.70899999999999,113.709,113.792,114.416,115.45899999999999,139.0,139.167,217.667],"median_us":112.70899999999999,"min_us":96.666,"n_rows":1000000,"samples":16,"workload":"filter_sum_1m_i64"}