{"engine":"duckdb","workload":"filter_sum_1m_i64","n_rows":1000000,"samples":32,"median_us":202.687,"min_us":169.833,"iterations_us":[218.5420016758144, 198.20898887701333, 193.54099640622735, 189.41599410027266, 178.74999321065843, 184.04200091026723, 189.45898045785725, 346.79099917411804, 503.500021295622, 355.24999839253724, 435.6670251581818, 252.666010055691, 219.58400611765683, 231.16599186323583, 198.29199300147593, 185.3749854490161, 173.8749851938337, 179.1669928934425, 196.91698253154755, 302.66601243056357, 228.79199241288006, 245.54200354032218, 278.7090197671205, 201.8329978454858, 213.66699365898967, 203.5419747699052, 189.9579947348684, 169.83301611617208, 181.20798631571233, 203.83301307447255, 181.29200907424092, 236.04198941029608]}
