{"engine":"clickhouse","workload":"filter_sum_1m_i64","n_rows":1000000,"samples":32,"median_us":2011.896,"min_us":1441.0829753614962,"iterations_us":[4088.5000489652157, 3288.2909872569144, 2677.62498697266, 2496.6669734567404, 2605.9169904328883, 2256.8749845959246, 2570.0830155983567, 2212.667022831738, 2107.459004037082, 2083.0840221606195, 2582.1670424193144, 2066.457993350923, 2043.0829608812928, 1930.4999732412398, 1967.4160284921527, 2381.958009209484, 2195.8749857731164, 1773.2499982230365, 1842.2920256853104, 1808.99997940287, 1982.45799401775, 2016.6669855825603, 1742.9590225219727, 1718.7920166179538, 1670.0829728506505, 2007.1250037290156, 1689.7089662961662, 1539.4589863717556, 1651.7500043846667, 1515.3750427998602, 1441.0829753614962, 1515.9170143306255]}
