{"engine":"duckdb","workload":"filter_sum_1m_i64","n_rows":1000000,"samples":32,"median_us":186.916,"min_us":173.042,"iterations_us":[229.124998440966, 214.29199841804802, 225.4169958177954, 214.08300381153822, 198.0840170290321, 188.2920041680336, 186.87499687075615, 178.5829954314977, 199.16598103009164, 181.79099424742162, 189.5829918794334, 181.83400970883667, 181.4159913919866, 182.08299297839403, 184.2500059865415, 184.29200281389058, 181.25001224689186, 173.04200446233153, 199.04199871234596, 193.66599735803902, 183.45800344832242, 200.74998610652983, 183.83300630375743, 186.95800099521875, 192.66700837761164, 182.0419856812805, 178.8749941624701, 178.4999913070351, 194.45898942649364, 193.83299513719976, 191.87500583939254, 181.58400780521333]}
