{"engine":"ultrasql","iterations_us":[33.875,34.375,35.375,35.667,35.875,36.791000000000004,38.708999999999996,38.833,39.208999999999996,43.125,43.458000000000006,44.0,44.458,44.875,45.166000000000004,45.417,45.667,45.958000000000006,46.292,46.333,46.75,47.125,47.125,47.208,47.333999999999996,48.125,48.25,48.541000000000004,51.625,60.333,80.0,96.58399999999999],"median_us":45.667,"min_us":33.875,"n_rows":1000000,"samples":32,"workload":"filter_sum_1m_i64"}
