{"engine":"ultrasql","iterations_us":[11203.958,11281.291000000001,11291.582999999999,11353.167000000001,11373.25,11397.5,11425.75,11467.458],"median_us":11373.25,"min_us":11203.958,"n_rows":1000000,"samples":8,"workload":"filter_sum_1m_i64"}