{"engine":"sqlite3","workload":"filter_sum_1m_i64","n_rows":1000000,"samples":32,"median_us":16233.125,"min_us":15798.084,"iterations_us":[16243.54103114456, 15922.792023047805, 15894.957934506238, 16160.542028956115, 15798.084088601172, 15798.292006365955, 15918.625053018332, 15921.749989502132, 16047.999961301684, 15899.832942523062, 16230.624984018505, 16155.875055119395, 16142.291948199272, 16265.750047750771, 16500.333906151354, 16427.916940301657, 16643.75001564622, 16173.62501565367, 16279.542003758252, 15996.332978829741, 16361.707937903702, 16348.041943274438, 16233.708010986447, 16601.5001013875, 16384.29192826152, 16171.833965927362, 16315.417014993727, 16289.207967929542, 16357.332933694124, 16508.833039551973, 16365.249990485609, 16232.541995123029]}
