{"engine":"clickhouse","workload":"filter_sum_1m_i64","n_rows":1000000,"samples":8,"median_us":1655.709,"min_us":1538.749987957999,"iterations_us":[2102.9579802416265, 1838.2499983999878, 1736.6659885738045, 1693.1670252233744, 1618.2499821297824, 1564.2090002074838, 1617.95798339881, 1538.749987957999]}
