{"engine":"duckdb","workload":"filter_sum_1m_i64","n_rows":1000000,"samples":32,"median_us":192.167,"min_us":167.500,"iterations_us":[244.62502915412188, 204.50004376471043, 214.62497534230351, 201.08395256102085, 208.12498405575752, 196.79201068356633, 224.5830255560577, 332.291005179286, 210.33402299508452, 191.875034943223, 202.74997223168612, 195.4580075107515, 196.24998094514012, 181.1669790185988, 173.62501239404082, 188.2920041680336, 181.74998695030808, 197.0840385183692, 201.04198483750224, 183.70803445577621, 183.87497402727604, 188.9999839477241, 192.45798466727138, 202.54100672900677, 182.4580249376595, 178.04099479690194, 175.41699344292283, 176.5830093063414, 167.4999948590994, 176.79104348644614, 188.16703232005239, 182.29102715849876]}
