{"engine":"clickhouse","workload":"filter_sum_1m_i64","n_rows":1000000,"samples":8,"median_us":2251.625,"min_us":2049.04202837497,"iterations_us":[4260.832967702299, 3517.5419761799276, 2866.292023099959, 2173.0829612351954, 2320.0419964268804, 2183.2080092281103, 2049.04202837497, 2053.3750066533685]}
