{"engine":"postgres17","workload":"filter_sum_1m_i64","n_rows":1000000,"samples":32,"median_us":42454.188,"min_us":33938.583,"iterations_us":[35816.875053569674, 34151.333034969866, 35608.33306983113, 34191.375016234815, 36949.5420018211, 33938.58298659325, 33991.791075095534, 36127.16600764543, 39614.58406411111, 40567.916934378445, 43408.74997433275, 42566.45799614489, 44257.54095427692, 43668.24997123331, 43216.99996944517, 43012.8340376541, 43055.62493391335, 45295.62499374151, 42173.209018073976, 42473.04203454405, 42609.50000025332, 45118.666952475905, 41990.04196561873, 42435.33394765109, 43387.249927036464, 43176.91700998694, 45006.20800536126, 42644.70795169473, 39961.750037036836, 41501.334053464234, 45646.45804930478, 40822.499897331]}
