{"engine":"duckdb","workload":"filter_sum_1m_i64","n_rows":1000000,"samples":32,"median_us":172.625,"min_us":154.416,"iterations_us":[181.33304547518492, 194.95899323374033, 167.79208090156317, 195.16702741384506, 184.7919775173068, 171.29199113696814, 186.04204524308443, 181.33304547518492, 174.6669877320528, 173.87501429766417, 181.08298536390066, 172.16696869581938, 170.45799177139997, 163.7920504435897, 173.79201017320156, 176.79203301668167, 193.33302043378353, 179.83303405344486, 181.2089467421174, 167.29207709431648, 163.5829685255885, 154.41596042364836, 165.9159315750003, 164.79101032018661, 162.33406495302916, 158.4590645506978, 162.54198271781206, 164.33303244411945, 173.08304086327553, 166.66599549353123, 168.29208470880985, 179.2090479284525]}
