{"engine":"sqlite3","workload":"filter_sum_1m_i64","n_rows":1000000,"samples":8,"median_us":16563.312,"min_us":16035.583,"iterations_us":[16217.040945775807, 16700.541018508375, 16466.583008877933, 16035.582986660302, 16846.834041643888, 16725.749999750406, 16223.332961089909, 16660.041001159698]}
