{"engine":"duckdb","workload":"filter_sum_1m_i64","n_rows":1000000,"samples":8,"median_us":216.458,"min_us":194.125,"iterations_us":[222.16601064428687, 249.0839979145676, 361.5840105339885, 210.75000404380262, 257.5000107754022, 210.33300436101854, 197.7079955395311, 194.12502297200263]}
