{"engine":"sqlite3","workload":"filter_sum_1m_i64","n_rows":1000000,"samples":8,"median_us":15999.959,"min_us":15685.708,"iterations_us":[15925.042011076584, 16357.459011487663, 16275.207977741957, 15898.375015240163, 16157.1670032572, 15767.04200124368, 16074.875020422041, 15685.708000091836]}
