{"engine":"ultrasql","iterations_us":[88.458,93.667,94.875,103.542,107.833,110.375,110.791,110.917,111.041,111.667,111.875,111.958,112.083,112.125,112.875,112.875,112.875,112.917,113.167,113.375,113.541,113.83300000000001,114.167,114.875,116.08399999999999,116.917,118.75,120.625,147.209,153.416,241.5,257.20799999999997],"median_us":112.875,"min_us":88.458,"n_rows":1000000,"samples":32,"workload":"filter_sum_1m_i64"}
