{"engine":"sqlite3","workload":"filter_sum_1m_i64","n_rows":1000000,"samples":32,"median_us":15925.000,"min_us":15394.042,"iterations_us":[15731.041959952563, 16494.582989253104, 15905.875014141202, 15825.290989596397, 16524.916980415583, 15756.707987748086, 16004.45801159367, 16152.583004441112, 15891.625022049993, 15736.125002149493, 16126.625007018447, 16389.374970458448, 15976.709022652358, 15930.375026073307, 16005.95802301541, 15906.874963548034, 15940.042037982494, 15836.709004361182, 16108.500014524907, 16620.084003079683, 15647.08398655057, 16111.54101556167, 15919.625002425164, 15599.166974425316, 16295.12500949204, 15931.000001728535, 15943.166974466294, 15543.50001970306, 15586.833003908396, 15720.00002488494, 15394.042013213038, 15705.041994806379]}
