{"engine":"duckdb","workload":"filter_sum_1m_i64","n_rows":1000000,"samples":8,"median_us":202.063,"min_us":185.500,"iterations_us":[204.9580216407776, 199.16699966415763, 228.20799495093524, 209.24999262206256, 191.50000298395753, 185.49998640082777, 215.70801618508995, 189.9590133689344]}
