{"engine":"clickhouse","workload":"filter_sum_1m_i64","n_rows":1000000,"samples":32,"median_us":1677.812,"min_us":1540.9169718623161,"iterations_us":[4229.624988511205, 3752.209013327956, 2815.1660226285458, 2172.0839431509376, 1991.2919960916042, 1939.7090654820204, 1715.1250503957272, 1736.4160157740116, 1624.7089952230453, 1679.832930676639, 1785.1669108495116, 1641.0830430686474, 1633.2499217242002, 1675.9999562054873, 1563.7920005246997, 1770.2089389786124, 1682.3329497128725, 1750.500057823956, 1540.9169718623161, 1617.334084585309, 1603.2500425353646, 1567.0000575482845, 1594.6670901030302, 1721.6670094057918, 1679.6250129118562, 1619.7089571505785, 1558.7919624522328, 1592.3749888315797, 1669.0000193193555, 1627.8750263154507, 1577.5840729475021, 1714.0000127255917]}
