{"engine":"clickhouse","workload":"filter_sum_1m_i64","n_rows":1000000,"samples":8,"median_us":2066.479,"min_us":1870.9170108195394,"iterations_us":[2324.7080098371953, 1884.8750041797757, 1870.9170108195394, 1930.291997268796, 2045.2909811865538, 2519.3749752361327, 2152.959001250565, 2087.6670023426414]}
