{"engine":"duckdb","workload":"filter_sum_1m_i64","n_rows":1000000,"samples":32,"median_us":190.312,"min_us":174.209,"iterations_us":[231.54198424890637, 216.70799469575286, 211.12500689923763, 198.12496611848474, 194.9580037035048, 189.7079637274146, 182.9169923439622, 196.5840347111225, 198.12502432614565, 211.5830429829657, 180.29200145974755, 190.9160055220127, 174.37495989724994, 174.20900985598564, 188.79194976761937, 185.25001360103488, 186.0000193119049, 305.499997921288, 236.74999829381704, 217.33302855864167, 178.04198432713747, 177.0000089891255, 195.66703122109175, 175.3329997882247, 201.20799308642745, 188.24997823685408, 187.58297665044665, 199.79098578915, 189.12501400336623, 187.54095071926713, 195.95801131799817, 185.75001740828156]}
