{"engine":"duckdb","workload":"filter_sum_1m_i64","n_rows":1000000,"samples":8,"median_us":187.646,"min_us":180.375,"iterations_us":[203.08399689383805, 182.54198948852718, 180.37500558421016, 193.70802328921854, 205.24999126791954, 181.16598948836327, 187.5830057542771, 187.7089962363243]}
