{"engine":"postgres17","workload":"filter_sum_1m_i64","n_rows":1000000,"samples":8,"median_us":39320.417,"min_us":38013.667,"iterations_us":[43518.33401597105, 38013.66698462516, 39071.875013178214, 38068.95800516941, 38530.58299864642, 39568.95801820792, 40075.87500382215, 44566.29199557938]}
