{"engine":"ultrasql","iterations_us":[31.958000000000002,34.084,34.75,35.125,35.917,36.167,36.208000000000006,37.583999999999996,38.375,38.5,38.625,39.125,45.0,45.042,45.584,46.125,46.291000000000004,46.458999999999996,46.583,46.584,46.833,48.0,49.167,49.375,50.042,50.292,50.292,50.584,51.709,52.792,53.625,60.375],"median_us":46.291000000000004,"min_us":31.958000000000002,"n_rows":1000000,"samples":32,"workload":"filter_sum_1m_i64"}
