{"engine":"clickhouse","workload":"filter_sum_1m_i64","n_rows":1000000,"samples":32,"median_us":2053.438,"min_us":1709.8329262807965,"iterations_us":[3433.6659591645002, 3693.082951940596, 3580.8749962598085, 2479.9579987302423, 1862.3749492689967, 2050.2919796854258, 2127.7080522850156, 2666.959073394537, 2164.207980968058, 1709.8329262807965, 1815.4169665649533, 2588.834031485021, 2179.5419743284583, 1894.4580806419253, 2056.583994999528, 2258.8339634239674, 2896.3329968973994, 2359.083970077336, 1994.375023059547, 2014.0409469604492, 2137.0829781517386, 1905.0409318879247, 1880.2080303430557, 1796.6669984161854, 1738.5829705744982, 1972.8339975699782, 2272.6249881088734, 1900.1250620931387, 1734.9589616060257, 1772.9169921949506, 2021.2499657645822, 2257.458050735295]}
