{"engine":"sqlite3","workload":"filter_sum_1m_i64","n_rows":1000000,"samples":8,"median_us":17420.021,"min_us":16461.667,"iterations_us":[112698.37500003632, 41971.41600889154, 18030.62499675434, 16461.666993563995, 17289.875002461486, 17190.250000567175, 17550.167001900263, 17218.459004652686]}
