{"engine":"postgres17","workload":"filter_sum_1m_i64","n_rows":1000000,"samples":32,"median_us":44271.354,"min_us":35439.083,"iterations_us":[41732.16701019555, 35439.08300343901, 37135.3339869529, 35931.12499220297, 38601.541018579155, 39052.04200418666, 39508.249959908426, 39540.00002704561, 40907.87499444559, 39105.58298230171, 41819.50003840029, 41582.0840280503, 44960.50003217533, 44740.290963090956, 45822.54204433411, 46850.95802415162, 47769.50000086799, 45532.16596832499, 44148.458051495254, 45449.541008565575, 45101.79196950048, 46855.750028043985, 44795.87503010407, 43685.83403993398, 45859.87504106015, 45169.95802987367, 44747.58298601955, 43845.83298815414, 44394.24996962771, 38251.79202249274, 45525.58303112164, 44675.79099582508]}
