{"engine":"sqlite3","workload":"filter_sum_1m_i64","n_rows":1000000,"samples":8,"median_us":16227.563,"min_us":15950.750,"iterations_us":[15950.750006595626, 16242.249985225499, 16101.750021334738, 16143.54201592505, 16630.666999844834, 16324.750002240762, 16231.334011536092, 16223.790997173637]}
