{"engine":"ultrasql","iterations_us":[33.583,34.083,34.167,34.875,35.458,36.5,38.0,39.208,45.125,45.917,46.292,46.584,46.75,46.916000000000004,46.958,47.083999999999996,47.375,47.416999999999994,47.542,47.666000000000004,47.792,47.875,48.333,48.333,48.583,48.959,49.25,49.792,50.791999999999994,51.833000000000006,55.125,62.58299999999999],"median_us":47.375,"min_us":33.583,"n_rows":1000000,"samples":32,"workload":"filter_sum_1m_i64"}
