{"engine":"postgres17","workload":"filter_sum_1m_i64","n_rows":1000000,"samples":32,"median_us":44264.437,"min_us":36756.917,"iterations_us":[43090.24999383837, 38356.709002982825, 36756.91696116701, 38809.12496242672, 40726.875013206154, 40888.290968723595, 41387.79197819531, 39269.87497834489, 44223.66700600833, 45068.91599157825, 43230.250012129545, 44808.374950662255, 42890.749988146126, 43497.916019987315, 45046.24998662621, 44032.70804323256, 44288.45801157877, 49643.0000057444, 46056.33299797773, 44565.16704522073, 44625.75004436076, 44240.41602760553, 44080.583029426634, 45100.208022631705, 45937.45799502358, 40058.208047412336, 49704.08300869167, 48197.45902204886, 49078.16700870171, 48332.87495421246, 45753.20798903704, 45463.33401231095]}
