{"engine":"sqlite3","workload":"filter_sum_1m_i64","n_rows":1000000,"samples":8,"median_us":16199.729,"min_us":15718.584,"iterations_us":[16480.91699462384, 15749.375015730038, 16582.08400476724, 16219.499986618757, 15846.583002712578, 16179.95899869129, 16282.666998449713, 15718.584007117897]}
