{"engine":"duckdb","workload":"filter_sum_1m_i64","n_rows":1000000,"samples":32,"median_us":177.229,"min_us":157.500,"iterations_us":[228.87508384883404, 188.74998204410076, 214.5830076187849, 199.41700156778097, 192.33394414186478, 184.16601233184338, 187.83297855407, 200.50001330673695, 177.41601914167404, 176.62509344518185, 163.66690397262573, 185.29105000197887, 177.04209312796593, 158.87501649558544, 175.3329997882247, 188.5829260572791, 160.04196368157864, 164.1659764572978, 166.2920694798231, 185.2919813245535, 170.45799177139997, 168.7919721007347, 179.958064109087, 167.83294267952442, 178.3330226317048, 169.2919759079814, 164.91592396050692, 162.6670127734542, 174.70901366323233, 179.9999736249447, 184.2910423874855, 157.50003512948751]}
