{"engine":"sqlite3","workload":"filter_sum_1m_i64","n_rows":1000000,"samples":32,"median_us":16279.604,"min_us":15793.584,"iterations_us":[16499.417019076645, 15936.167037580162, 16375.1250365749, 16372.12501373142, 16223.999962676316, 16132.707998622209, 16590.416023973376, 16268.625040538609, 16325.5839725025, 15793.584054335952, 16073.917038738728, 16119.542007800192, 15955.833019688725, 16316.291003022343, 15966.625011060387, 16063.000017311424, 16281.124961096793, 16404.79202615097, 16124.62499178946, 16337.790992110968, 16324.582975357771, 16323.291987646371, 16489.54098345712, 16163.500025868416, 16254.542046226561, 16235.166986007243, 16565.583006013185, 16278.083028737456, 16364.29101927206, 16304.540971759707, 16176.833014469594, 16368.625045288354]}
