{"engine":"postgres17","workload":"filter_sum_1m_i64","n_rows":1000000,"samples":8,"median_us":42365.500,"min_us":37545.666,"iterations_us":[45997.12498020381, 37545.666040387005, 38605.91701231897, 39991.66697030887, 41767.749993596226, 43612.707988359034, 45638.08301463723, 42963.25001632795]}
