{"engine":"clickhouse","workload":"insert_throughput_10k","n_rows":10000,"samples":32,"median_us":34414.521,"min_us":2745.583071373403,"iterations_us":[106317.2920839861, 62658.37489627302, 63044.83290296048, 62908.749911002815, 2745.583071373403, 3116.33397359401, 67338.79202511162, 4402.75005530566, 3107.166034169495, 70562.12506722659, 7733.457954600453, 3045.6669628620148, 65301.04193370789, 4610.499949194491, 4400.291945785284, 62016.91599562764, 62008.541892282665, 8969.207992777228, 9856.24990426004, 66199.66705329716, 10438.91697190702, 61958.20891298354, 9465.124923735857, 9114.9159707129, 60593.74997857958, 9698.832989670336, 8413.792005740106, 58390.12505020946, 6830.62500320375, 68971.00002970546, 66058.54199733585, 61593.207996338606]}
