{"engine":"sqlite3","workload":"insert_throughput_10k","n_rows":10000,"samples":32,"median_us":20081.542,"min_us":19717.875,"iterations_us":[21594.249992631376, 20568.16703407094, 20328.791986685246, 20222.417020704597, 20254.08297777176, 20047.3329750821, 20342.917006928474, 20150.957978330553, 20085.79100947827, 20022.665965370834, 20067.87498248741, 20257.874974049628, 20404.625043738633, 19962.25002221763, 19986.875005997717, 19717.874994967133, 19928.66600630805, 19932.291994336993, 19826.37500623241, 19887.707952875644, 20235.291973222047, 19917.708996217698, 20093.16597832367, 20037.708978634328, 19970.125053077936, 20077.292050700635, 20477.915997616947, 19998.040981590748, 20340.708026196808, 20013.917004689574, 20160.41602473706, 20218.999998178333]}
