{"engine":"ultrasql","iterations_us":[2999.125,3011.083,3016.833,3028.0,3047.167,3068.083,3068.375,3079.5420000000004,3115.0420000000004,3132.208,3134.291,3171.4159999999997,3173.791,3184.9170000000004,3185.25,3193.208,3228.041,3242.667,3277.959,3291.0,3326.375,3330.25,3331.209,3346.834,3376.833,3389.5840000000003,3396.166,3406.208,3410.125,3471.375,3514.292,3586.4170000000004],"median_us":3228.041,"min_us":2999.125,"n_rows":10000,"samples":32,"workload":"insert_throughput_10k"}
