{"engine":"postgres17","workload":"insert_throughput_10k","n_rows":10000,"samples":8,"median_us":49104.854,"min_us":46538.708,"iterations_us":[61104.666005121544, 54334.87499249168, 46538.708003936335, 47746.83399591595, 49503.040994750336, 49717.79198967852, 48706.66700298898, 46662.91701141745]}
