{"engine":"clickhouse","workload":"insert_throughput_10k","n_rows":10000,"samples":4,"median_us":56858.291,"min_us":12622.040987480432,"iterations_us":[48036.124964710325, 12622.040987480432, 65680.45797757804, 71120.45801477507]}
