{"engine":"clickhouse","workload":"insert_throughput_10k","n_rows":10000,"samples":4,"median_us":67007.709,"min_us":8992.416958790272,"iterations_us":[68265.5000127852, 8992.416958790272, 65749.9170047231, 70263.58298026025]}
