{"engine":"duckdb","workload":"insert_throughput_10k","n_rows":10000,"samples":8,"median_us":66225.541,"min_us":65262.750,"iterations_us":[73440.95798907802, 66248.2499901671, 66202.83299707808, 65748.49999742582, 65262.75002397597, 65627.99998209812, 66654.08299886622, 67373.91598289832]}
