{"engine":"postgres17","workload":"insert_throughput_10k","n_rows":10000,"samples":8,"median_us":48377.875,"min_us":46056.625,"iterations_us":[77958.25001085177, 59587.04199292697, 47984.20800943859, 52593.083993997425, 48416.83301492594, 46056.624996708706, 47344.08299555071, 48338.916996726766]}
