{"engine":"clickhouse","workload":"insert_throughput_10k","n_rows":10000,"samples":8,"median_us":34350.125,"min_us":4382.916959002614,"iterations_us":[6350.500043481588, 57140.70802787319, 4569.45801852271, 4382.916959002614, 60717.6250196062, 65663.08299079537, 69140.95801766962, 11559.540987946093]}
