{"engine":"sqlite3","workload":"insert_throughput_10k","n_rows":10000,"samples":4,"median_us":20863.751,"min_us":20271.709,"iterations_us":[23646.79198944941, 21045.542031060904, 20681.959053035825, 20271.70901419595]}
