{"engine":"duckdb","workload":"insert_throughput_10k","n_rows":10000,"samples":32,"median_us":63424.562,"min_us":62650.875,"iterations_us":[78835.70902049541, 65139.25001490861, 64038.99996075779, 64132.37500237301, 64543.79204660654, 65425.291017163545, 73764.16603801772, 64942.74997385219, 64681.916031986475, 64917.08301473409, 62650.8750137873, 62681.62501510233, 63350.083015393466, 62739.87499298528, 63205.16602136195, 63108.70801098645, 63853.833999019116, 62975.58301594108, 63171.416986733675, 62885.12499304488, 62831.624993123114, 63194.33398311958, 62810.08303631097, 63133.04102513939, 63366.66701827198, 63691.91699195653, 62712.87496201694, 63429.45800861344, 68458.99997279048, 64071.04100799188, 63419.66602485627, 63639.33300599456]}
