{"engine":"sqlite3","workload":"insert_throughput_10k","n_rows":10000,"samples":32,"median_us":18347.041,"min_us":18028.500,"iterations_us":[21501.58298900351, 18333.249987335876, 19916.416000341997, 18777.334014885128, 18748.58301016502, 18360.832997132093, 18259.790987940505, 18870.83300971426, 18529.916007537395, 18191.62498577498, 18308.583996258676, 18059.916998026893, 18610.125000122935, 18028.499995125458, 19001.084001502022, 18451.25001273118, 18658.417015103623, 18269.791995408013, 18242.99999861978, 18587.79101166874, 18274.375004693866, 19323.20898049511, 18122.79099249281, 18299.874995136634, 18422.49999754131, 18321.292009204626, 18446.542002493516, 18192.749994341284, 18279.749987414107, 18912.50000335276, 18210.208014352247, 18119.834014214575]}
