{"engine":"sqlite3","workload":"insert_throughput_10k","n_rows":10000,"samples":32,"median_us":22286.312,"min_us":21705.708,"iterations_us":[25446.040992392227, 23056.125006405637, 22475.95801600255, 22423.457994591445, 22585.250000702217, 22088.583005825058, 22575.125010916963, 22600.832977332175, 22448.70798313059, 22140.916989883408, 21876.583981793374, 22034.124995116144, 22355.208988301456, 22252.45797308162, 22427.291987696663, 22198.24999338016, 22391.08399953693, 22341.04200033471, 22066.750010708347, 21975.915995426476, 22098.41599687934, 22343.290998833254, 22205.041983397678, 22028.66700827144, 22320.166986901313, 21897.70800760016, 21941.74999021925, 22146.167000755668, 22454.29198956117, 21988.124994095415, 22759.292012779042, 21705.708000808954]}
