{"engine":"postgres17","workload":"insert_throughput_10k","n_rows":10000,"samples":8,"median_us":52009.855,"min_us":47471.208,"iterations_us":[57156.00002440624, 54190.00002439134, 49336.9169998914, 54799.625009763986, 49595.66600155085, 49829.70899436623, 55560.5829868, 47471.20800311677]}
