{"engine":"clickhouse","workload":"insert_throughput_10k","n_rows":10000,"samples":8,"median_us":62827.250,"min_us":55196.333007188514,"iterations_us":[58070.50000294112, 60728.75001700595, 68939.37499262393, 55196.333007188514, 67361.91600793973, 68211.04098344222, 63348.00002514385, 62306.499981787056]}
