{"engine":"sqlite3","workload":"insert_throughput_10k","n_rows":10000,"samples":32,"median_us":22454.105,"min_us":20523.417,"iterations_us":[24860.542005626485, 25127.0410080906, 23141.917015891522, 23908.37500570342, 22359.249996952713, 23547.375021735206, 22045.500023523346, 22426.290990551934, 21989.20797673054, 22463.29199988395, 22535.999974934384, 21396.541997091845, 27618.791005806997, 27457.583986688405, 25110.416987445205, 23578.416992677376, 23745.958984363824, 24380.166025366634, 22996.832994977012, 22223.542007850483, 22174.541983986273, 23198.45897727646, 22444.917005486786, 24132.124992320314, 21979.250013828278, 21177.83299763687, 21678.41701884754, 20523.416984360665, 20835.083007114008, 21406.207990366966, 21371.12501077354, 20946.2080092635]}
