{"engine":"postgres17","workload":"insert_throughput_10k","n_rows":10000,"samples":32,"median_us":51035.666,"min_us":45625.875,"iterations_us":[64915.916009340435, 54264.41598683596, 64782.54101239145, 56096.707994583994, 51374.79194672778, 51740.04199216142, 49126.54199870303, 50964.082998689264, 50480.499980039895, 46729.416004382074, 46356.37503815815, 45625.87500549853, 53210.292011499405, 55605.458037462085, 51050.50001293421, 51629.24999604002, 48043.833987321705, 50641.49998361245, 55913.00001833588, 51144.91702988744, 53939.58301283419, 48161.541984882206, 46307.49998614192, 52372.37497931346, 46848.875004798174, 50132.83295556903, 47970.166022423655, 51210.58301301673, 56534.24997581169, 50848.541024606675, 50280.16702271998, 51020.832965150476]}
