{"engine":"sqlite3","workload":"insert_throughput_10k","n_rows":10000,"samples":32,"median_us":19085.541,"min_us":18503.958,"iterations_us":[23277.666012290865, 20648.95798685029, 20099.874993320554, 20705.792005173862, 19916.624994948506, 21103.000035509467, 19759.833987336606, 20229.20799208805, 20515.95802186057, 18854.37499731779, 19000.875006895512, 18971.87501890585, 19133.833004161716, 18948.958022519946, 19228.374992962927, 18646.91701484844, 19224.165997002274, 19354.916992597282, 19223.95802102983, 19190.749968402088, 18846.12499270588, 18629.91595407948, 18882.917007431388, 19156.04097303003, 18692.333018407226, 18860.9579927288, 19037.249963730574, 18857.70895751193, 18848.582985810935, 18725.542002357543, 18964.792019687593, 18503.95801011473]}
