{"engine":"duckdb","workload":"insert_throughput_10k","n_rows":10000,"samples":32,"median_us":62055.542,"min_us":60369.542,"iterations_us":[70005.9589871671, 65556.29102513194, 62630.58300828561, 64544.0419903025, 61989.95900922455, 61959.45799117908, 62843.87499908917, 63142.16699684039, 62997.834000270814, 63196.58301072195, 63364.83400082216, 63850.08301003836, 65287.375007756054, 62731.87499027699, 60664.37499248423, 61565.165990032256, 62004.667008295655, 60698.832996422425, 61614.374979399145, 61892.708006780595, 62106.4160077367, 61620.79199566506, 61134.83401713893, 60660.62499303371, 61594.917002366856, 60369.54201408662, 60926.83400493115, 61123.83300205693, 65798.79199853167, 62548.833986511454, 68039.62498088367, 62002.91699497029]}
