{"engine":"duckdb","workload":"insert_throughput_10k","n_rows":10000,"samples":4,"median_us":67026.020,"min_us":65308.458,"iterations_us":[75668.99998346344, 66938.24997637421, 65308.457997161895, 67113.79095213488]}
