{"engine":"ultrasql","iterations_us":[3408.333,3411.417,3431.458,3440.625,3455.709,3460.541,3466.583,3467.334,3471.4590000000003,3483.2079999999996,3493.917,3510.5829999999996,3510.9579999999996,3518.5,3530.333,3537.625,3544.166,3555.625,3561.417,3568.792,3599.291,3613.041,3614.459,3614.542,3629.167,3752.625,3765.208,3778.208,3793.7090000000003,3795.709,3843.917,3877.709],"median_us":3544.166,"min_us":3408.333,"n_rows":10000,"samples":32,"workload":"insert_throughput_10k"}
