{"engine":"postgres17","workload":"insert_throughput_10k","n_rows":10000,"samples":8,"median_us":49752.896,"min_us":43293.959,"iterations_us":[60787.79099334497, 51030.791000812314, 49993.49999707192, 49512.29201105889, 45528.87499448843, 47947.62500387151, 43293.958995491266, 52999.209001427516]}
