{"engine":"duckdb","workload":"insert_throughput_10k","n_rows":10000,"samples":8,"median_us":65175.209,"min_us":63490.375,"iterations_us":[73444.54100530129, 66192.33300443739, 63490.37500331178, 63597.62499050703, 66865.62499089632, 64158.0840019742, 66275.33400023822, 63650.04200779367]}
