{"engine":"clickhouse","workload":"insert_throughput_10k","n_rows":10000,"samples":32,"median_us":37678.813,"min_us":5889.165971893817,"iterations_us":[6859.834014903754, 65265.29201073572, 65364.74998574704, 73745.50000531599, 8202.375029213727, 8482.332981657237, 79807.58300982416, 63489.29204978049, 77444.49999881908, 10453.374998178333, 72518.16702773795, 8685.62504183501, 72069.83299693093, 9863.666957244277, 67121.9159848988, 70938.58299776912, 7707.457989454269, 6609.540956560522, 5889.165971893817, 72652.04202849418, 10020.125017035753, 8090.500021353364, 80838.62497005612, 10952.625016216189, 68127.2919755429, 11868.333967868239, 10659.83297303319, 66710.87502036244, 72660.41694674641, 64963.37498538196, 10277.041990775615, 9406.833036337048]}
