{"engine":"duckdb","workload":"insert_throughput_10k","n_rows":10000,"samples":8,"median_us":65692.895,"min_us":64849.584,"iterations_us":[74393.20799312554, 67073.8749904558, 65407.542017055675, 65572.624997003, 64849.58401415497, 65813.16600204445, 67752.2920013871, 65447.16699863784]}
