{"engine":"duckdb","workload":"insert_throughput_10k","n_rows":10000,"samples":8,"median_us":64198.083,"min_us":62437.959,"iterations_us":[64877.08300119266, 62918.62500074785, 64576.54199039098, 65089.95899639558, 63770.9580041701, 64735.91600661166, 62437.9590008175, 63819.625007454306]}
