{"engine":"sqlite3","workload":"insert_throughput_10k","n_rows":10000,"samples":8,"median_us":22153.542,"min_us":19937.833,"iterations_us":[22722.542053088546, 22099.708032328635, 25018.208019901067, 22668.250021524727, 21229.95804529637, 22207.37503375858, 21653.750038240105, 19937.83301440999]}
