{"engine":"clickhouse","workload":"insert_throughput_10k","n_rows":10000,"samples":8,"median_us":2677.354,"min_us":2310.3329876903445,"iterations_us":[87110.04100041464, 2624.874992761761, 63520.12499701232, 2729.833999183029, 2537.666994612664, 2522.583003155887, 2310.3329876903445, 63302.16600326821]}
