{"engine":"sqlite3","workload":"insert_throughput_10k","n_rows":10000,"samples":8,"median_us":21262.000,"min_us":20072.125,"iterations_us":[23168.709012679756, 21640.45799872838, 20537.41700365208, 20883.541990770027, 22628.791979514062, 20072.124985745177, 28749.83398942277, 20453.250006539747]}
