{"engine":"sqlite3","workload":"insert_throughput_10k","n_rows":10000,"samples":8,"median_us":19817.250,"min_us":19305.792,"iterations_us":[20977.000007405877, 19722.375000128523, 19305.79199688509, 20060.333015862852, 19472.625019261613, 19681.583013152704, 19958.58398731798, 19912.124989787117]}
