{"engine":"duckdb","workload":"insert_throughput_10k","n_rows":10000,"samples":32,"median_us":60304.333,"min_us":59219.208,"iterations_us":[67071.16699544713, 60680.58300297707, 59586.6660005413, 61585.37499140948, 59687.208995455876, 60110.08299537934, 60500.541992951185, 61027.458985336125, 75374.66700887308, 62094.33398908004, 61080.7909979485, 59983.75001945533, 59219.20799301006, 61144.37500946224, 59710.2920000907, 62704.58397921175, 61751.25000299886, 60680.08398870006, 60093.45801430754, 60097.79201122001, 60102.95799933374, 60224.04198301956, 59755.624999525025, 60194.58398805, 60354.29201438092, 60157.29100909084, 60338.66698271595, 60219.62498198263, 60267.16600172222, 60270.00001631677, 65416.541998274624, 66825.37499000318]}
