{"engine":"sqlite3","workload":"insert_throughput_10k","n_rows":10000,"samples":32,"median_us":19642.104,"min_us":19282.875,"iterations_us":[22745.792055502534, 19550.666911527514, 20591.08403045684, 19282.87500049919, 19328.332971781492, 19557.166029699147, 19336.082972586155, 19427.916035056114, 19406.20900131762, 19622.66699410975, 19451.45905483514, 19593.624980188906, 21408.541942946613, 19335.375051014125, 20065.999939106405, 20562.457968480885, 20083.665964193642, 19599.915947765112, 19489.87494688481, 19627.958070486784, 20330.208004452288, 20309.20796096325, 19906.041910871863, 21193.417022004724, 20302.708027884364, 21576.749975793064, 20541.95897653699, 20628.62494494766, 20640.708040446043, 19656.250020489097, 19627.375062555075, 19476.457964628935]}
