{"engine":"clickhouse","workload":"insert_throughput_10k","n_rows":10000,"samples":32,"median_us":7282.104,"min_us":4204.4579749926925,"iterations_us":[79984.12498272955, 66505.49999903888, 57785.25001369417, 55584.333022125065, 4204.4579749926925, 4764.709039591253, 4711.082903668284, 59327.87503115833, 63939.87499177456, 68030.54106421769, 60161.041910760105, 7201.916072517633, 6924.792076461017, 7320.1669147238135, 68801.91597156227, 67626.04101095349, 6633.916054852307, 7008.832995779812, 8055.08391931653, 4913.790966384113, 4420.6250458955765, 68818.91703233123, 7244.042004458606, 7012.499962002039, 65409.166971221566, 63878.29210143536, 57675.24999100715, 7023.416110314429, 6947.332993149757, 7162.291090935469, 6695.540971122682, 6074.917037039995]}
