{"engine":"postgres17","workload":"insert_throughput_10k","n_rows":10000,"samples":32,"median_us":46650.813,"min_us":42142.917,"iterations_us":[62048.29103080556, 48853.332991711795, 45871.95796193555, 45522.29098044336, 49916.49999283254, 42573.91701685265, 44856.70797294006, 48037.00000047684, 46323.91600171104, 49520.00000048429, 44995.290983933955, 50836.084003094584, 46442.08401441574, 48908.333003055304, 44758.37497739121, 45953.45800044015, 46365.16701430082, 46859.542024321854, 52841.58303402364, 49569.33303037658, 47600.29196040705, 47773.29199714586, 49371.70899938792, 45351.87501460314, 46117.624966427684, 46214.12500273436, 48394.9159970507, 46047.332987654954, 47126.58404605463, 42142.916994635016, 44507.334008812904, 48299.99996582046]}
