{"engine":"sqlite3","workload":"insert_throughput_10k","n_rows":10000,"samples":8,"median_us":19774.688,"min_us":19256.625,"iterations_us":[22288.250009296462, 19873.833982273936, 19756.24999613501, 19793.12501498498, 19880.332984030247, 19396.0829928983, 19522.16701465659, 19256.62500434555]}
