{"engine":"postgres17","workload":"insert_throughput_10k","n_rows":10000,"samples":32,"median_us":44590.521,"min_us":40319.542,"iterations_us":[51837.66700793058, 46340.29197040945, 46151.75002254546, 45707.37504400313, 45676.54198035598, 47792.66705736518, 47469.958080910146, 47967.332997359335, 47316.29206798971, 47807.7499428764, 45986.99999041855, 45303.66696417332, 45325.125101953745, 42727.70893294364, 48068.83295532316, 47340.54091386497, 46886.20800152421, 43318.9170435071, 43671.749997884035, 43016.041978262365, 43365.66606070846, 41985.20793579519, 43721.75002936274, 40319.541934877634, 42758.87506082654, 43877.37496290356, 42194.874957203865, 42009.665980003774, 41570.41595317423, 43188.625015318394, 43066.709069535136, 42501.833057031035]}
