{"engine":"duckdb","workload":"insert_throughput_10k","n_rows":10000,"samples":32,"median_us":66132.854,"min_us":64646.750,"iterations_us":[73262.99999840558, 65753.25003359467, 65510.24992950261, 64646.749990060925, 65097.542013973, 66311.66697479784, 66728.37492078543, 67489.50004111975, 67639.583023265, 66408.58296304941, 67316.54098257422, 66577.99996901304, 66567.25006178021, 67516.29197970033, 65795.12497410178, 65742.83295776695, 66091.70802403241, 65745.00002898276, 65890.20905084908, 66773.5420865938, 66279.58302851766, 66082.20795169473, 66174.0000359714, 66659.33295153081, 66212.41697575897, 66063.91700915992, 68387.7500705421, 66076.4160566032, 66053.37490327656, 66006.00003730506, 65565.7920287922, 64769.37502156943]}
