{"engine":"duckdb","workload":"insert_throughput_10k","n_rows":10000,"samples":8,"median_us":63175.875,"min_us":62345.083,"iterations_us":[75099.04200560413, 64134.999993257225, 62776.415987173095, 63446.708023548126, 63033.874990651384, 63205.208018189296, 62345.08301713504, 63146.54101151973]}
