{"engine":"duckdb","workload":"insert_throughput_10k","n_rows":10000,"samples":32,"median_us":73654.271,"min_us":69577.291,"iterations_us":[147140.12501644902, 153551.62500054576, 160920.83300463855, 148052.5409861002, 154081.75002085045, 169489.62499736808, 161843.3750118129, 181587.25000103004, 128800.6660179235, 105351.66700719856, 99997.24998488091, 92470.1250041835, 87993.41699341312, 80462.87499018945, 76384.62501927279, 73404.08299933188, 73904.45898636244, 72641.75001182593, 69799.54201960936, 70743.37499216199, 71153.29199586995, 70980.24999140762, 70399.99999688007, 69577.29099667631, 71857.04199946485, 71025.79201455228, 73309.083993081, 71544.37500867061, 71802.95797297731, 72395.75000130571, 70382.9159901943, 69641.41700882465]}
