{"engine":"ultrasql","iterations_us":[4598.8330000000005,4607.875,4740.0,4865.625,4910.708,4923.583,4944.292,5036.792],"median_us":4910.708,"min_us":4598.8330000000005,"n_rows":10000,"samples":8,"workload":"insert_throughput_10k"}