{"engine":"ultrasql","iterations_us":[3952.375,3969.5420000000004,4054.375,4066.917,4068.208,4073.292,4083.5410000000006,4094.25,4124.875,4140.209,4165.416,4184.292,4188.542,4247.084,4352.125,4435.8330000000005,4446.9169999999995,4455.125,4472.625,4526.875,4528.958,4581.7080000000005,4637.5,4789.167,4813.5419999999995,4830.958,4854.667,5068.25,5083.834,5206.084,6554.0,31233.041],"median_us":4446.9169999999995,"min_us":3952.375,"n_rows":10000,"samples":32,"workload":"insert_throughput_10k"}
