{"engine":"postgres17","workload":"insert_throughput_10k","n_rows":10000,"samples":8,"median_us":49200.292,"min_us":46277.291,"iterations_us":[64286.83298872784, 58404.04098853469, 47721.87495836988, 46771.666035056114, 50660.54099006578, 48630.66703546792, 46277.29102503508, 49769.91703733802]}
