{"engine":"sqlite3","workload":"insert_throughput_10k","n_rows":10000,"samples":8,"median_us":20291.583,"min_us":19805.917,"iterations_us":[19988.6669870466, 20203.91699625179, 20489.249989623204, 19805.91702158563, 20646.874996600673, 20675.000007031485, 20216.000004438683, 20367.166987853125]}
