{"engine":"clickhouse","workload":"insert_throughput_10k","n_rows":10000,"samples":32,"median_us":59840.375,"min_us":5865.624989382923,"iterations_us":[62477.750005200505, 7127.9999683611095, 5865.624989382923, 57203.00000393763, 7667.0420239679515, 8941.749983932823, 66323.20798235014, 71211.87500888482, 64414.29100232199, 7762.417022604495, 8932.33297392726, 65219.12495372817, 70883.95801838487, 8546.292025130242, 64049.33298472315, 68917.62500163168, 64833.83395243436, 9937.62502912432, 75413.33301924169, 68213.66597432643, 64835.58303443715, 9793.917008209974, 72323.70798010379, 68198.20799864829, 8687.87500075996, 8763.583027757704, 8528.79200829193, 6751.667009666562, 6525.082979351282, 64560.45899540186, 8888.292009942234, 74656.8749891594]}
