{"engine":"clickhouse","workload":"insert_throughput_10k","n_rows":10000,"samples":32,"median_us":57107.896,"min_us":4182.458040304482,"iterations_us":[113280.62508255243, 13268.749928101897, 58032.99997933209, 58044.33301091194, 56182.79206100851, 61729.16595824063, 6592.207937501371, 61391.37491118163, 63699.33404494077, 64083.95792823285, 7398.417103104293, 8528.54095865041, 4325.999994762242, 71736.00001260638, 9817.58302077651, 9950.958890840411, 66848.12507592142, 68046.91697470844, 9895.458002574742, 65547.00003471226, 10092.125041410327, 6751.833949238062, 4182.458040304482, 67811.08397990465, 7438.374916091561, 69262.37500738353, 73683.66699665785, 9956.875001080334, 60198.333114385605, 60283.083003014326, 9858.374949544668, 10140.624945051968]}
