{"engine":"postgres17","workload":"insert_throughput_10k","n_rows":10000,"samples":8,"median_us":47122.458,"min_us":43900.500,"iterations_us":[54743.99999366142, 53966.25000867061, 45266.333007020876, 44959.70800053328, 49434.290995122865, 48145.41598898359, 46099.500003037974, 43900.499993469566]}
