{"engine":"ultrasql","iterations_us":[2910.4170000000004,2912.125,2925.458,2940.2920000000004,2945.208,2961.125,3010.667,3018.916,3028.167,3031.5,3042.916,3061.667,3073.75,3081.458,3108.208,3110.666,3119.9159999999997,3130.375,3131.5,3142.708,3151.792,3179.917,3182.5,3195.959,3227.333,3262.375,3358.583,3392.875,3397.042,3466.5,3589.583,3685.25],"median_us":3119.9159999999997,"min_us":2910.4170000000004,"n_rows":10000,"samples":32,"workload":"insert_throughput_10k"}
