{"engine":"duckdb","workload":"insert_throughput_10k","n_rows":10000,"samples":8,"median_us":68465.312,"min_us":67008.000,"iterations_us":[76168.95902901888, 67806.41700606793, 67007.99998361617, 67742.16698249802, 73391.12501358613, 69124.20794833452, 69646.20802318677, 67174.16702304035]}
