{"engine":"clickhouse","workload":"insert_throughput_10k","n_rows":10000,"samples":8,"median_us":58769.291,"min_us":2906.875015469268,"iterations_us":[59072.37497740425, 58466.20799275115, 2906.875015469268, 63747.79200996272, 3546.665975591168, 71243.08400670998, 66699.33398370631, 3784.5830083824694]}
