{"engine":"ultrasql","iterations_us":[4028.9999999999995,4206.459,4529.125,4670.5419999999995],"median_us":4529.125,"min_us":4028.9999999999995,"n_rows":10000,"samples":4,"workload":"insert_throughput_10k"}
