{"engine":"ultrasql","iterations_us":[4239.0830000000005,4253.709,4551.959000000001,4802.0,4863.25,5040.334,5113.7919999999995,5946.458],"median_us":4863.25,"min_us":4239.0830000000005,"n_rows":10000,"samples":8,"workload":"insert_throughput_10k"}