{"engine":"ultrasql","iterations_us":[3354.8340000000003,3552.2090000000003,3595.709,3625.0,3853.208,4060.459,4062.7909999999997,4140.75],"median_us":3853.208,"min_us":3354.8340000000003,"n_rows":10000,"samples":8,"workload":"insert_throughput_10k"}