{"engine":"ultrasql","iterations_us":[4121.625,4167.0830000000005,4301.667,4323.917,4415.0830000000005,4808.665999999999,5031.458,5202.5830000000005],"median_us":4415.0830000000005,"min_us":4121.625,"n_rows":10000,"samples":8,"workload":"insert_throughput_10k"}