{"engine":"postgres17","workload":"insert_throughput_10k","n_rows":10000,"samples":32,"median_us":56839.855,"min_us":50982.250,"iterations_us":[63733.91707893461, 53805.624949745834, 51961.20799519122, 53231.584024615586, 59460.29198821634, 58772.91690558195, 56388.58303427696, 56725.16592312604, 56411.625002510846, 60221.58404812217, 60197.33299035579, 74651.08402539045, 63162.666046991944, 58145.62493469566, 58546.9170473516, 58637.91599404067, 56529.41600419581, 56949.20907262713, 53404.749953188, 50982.24990069866, 52195.95797825605, 54386.04194205254, 56730.49995675683, 59350.12502595782, 58011.2918978557, 55873.16700257361, 55193.95798910409, 58964.12499714643, 57460.083975456655, 54249.24998078495, 69433.6659507826, 54528.166889213026]}
