{"engine":"postgres17","workload":"insert_throughput_10k","n_rows":10000,"samples":8,"median_us":47419.271,"min_us":41979.333,"iterations_us":[55823.66697490215, 53728.83300879039, 45730.290992651135, 48530.375002883375, 47003.20801930502, 47835.33400041051, 41979.33297837153, 45714.79099104181]}
