{"engine":"ultrasql","iterations_us":[3149.625,3178.5,3188.417,3193.0,3210.792,3230.125,3237.75,3244.666,3256.625,3322.417,3343.958,3429.4579999999996,3474.9590000000003,3493.25,3579.0420000000004,6289.3330000000005],"median_us":3256.625,"min_us":3149.625,"n_rows":10000,"samples":16,"workload":"insert_throughput_10k"}