{"engine":"clickhouse","workload":"insert_throughput_10k","n_rows":10000,"samples":8,"median_us":2835.022,"min_us":2207.0420091040432,"iterations_us":[6604.041991522536, 2566.7079898994416, 3068.3340155519545, 2207.0420091040432, 2449.999999953434, 62980.29198660515, 2601.7090131063014, 66078.87501013465]}
