{"engine":"sqlite3","workload":"insert_throughput_10k","n_rows":10000,"samples":8,"median_us":24864.834,"min_us":22905.375,"iterations_us":[24639.292038045824, 27151.499991305172, 26153.957995120436, 25634.291989263147, 23404.959007166326, 23785.458004567772, 25090.37498384714, 22905.37505177781]}
