{"engine":"duckdb","workload":"insert_throughput_10k","n_rows":10000,"samples":8,"median_us":65522.292,"min_us":64771.584,"iterations_us":[73981.25002509914, 65478.584001539275, 65695.37500035949, 65566.00000476465, 64771.5840023011, 65155.16698709689, 65739.7500181105, 65277.74999267422]}
