{"engine":"duckdb","workload":"insert_throughput_10k","n_rows":10000,"samples":8,"median_us":64669.729,"min_us":64130.750,"iterations_us":[75112.2499932535, 64661.24998405576, 64593.79100124352, 64130.74998999946, 65750.7499854546, 64678.208000259474, 64800.70800171234, 64610.04199809395]}
