{"engine":"duckdb","workload":"insert_throughput_10k","n_rows":10000,"samples":8,"median_us":62436.416,"min_us":61369.750,"iterations_us":[66762.4999769032, 61384.16699832305, 62135.45799255371, 62497.58298508823, 61369.750008452684, 62375.24998141453, 64492.2080100514, 64213.33400066942]}
