{"engine":"sqlite3","workload":"insert_throughput_10k","n_rows":10000,"samples":8,"median_us":20104.083,"min_us":19377.583,"iterations_us":[22175.584017531946, 20679.83301822096, 20164.874993497506, 19687.33299872838, 19377.582997549325, 20043.291995534673, 20396.500010974705, 19521.250011166558]}
