{"engine":"clickhouse","workload":"insert_throughput_10k","n_rows":10000,"samples":8,"median_us":36951.729,"min_us":3526.667016558349,"iterations_us":[8968.832960817963, 3931.2499575316906, 3526.667016558349, 64934.62499929592, 69208.12500175089, 8677.832956891507, 70695.79203380272, 68284.37495278195]}
