{"engine":"sqlite3","workload":"insert_throughput_10k","n_rows":10000,"samples":32,"median_us":19049.646,"min_us":18623.458,"iterations_us":[24713.208025787026, 20138.66597553715, 20105.541974771768, 19445.416983217, 19235.20804848522, 19033.87502534315, 19427.499966695905, 18832.37500442192, 19108.250038698316, 18623.457988724113, 19361.125014256686, 19104.29197596386, 19359.1249990277, 19333.874981384724, 18952.37498683855, 18837.207986507565, 19036.750018130988, 19364.37503900379, 19062.541017774493, 18920.58301018551, 19123.5410165973, 19095.666997600347, 18848.12500793487, 18730.040988884866, 18647.083023097366, 19070.91704197228, 18766.457971651107, 18781.459017191082, 18796.084041241556, 18932.16697499156, 18688.291020225734, 18930.874997749925]}
