{"engine":"postgres17","workload":"insert_throughput_10k","n_rows":10000,"samples":4,"median_us":55078.104,"min_us":51348.208,"iterations_us":[69532.74999978021, 55518.042005132884, 54638.16598057747, 51348.207984119654]}
