{"engine":"duckdb","workload":"insert_throughput_10k","n_rows":10000,"samples":32,"median_us":64494.000,"min_us":63383.208,"iterations_us":[73082.66696054488, 63986.958004534245, 64374.37504064292, 66710.8339839615, 65121.87496991828, 64681.83302786201, 64070.04198990762, 64881.24997122213, 64314.749964978546, 64070.124994032085, 64460.7919966802, 64477.75004198775, 64667.167025618255, 63813.332992140204, 64414.75002793595, 64802.95903747901, 65183.083002921194, 64964.79199267924, 64449.042023625225, 64302.58299224079, 65294.04199682176, 64951.042004395276, 63383.208005689085, 65163.33302715793, 64951.58397592604, 64143.83300580084, 64164.666982833296, 64178.749977145344, 64108.667022082955, 64510.24999842048, 64644.375001080334, 65194.95899556205]}
