{"engine":"duckdb","workload":"insert_throughput_10k","n_rows":10000,"samples":8,"median_us":66019.249,"min_us":65515.167,"iterations_us":[76318.70798650198, 65964.66599148698, 66527.54099923186, 66471.62500303239, 65729.16702134535, 66073.83297523484, 65515.16702165827, 65836.75000001676]}
