{"engine":"sqlite3","workload":"insert_throughput_10k","n_rows":10000,"samples":8,"median_us":20226.438,"min_us":19632.833,"iterations_us":[22854.00000982918, 22542.083024745807, 20298.875024309382, 19942.50001735054, 20734.45901623927, 19711.166998604313, 20153.99999800138, 19632.832991192117]}
