{"engine":"postgres17","workload":"insert_throughput_10k","n_rows":10000,"samples":32,"median_us":53348.042,"min_us":45169.667,"iterations_us":[66965.62498109415, 63377.375015988946, 55900.49998136237, 56783.45897467807, 56994.62495977059, 55038.62502519041, 51748.87500470504, 52001.45801063627, 49302.95899976045, 51271.87503967434, 60644.667013548315, 58507.49998353422, 52713.58403842896, 52713.87501852587, 54307.499958667904, 49670.91599246487, 52839.749958366156, 45169.6669915691, 49556.08304589987, 48392.45800394565, 47268.87500146404, 51940.62500959262, 53970.37498187274, 53349.79196777567, 54124.5830245316, 59568.62500170246, 54961.125017143786, 54661.20800701901, 54053.66700142622, 48803.00001241267, 47172.209015116096, 53346.29199933261]}
