{"engine":"clickhouse","workload":"insert_throughput_10k","n_rows":10000,"samples":8,"median_us":61640.438,"min_us":2780.499984510243,"iterations_us":[61295.95800302923, 2780.499984510243, 64524.12498765625, 61984.91700342856, 63539.70800410025, 57165.79098952934, 5111.042002681643, 64549.50000625104]}
