{"engine":"postgres17","workload":"insert_throughput_10k","n_rows":10000,"samples":32,"median_us":49161.792,"min_us":43757.375,"iterations_us":[66086.95798786357, 63164.95899227448, 56777.12499164045, 48999.166989233345, 48126.75001448952, 52421.58399778418, 47842.04199677333, 49263.91702610999, 46566.91598938778, 52326.2920032721, 57956.04200102389, 69768.83401512168, 50981.87498515472, 49924.29100093432, 48954.625002807006, 49949.16700525209, 48883.75001610257, 51505.375013221055, 45667.66700008884, 48622.500005876645, 48787.37500985153, 46025.79100173898, 52019.75000090897, 49059.66701335274, 48769.50001926161, 50475.58399382979, 47271.9160025008, 50771.874986821786, 44427.999993786216, 43757.37500959076, 49288.04200608283, 48456.95800031535]}
