{"engine":"ultrasql","iterations_us":[3866.458,3885.042,3926.542,3941.875,3970.625,3980.292,3989.625,3995.2090000000003,4004.4579999999996,4011.833,4015.375,4020.625,4022.083,4026.75,4049.8749999999995,4081.2909999999997,4093.9590000000003,4104.75,4128.5,4140.709,4145.75,4298.041,4306.1669999999995,4323.375,4327.542,4346.417,4351.375,4387.5,5066.084,5938.125,8239.583999999999,12343.167000000001],"median_us":4093.9590000000003,"min_us":3866.458,"n_rows":10000,"samples":32,"workload":"insert_throughput_10k"}
