{"engine":"sqlite3","workload":"insert_throughput_10k","n_rows":10000,"samples":32,"median_us":26037.396,"min_us":20183.875,"iterations_us":[25136.24995481223, 25721.791898831725, 25013.58394511044, 25792.75006428361, 26547.041023150086, 26443.29098984599, 27497.62509483844, 26668.209000490606, 26884.583989158273, 26995.12499384582, 27675.87499693036, 27322.666021063924, 26822.666986845434, 27495.665941387415, 26959.459064528346, 25902.83309109509, 26378.249982371926, 26304.042083211243, 26512.957992963493, 26171.95900529623, 26190.874981693923, 24659.708025865257, 25423.04201051593, 25865.874951705337, 25108.2080649212, 20773.374941200018, 21123.70904069394, 21156.24991711229, 20673.166029155254, 20367.54204891622, 20183.874992653728, 20314.29100316018]}
