{"engine":"postgres17","workload":"insert_throughput_10k","n_rows":10000,"samples":32,"median_us":44029.646,"min_us":40152.875,"iterations_us":[53114.999900572, 47973.79206866026, 46665.29095266014, 47236.20798904449, 45727.58299764246, 47406.625002622604, 44220.50004359335, 45026.666950434446, 42518.91700550914, 45164.91596587002, 44821.37504965067, 41926.08396988362, 45116.12490750849, 40585.58400720358, 43400.916969403625, 43778.74999772757, 42210.540967062116, 43357.95808583498, 43986.1249178648, 42620.58390304446, 45230.50005082041, 40152.87500806153, 43004.37495112419, 43818.54191888124, 42221.957934089005, 45177.75005660951, 45235.91697216034, 43552.04198509455, 43110.24991329759, 45488.70795406401, 42976.75006091595, 44073.16609285772]}
