{"engine":"postgres17","workload":"insert_throughput_10k","n_rows":10000,"samples":8,"median_us":51116.646,"min_us":43879.833,"iterations_us":[58599.45801785216, 53690.50000444986, 53704.08299495466, 51524.75001523271, 49318.74998146668, 43879.833014216274, 50708.5410063155, 48129.16700029746]}
