{"engine":"ultrasql","iterations_us":[3877.125,3966.7920000000004,4095.9159999999997,4289.7919999999995,4352.25,4446.459,4506.042,4508.917],"median_us":4352.25,"min_us":3877.125,"n_rows":10000,"samples":8,"workload":"insert_throughput_10k"}