{"engine":"ultrasql","iterations_us":[3021.875,3039.792,3049.791,3084.7090000000003,3124.708,3165.3340000000003,3168.75,3189.416,3220.375,3244.3329999999996,3298.542,3307.459,3343.042,3347.0,3581.25,3613.083],"median_us":3220.375,"min_us":3021.875,"n_rows":10000,"samples":16,"workload":"insert_throughput_10k"}