{"engine":"ultrasql","iterations_us":[3058.5,3067.208,3069.167,3082.375,3084.584,3086.125,3092.667,3111.916,3133.75,3199.1670000000004,3241.6670000000004,3272.9170000000004,3355.792,3432.833,3637.459,3752.25],"median_us":3133.75,"min_us":3058.5,"n_rows":10000,"samples":16,"workload":"insert_throughput_10k"}