{"engine":"duckdb","workload":"insert_throughput_10k","n_rows":10000,"samples":32,"median_us":64015.125,"min_us":63132.416,"iterations_us":[71852.62499842793, 64696.500019636005, 63709.584006574005, 66115.37502612919, 64654.37501901761, 63526.1659626849, 64303.70797170326, 63639.83399933204, 63840.08296299726, 64420.83296133205, 63705.37501061335, 64402.41698874161, 63151.791982818395, 63919.66697992757, 64121.75000878051, 64242.33299912885, 63237.16597398743, 63708.75000720844, 63132.4159912765, 64043.37496496737, 64049.25003880635, 63986.87500040978, 64176.70799419284, 63844.04195705429, 63948.12499638647, 64159.040979575366, 63215.49997664988, 64080.87495947257, 63947.45799480006, 64726.000011432916, 63352.12499834597, 64915.54097738117]}
