{"engine":"ultrasql","iterations_us":[4396.2080000000005,4765.875,4813.5,4813.959,4988.25,5051.208,5509.958,5853.375],"median_us":4988.25,"min_us":4396.2080000000005,"n_rows":10000,"samples":8,"workload":"insert_throughput_10k"}