{"engine":"sqlite3","workload":"insert_throughput_10k","n_rows":10000,"samples":8,"median_us":21921.312,"min_us":21385.458,"iterations_us":[21927.41699400358, 26193.375000730157, 22574.999995413236, 21842.6659994293, 21974.542003590614, 21385.457992437296, 21915.20799533464, 21593.833997030742]}
