{"engine":"sqlite3","workload":"insert_throughput_10k","n_rows":10000,"samples":32,"median_us":19866.167,"min_us":19152.541,"iterations_us":[20412.91701607406, 19961.582962423563, 20394.082996062934, 20202.958956360817, 19870.250020176172, 19617.12504271418, 19777.791923843324, 19266.083021648228, 19480.95893021673, 19688.37494496256, 19152.540946379304, 20222.416962496936, 19780.750037170947, 19983.7910477072, 19829.500000923872, 19961.999962106347, 20016.042049974203, 19810.49997266382, 19848.95800705999, 19970.958004705608, 19687.54210975021, 19774.415995925665, 20235.875039361417, 20163.665991276503, 20032.33297728002, 19481.49991221726, 19862.083019688725, 19770.708051510155, 20201.790961436927, 20018.541952595115, 20233.415998518467, 19325.66601317376]}
