{"engine":"postgres17","workload":"insert_throughput_10k","n_rows":10000,"samples":32,"median_us":60205.958,"min_us":52019.958,"iterations_us":[192653.00000552088, 222641.0410075914, 402700.37500886247, 166515.0829940103, 256032.45900128968, 152430.00001646578, 471300.8339749649, 133450.33299992792, 79218.1669967249, 66246.12500309013, 67694.33297449723, 59145.45801351778, 59108.0830199644, 62700.50001330674, 59800.37499102764, 59641.416009981185, 56212.208000943065, 58201.12500805408, 60575.125011382625, 60597.750009037554, 57950.20898221992, 94516.62501669489, 66118.2909971103, 54272.54200913012, 53446.375008206815, 52019.958005985245, 52678.666019346565, 57228.08401333168, 53429.54199295491, 54664.58297451027, 53630.3749831859, 59836.791013367474]}
