{"engine":"ultrasql","iterations_us":[3058.5,3096.75,3118.5840000000003,3178.167,3231.0,3239.5420000000004,3258.458,3291.708,3304.834,3334.167,3375.625,3382.041,3439.75,3598.041,3650.5840000000003,3772.333],"median_us":3304.834,"min_us":3058.5,"n_rows":10000,"samples":16,"workload":"insert_throughput_10k"}