{"engine":"postgres17","workload":"insert_throughput_10k","n_rows":10000,"samples":8,"median_us":52348.667,"min_us":49830.459,"iterations_us":[64644.00002732873, 53048.79095638171, 53066.625026986, 50105.16702895984, 51989.083003718406, 49830.4590000771, 52708.250004798174, 50534.665992017835]}
