{"engine":"duckdb","workload":"insert_throughput_10k","n_rows":10000,"samples":32,"median_us":63021.812,"min_us":61507.875,"iterations_us":[70916.54202667996, 62004.708976019174, 62069.70801576972, 63848.00001978874, 63879.16696257889, 64188.99999698624, 63767.624960746616, 64474.582963157445, 64345.87499825284, 63844.165997579694, 63732.50001342967, 63731.417001690716, 63331.958022899926, 63594.541978091, 64285.20800545812, 62377.459020353854, 62101.125018671155, 62537.375022657216, 61629.12503350526, 63156.20901295915, 62064.70902543515, 61809.41697675735, 61507.87498336285, 61610.625009052455, 63014.08295985311, 62178.20796882734, 62072.95804051682, 62353.79201825708, 63029.54099373892, 62190.33297384158, 61796.70902201906, 63188.25000198558]}
