{"engine":"ultrasql","iterations_us":[3214.75,3224.208,3253.708,3296.7909999999997,3341.4579999999996,3401.917,3556.584,3891.375],"median_us":3341.4579999999996,"min_us":3214.75,"n_rows":10000,"samples":8,"workload":"insert_throughput_10k"}
