{"engine":"postgres17","workload":"insert_throughput_10k","n_rows":10000,"samples":32,"median_us":53944.667,"min_us":47157.167,"iterations_us":[69053.00001380965, 60208.25001178309, 73935.12499402277, 62686.37499306351, 57081.540988292545, 58841.457997914404, 57013.208977878094, 53901.08400024474, 52573.62499833107, 55745.040997862816, 54226.20798344724, 53674.208000302315, 64813.87501116842, 53988.250001566485, 53343.708015745506, 58242.83300898969, 55484.62501610629, 53113.500005565584, 55212.16700435616, 48584.6659867093, 50482.79100446962, 47157.16699138284, 53343.000006861985, 49483.95799146965, 52865.04200194031, 51116.45901342854, 55005.91700547375, 61965.29098087922, 51265.66701801494, 50253.7919965107, 49755.74999116361, 51822.50001234934]}
