{"engine":"clickhouse","workload":"insert_throughput_10k","n_rows":10000,"samples":8,"median_us":63034.249,"min_us":2489.04200270772,"iterations_us":[6329.625000944361, 2489.04200270772, 66188.33399261348, 64490.41599989869, 61578.082997584715, 3802.249993896112, 76091.66600741446, 65865.66602345556]}
