{"engine":"duckdb","workload":"insert_throughput_10k","n_rows":10000,"samples":32,"median_us":65395.646,"min_us":64314.208,"iterations_us":[67515.45798033476, 65191.66601356119, 64844.83298845589, 64314.2081098631, 65479.95808068663, 65616.5840337053, 65596.54092416167, 65926.16601847112, 65398.45792576671, 65945.08304260671, 65534.458961337805, 66040.33301118761, 65335.29201988131, 65392.70805660635, 66097.08408359438, 65179.332974366844, 64869.49999816716, 64797.99991939217, 65075.207967311144, 64741.41601938754, 65779.87503260374, 64712.584018707275, 64749.45892114192, 64767.0830367133, 64966.00003447384, 65392.833086661994, 64972.209045663476, 66537.45903167874, 69285.37494968623, 66835.124976933, 67150.6249345839, 70371.41697946936]}
