{"engine":"sqlite3","workload":"insert_throughput_10k","n_rows":10000,"samples":32,"median_us":20356.375,"min_us":19693.875,"iterations_us":[23687.37501092255, 20826.08302589506, 20256.999996490777, 20812.292001210153, 19822.50000583008, 19968.500011600554, 20207.250025123358, 20295.708964113146, 20086.20899869129, 20161.95800388232, 20765.08296886459, 20498.20899264887, 20355.625019874424, 20148.58298934996, 20439.9999929592, 20484.249980654567, 23835.8749775216, 22904.832963831723, 20411.958976183087, 20467.00002392754, 20256.16599712521, 20490.749971941113, 20244.958985131234, 19950.66599920392, 20613.041007891297, 19693.874986842275, 19992.874993477017, 19998.708041384816, 20429.458003491163, 20276.332972571254, 20357.125031296164, 20582.999975886196]}
