{"engine":"duckdb","workload":"insert_throughput_10k","n_rows":10000,"samples":32,"median_us":75492.104,"min_us":73413.417,"iterations_us":[84527.16597821563, 76078.50001659244, 76470.91697435826, 74786.08295787126, 75742.83389840275, 76278.45800016075, 74911.208008416, 74695.33302355558, 75157.08298888057, 75770.20803000778, 77107.4170479551, 73668.54103747755, 77085.83306521177, 76107.1250308305, 76128.50004807115, 74113.12509793788, 79630.66594675183, 75629.74991742522, 73788.41703757644, 76253.000064753, 75656.41589462757, 75354.45794928819, 74915.04098288715, 75936.16703525186, 74257.16693978757, 75820.3340228647, 74887.20794208348, 74944.33305691928, 75145.79105190933, 73413.41697610915, 73896.00004535168, 73986.79200559855]}
