{"engine":"ultrasql","iterations_us":[4040.958,4144.5830000000005,4215.25,4388.9580000000005,4484.0419999999995,4877.958,5087.417,5235.25],"median_us":4484.0419999999995,"min_us":4040.958,"n_rows":10000,"samples":8,"workload":"insert_throughput_10k"}