{"engine":"sqlite3","workload":"insert_throughput_10k","n_rows":10000,"samples":8,"median_us":19804.479,"min_us":19264.000,"iterations_us":[23354.040997219272, 19341.37499483768, 19378.415992832743, 19264.00000229478, 19937.124990974553, 19915.12499807868, 19693.83300456684, 19944.75000537932]}
