{"engine":"postgres17","workload":"insert_throughput_10k","n_rows":10000,"samples":32,"median_us":48052.375,"min_us":42337.417,"iterations_us":[72707.75001961738, 55681.12502805889, 42506.41603721306, 42337.41702046245, 46941.45900430158, 47632.957983296365, 45731.62499582395, 44900.332984980196, 51669.66700926423, 49598.833022173494, 48238.79199102521, 45642.125012818724, 45858.333993237466, 46936.12497067079, 46852.58294921368, 50232.62504255399, 48360.91696051881, 47865.95900077373, 46539.04202859849, 47358.58301864937, 46984.042041003704, 54889.374994672835, 51272.33301755041, 51589.91698408499, 50624.41702466458, 47118.33398323506, 45119.12498855963, 52797.00004030019, 49631.41697226092, 50451.37502020225, 51447.70903280005, 53677.583986427635]}
