{"engine":"clickhouse","workload":"mixed_oltp_pgbench_like","n_rows":10000,"samples":4,"median_us":27368.577,"min_us":20288.482500473037,"iterations_us":[38367.4119150133, 20288.482500473037, 26972.6716187073, 27764.481869424977]}
