{"engine":"ultrasql","iterations_us":[139.1629383523518,139.43234462567963,139.6121306350314,141.10347001552137,142.3068003983497,145.60349344978167,146.61069359331475,147.5561190616701,148.78036843670978,148.96806419422103,149.1720730797912,152.25417433008525,152.56549984746798,152.80441176470586,153.56771483415235,153.77619944640932,153.90003339489073,154.00757628945343,154.05667221195318,154.872683444324,155.6420687937743,155.84857285335826,156.62255439035846,156.674506501645,157.768082505127,158.43099778200252,158.92422020972356,159.09845713376808,160.49624919768937,161.76646586865093,163.8925694854146,169.37135190516508],"median_us":153.90003339489073,"min_us":139.1629383523518,"n_rows":10000,"samples":32,"workload":"mixed_oltp_pgbench_like"}
