{"engine":"ultrasql","iterations_us":[116.77101331153668,118.50726608221775,119.73552915120318,120.2533064807022,120.25930704496274,121.73941972002434,121.94525880775326,122.04809260614934,122.94709454143101,123.14256754094323,123.5819121354424,123.82783865775134,124.94831221889054,125.07972682926827,126.03657315689982,129.11795790832795],"median_us":122.94709454143101,"min_us":116.77101331153668,"n_rows":10000,"samples":16,"workload":"mixed_oltp_pgbench_like"}