{"engine":"ultrasql","iterations_us":[261.0312038632211,264.5609457671958,273.66371409028727,293.97258536585366,309.22372974644406,315.3156655107188,333.5837088058706,347.83815930434787],"median_us":309.22372974644406,"min_us":261.0312038632211,"n_rows":10000,"samples":8,"workload":"mixed_oltp_pgbench_like"}