{"engine":"postgres17","workload":"mixed_oltp_pgbench_like","n_rows":10000,"samples":32,"median_us":8620.690,"min_us":8547.009,"iterations_us":[8849.557522123894, 8771.929824561403, 8695.652173913044, 8928.57142857143, 8547.008547008547, 8620.689655172413, 8547.008547008547, 8620.689655172413, 8620.689655172413, 8547.008547008547, 8547.008547008547, 8547.008547008547, 8547.008547008547, 8620.689655172413, 8620.689655172413, 8547.008547008547, 8695.652173913044, 8695.652173913044, 8620.689655172413, 8547.008547008547, 8620.689655172413, 8620.689655172413, 8620.689655172413, 8620.689655172413, 8620.689655172413, 8620.689655172413, 8620.689655172413, 8547.008547008547, 8620.689655172413, 10752.68817204301, 9174.311926605504, 8620.689655172413]}
