{"engine":"sqlite3","workload":"mixed_oltp_pgbench_like","n_rows":10000,"samples":8,"median_us":387.123,"min_us":380.321,"iterations_us":[435.9951991279124, 380.3211647733185, 387.60532945387297, 387.81419573279544, 389.8141798387325, 385.70514423414494, 386.6413942327759, 382.44395686992453]}
