{"engine":"duckdb","workload":"mixed_oltp_pgbench_like","n_rows":10000,"samples":8,"median_us":1357.909,"min_us":1333.358,"iterations_us":[1348.4802213303435, 1334.7700559922184, 1333.3581666617345, 1379.5383333344944, 1369.515944000644, 1352.4536106657858, 1363.3645546700184, 1455.5859528523538]}
