{"engine":"postgres17","workload":"mixed_oltp_pgbench_like","n_rows":10000,"samples":32,"median_us":9174.312,"min_us":8849.558,"iterations_us":[8849.557522123894, 9009.009009009009, 9009.009009009009, 9708.73786407767, 9174.311926605504, 9009.009009009009, 9174.311926605504, 9523.809523809523, 9009.009009009009, 9090.90909090909, 8928.57142857143, 9009.009009009009, 9090.90909090909, 9009.009009009009, 9900.990099009901, 9523.809523809523, 9803.921568627451, 12987.012987012988, 9259.25925925926, 9345.794392523365, 9345.794392523365, 9090.90909090909, 10638.297872340425, 8928.57142857143, 9009.009009009009, 9615.384615384615, 9433.962264150943, 9259.25925925926, 9708.73786407767, 9803.921568627451, 9174.311926605504, 9009.009009009009]}
