{"engine":"duckdb","workload":"mixed_oltp_pgbench_like","n_rows":10000,"samples":8,"median_us":1281.044,"min_us":1266.509,"iterations_us":[1274.410886253463, 1288.4613537426048, 1304.1105724914814, 1268.8142187653284, 1269.592187491071, 1297.0458325071377, 1266.5091149938235, 1287.6768749993062]}
