{"engine":"ultrasql","iterations_us":[115.71309637857225,117.60100152869236,119.93318241784603,120.59808971421681,120.84715009063443,122.18130726939523,122.70746939025885,124.23175692460563],"median_us":120.84715009063443,"min_us":115.71309637857225,"n_rows":10000,"samples":8,"workload":"mixed_oltp_pgbench_like"}