{"engine":"ultrasql","iterations_us":[263.8108897388552,273.1646408085223,279.6856124161074,292.9435533099004,306.8117076687117,314.2280342444235,331.15275008275404,340.3700381082001],"median_us":306.8117076687117,"min_us":263.8108897388552,"n_rows":10000,"samples":8,"workload":"mixed_oltp_pgbench_like"}