{"engine":"duckdb","workload":"mixed_oltp_pgbench_like","n_rows":10000,"samples":32,"median_us":1238.570,"min_us":1215.542,"iterations_us":[1255.0067187839886, 1255.7263537746621, 1230.965244707049, 1215.5419612056849, 1232.8866670620355, 1254.3375525274314, 1225.144999950905, 1227.5515693952057, 1229.4304411967887, 1248.0602941393634, 1247.299461187247, 1229.4712753089912, 1250.1864062505774, 1234.0518129606019, 1233.7447552914348, 1242.4225482048796, 1268.5967187280767, 1232.5812752961235, 1239.4754906349322, 1273.3379174460424, 1248.9361270769116, 1227.9777941020095, 1235.6533823014402, 1269.8594262474217, 1246.4899999801728, 1235.9802941243877, 1237.6638234812108, 1250.223855022341, 1233.0222058602992, 1235.4111765264806, 1248.5358329928097, 1279.5105724944733]}
