{"engine":"clickhouse","workload":"mixed_oltp_pgbench_like","n_rows":10000,"samples":32,"median_us":26328.245,"min_us":10178.23324461157,"iterations_us":[12369.820107158055, 33772.16071489134, 28533.36309393247, 31238.218303769827, 15415.170507577177, 121476.72916762531, 23590.348491614513, 22218.625712350517, 10178.23324461157, 25338.97082612384, 51005.50215380887, 23849.563498515636, 71542.25256090285, 16654.13477688016, 25751.578390708793, 21010.521680582315, 16985.466796510173, 49819.15832031518, 35664.30083941668, 30114.862732315327, 19259.938678071605, 28083.136270603012, 17859.749999780466, 41620.19523126738, 47829.841216396846, 20156.788390915037, 51133.09585140087, 14139.698944579233, 26904.91176612091, 30340.002332296637, 33968.87500318425, 23006.12276719351]}
