{"engine":"ultrasql","iterations_us":[132.09195497160965,134.49938359112306,136.38885474631752,137.00897383203178,138.31785813053096,138.64471860271695,138.73332528783465,141.98974158739173],"median_us":138.31785813053096,"min_us":132.09195497160965,"n_rows":10000,"samples":8,"workload":"mixed_oltp_pgbench_like"}
