{"engine":"clickhouse","workload":"mixed_oltp_pgbench_like","n_rows":10000,"samples":8,"median_us":25748.001,"min_us":13612.500567310111,"iterations_us":[25117.86585375553, 31310.88095237612, 22119.080659591575, 36628.776282431434, 13612.500567310111, 31899.025242168907, 16312.95192324055, 26378.135593465955]}
