{"engine":"clickhouse","workload":"mixed_oltp_pgbench_like","n_rows":10000,"samples":32,"median_us":25377.989,"min_us":12511.48072478827,"iterations_us":[12511.48072478827, 15092.286074520158, 30952.105168364054, 31694.492760478803, 15963.754476979375, 26318.905709654486, 18401.800764893942, 23643.829102107025, 17098.3805146534, 27062.02631509912, 40331.93467310756, 24810.15576215993, 24430.072431208653, 17042.516949744422, 17971.3232771911, 23959.328381655116, 20880.763339810073, 43977.96832025051, 27773.425821214914, 39586.432617130304, 18653.613105665758, 38356.37796354214, 17937.45608925487, 17587.410305800327, 14340.978571479875, 26390.726975238835, 139962.59999694303, 29966.937863441595, 35625.818626060354, 25945.821875939146, 33003.485295921564, 33555.84374886738]}
