{"engine":"ultrasql","iterations_us":[130.845708998169,134.77127695417792,135.00161398299366,137.18695432725278,138.38852566763526,138.46998435769657,139.18586165622827,141.64945361846765],"median_us":138.38852566763526,"min_us":130.845708998169,"n_rows":10000,"samples":8,"workload":"mixed_oltp_pgbench_like"}
