{"engine":"ultrasql","iterations_us":[133.84949933083513,134.02952338201794,134.913665182787,139.87805944055944,140.1893689374825,142.78909066247857,143.95863322297396,146.3072482809071],"median_us":140.1893689374825,"min_us":133.84949933083513,"n_rows":10000,"samples":8,"workload":"mixed_oltp_pgbench_like"}
