{"engine":"duckdb","workload":"mixed_oltp_pgbench_like","n_rows":10000,"samples":8,"median_us":1252.958,"min_us":1246.272,"iterations_us":[1262.5568749717786, 1251.3026964905507, 1254.611458753061, 1246.2715682340786, 1248.086715281448, 1262.0994787357631, 1251.3035412484896, 1277.16426999541]}
