{"engine":"ultrasql","iterations_us":[149.08164406021763,150.72855433308214,150.89968693421847,153.67535335689047,154.2040806352143,162.43173071300959,166.77906034339057,166.82839165971643,171.64719224167524,171.6483039299811,172.28924095763003,172.30532098552723,172.41463362068964,180.74306559450667,190.63195635601298,191.3927831578947,192.62388443759633,194.89093745128605,200.08530912364947,206.30509137788778,207.56108236514524,211.0854260392488,212.90304087715566,214.58675872404194,216.65605371453327,216.97752656690523,218.54220388986016,231.5186826388889,247.29089419035844,256.6243264049269,295.27088826815645,327.9218970829236],"median_us":192.62388443759633,"min_us":149.08164406021763,"n_rows":10000,"samples":32,"workload":"mixed_oltp_pgbench_like"}
