{"engine":"sqlite3","workload":"mixed_oltp_pgbench_like","n_rows":10000,"samples":32,"median_us":351.764,"min_us":343.404,"iterations_us":[344.9216520550243, 356.5144801309253, 352.8837588022161, 369.64998492775896, 376.0130011390797, 385.38895845144555, 381.9546595398863, 375.2604790888518, 361.1333482093077, 381.3947757545534, 359.357961445182, 351.4921328686243, 343.9370291195937, 363.28040471256617, 344.8397413715078, 344.3323345878799, 346.2947127690282, 361.59168165461864, 344.4152397194507, 343.41081645585314, 348.1605614676179, 357.45761928930216, 343.59376437002027, 343.4039811621267, 349.16493055384814, 354.41340950340634, 350.1870339106234, 349.0169993003494, 352.0366405641621, 355.22541382964306, 343.74701746656524, 346.3711782663675]}
