{"engine":"sqlite3","workload":"mixed_oltp_pgbench_like","n_rows":10000,"samples":8,"median_us":354.268,"min_us":348.299,"iterations_us":[356.3976804940492, 357.8989435793898, 348.29852430549283, 348.65762430248043, 356.576876596759, 354.78726348506143, 353.74950140822864, 349.7926573475849]}
