{"engine":"sqlite3","workload":"mixed_oltp_pgbench_like","n_rows":10000,"samples":8,"median_us":367.782,"min_us":361.628,"iterations_us":[361.62781762482643, 380.78934659014607, 363.0940068841733, 371.6088118488659, 361.82434064848684, 374.4183302218001, 368.1075213267725, 367.4566299269183]}
