{"engine":"postgres17","workload":"mixed_oltp_pgbench_like","n_rows":10000,"samples":32,"median_us":12195.122,"min_us":11904.762,"iterations_us":[12048.192771084337, 12195.121951219513, 12048.192771084337, 12048.192771084337, 12345.67901234568, 12195.121951219513, 12195.121951219513, 11904.761904761905, 12195.121951219513, 11904.761904761905, 12195.121951219513, 12500.0, 11904.761904761905, 12195.121951219513, 12048.192771084337, 12048.192771084337, 12195.121951219513, 12048.192771084337, 12195.121951219513, 12195.121951219513, 12658.227848101265, 12048.192771084337, 12048.192771084337, 12195.121951219513, 12195.121951219513, 12345.67901234568, 12048.192771084337, 12048.192771084337, 12195.121951219513, 12195.121951219513, 12195.121951219513, 12048.192771084337]}
