{"engine":"ultrasql","iterations_us":[112.55257456387169,112.66604708798017,114.40220267642685,114.4706802105986,115.15474001151411,115.18595981114693,115.48516651270207,115.79912088930061,116.30482707291544,116.37176611589481,117.10141487119438,117.2420184056272,117.37302429577464,119.12670744490768,129.02163415892673,156.09163416536663],"median_us":116.30482707291544,"min_us":112.55257456387169,"n_rows":10000,"samples":16,"workload":"mixed_oltp_pgbench_like"}