{"engine":"postgres17","workload":"mixed_oltp_pgbench_like","n_rows":10000,"samples":32,"median_us":10638.298,"min_us":10309.278,"iterations_us":[10638.297872340425, 11627.906976744185, 10309.278350515464, 10416.666666666666, 10526.315789473685, 11494.252873563219, 10416.666666666666, 10309.278350515464, 10869.565217391304, 12345.67901234568, 10416.666666666666, 10638.297872340425, 11235.955056179775, 11111.111111111111, 11494.252873563219, 10869.565217391304, 11627.906976744185, 10989.010989010989, 10526.315789473685, 10526.315789473685, 11363.636363636364, 10752.68817204301, 10526.315789473685, 10526.315789473685, 11764.70588235294, 10526.315789473685, 10526.315789473685, 10638.297872340425, 11627.906976744185, 10638.297872340425, 10638.297872340425, 10989.010989010989]}
