{"engine":"ultrasql","iterations_us":[114.98704207863875,116.58439228258337,122.4937683733464,126.63050772347431],"median_us":122.4937683733464,"min_us":114.98704207863875,"n_rows":10000,"samples":4,"workload":"mixed_oltp_pgbench_like"}
