{"engine":"duckdb","workload":"mixed_oltp_pgbench_like","n_rows":10000,"samples":4,"median_us":1246.888,"min_us":1238.465,"iterations_us":[1260.286874967278, 1245.7384317017654, 1248.0372058309833, 1238.464509438285]}
