{"engine":"postgres17","workload":"mixed_oltp_pgbench_like","n_rows":10000,"samples":8,"median_us":10638.298,"min_us":10416.667,"iterations_us":[10638.297872340425, 10416.666666666666, 10416.666666666666, 10752.68817204301, 10526.315789473685, 10638.297872340425, 10869.565217391304, 10752.68817204301]}
