{"engine":"ultrasql","iterations_us":[113.42010660013608,115.36290702503173,118.51816459296126,119.60963470046636,119.71083720373473,120.02567106684266,120.8805602562553,120.94939320270925],"median_us":119.71083720373473,"min_us":113.42010660013608,"n_rows":10000,"samples":8,"workload":"mixed_oltp_pgbench_like"}