{"engine":"clickhouse","workload":"mixed_oltp_pgbench_like","n_rows":10000,"samples":4,"median_us":24995.477,"min_us":13388.981907873562,"iterations_us":[13388.981907873562, 19405.568115941536, 44698.29166745989, 30585.384955528476]}
