{"engine":"duckdb","workload":"mixed_oltp_pgbench_like","n_rows":10000,"samples":8,"median_us":1298.312,"min_us":1291.478,"iterations_us":[1312.6422925051884, 1298.4014062749338, 1292.158437499893, 1291.4780737628462, 1297.6120837629423, 1303.3408850242267, 1298.2234375158441, 1304.852343746461]}
