{"engine":"ultrasql","iterations_us":[133.8150755953974,140.0850609329038,140.4323377790257,140.76994496833217,143.25357858574293,143.3112316287065,145.3013220979224,148.6992454653583],"median_us":143.25357858574293,"min_us":133.8150755953974,"n_rows":10000,"samples":8,"workload":"mixed_oltp_pgbench_like"}
