{"engine":"duckdb","workload":"mixed_oltp_pgbench_like","n_rows":10000,"samples":32,"median_us":1285.120,"min_us":1269.604,"iterations_us":[1303.019687475171, 1313.8860937033314, 1286.6557811503299, 1279.9225513299461, 1279.160676203901, 1308.3322925376706, 1305.3661986486986, 1362.8372225599985, 1283.745520049706, 1295.245677465573, 1285.06989494781, 1329.442031274084, 1283.24281249661, 1285.1694799610414, 1285.4075524955988, 1302.7100000181235, 1278.688489983324, 1284.2627600184642, 1286.5897387382574, 1284.261302498635, 1269.6043749747332, 1274.5302087569144, 1282.966978760669, 1287.2047926066443, 1283.3058337855618, 1283.1361462303903, 1304.056093795225, 1289.729322452331, 1278.3541675889865, 1279.1834374365862, 1273.239947622642, 1286.429739993764]}
