{"engine":"postgres17","workload":"mixed_oltp_pgbench_like","n_rows":10000,"samples":32,"median_us":11235.955,"min_us":10989.011,"iterations_us":[11363.636363636364, 11494.252873563219, 11363.636363636364, 11235.955056179775, 11235.955056179775, 11235.955056179775, 11235.955056179775, 11235.955056179775, 11235.955056179775, 11363.636363636364, 11235.955056179775, 11111.111111111111, 11363.636363636364, 11494.252873563219, 10989.010989010989, 11494.252873563219, 11627.906976744185, 11494.252873563219, 11764.70588235294, 11111.111111111111, 11235.955056179775, 11235.955056179775, 11235.955056179775, 11363.636363636364, 11494.252873563219, 11111.111111111111, 11235.955056179775, 11363.636363636364, 10989.010989010989, 11363.636363636364, 11111.111111111111, 11111.111111111111]}
