{"engine":"ultrasql","iterations_us":[227.84358382687927,240.19073637454986,248.81061343283585,263.3516324381253,279.37444134078214,285.64832676378177,302.114038961039,311.4206622042342],"median_us":279.37444134078214,"min_us":227.84358382687927,"n_rows":10000,"samples":8,"workload":"mixed_oltp_pgbench_like"}