{"engine":"ultrasql","iterations_us":[119.78700035932447,122.52399840725312,122.6854043179588,124.04304117574105,124.9499728885557,125.13318851638728,125.51444146066005,126.18952681388011,126.79361034351628,127.18750794862012,127.18930433676715,127.40938871193784,128.23584215925118,128.82844905320107,130.05406918075423,147.1261708106518],"median_us":126.79361034351628,"min_us":119.78700035932447,"n_rows":10000,"samples":16,"workload":"mixed_oltp_pgbench_like"}