{"engine":"sqlite3","workload":"mixed_oltp_pgbench_like","n_rows":10000,"samples":8,"median_us":353.211,"min_us":348.535,"iterations_us":[358.11657713825946, 352.08997692566015, 354.3318809841392, 351.4380244720545, 354.40412253259456, 351.19516328481916, 348.5354743032884, 354.99312942979714]}
