{"engine":"sqlite3","workload":"mixed_oltp_pgbench_like","n_rows":10000,"samples":32,"median_us":327.231,"min_us":323.657,"iterations_us":[328.65811536717075, 325.2324269473698, 326.2288149335881, 334.1436529978334, 326.59820064580276, 325.7959688387739, 327.2075163336696, 331.1310155627114, 328.13412287033594, 327.1900869246262, 325.23056006893614, 325.8954818181349, 332.3446052894459, 325.77405324812025, 324.0881987092566, 323.65715064506435, 327.9118189490035, 335.6669882477274, 329.95078125072484, 331.8377069485935, 331.48253311107044, 331.17506874604214, 325.945874023351, 325.7226594175702, 327.2549973784039, 327.73056928086663, 327.8534447780378, 328.7470996725294, 326.8019344136814, 326.5130818162307, 327.0192401924207, 327.66324901090496]}
