{"engine":"ultrasql","iterations_us":[207.42893427327388,223.12350345750613,232.77473230912477,250.21701701275958,271.63246876697445,280.94795168539326,291.9275118179165,298.4905747538048],"median_us":271.63246876697445,"min_us":207.42893427327388,"n_rows":10000,"samples":8,"workload":"mixed_oltp_pgbench_like"}