{"engine":"ultrasql","iterations_us":[263.93084138295063,274.21076617324564,280.6787704181869,293.0180263620387,308.44210607462225,315.3227064943253,332.59368407050215,341.7838345864662],"median_us":308.44210607462225,"min_us":263.93084138295063,"n_rows":10000,"samples":8,"workload":"mixed_oltp_pgbench_like"}