{"engine":"duckdb","workload":"mixed_oltp_pgbench_like","n_rows":10000,"samples":8,"median_us":1233.133,"min_us":1212.696,"iterations_us":[1232.9386270550244, 1233.3282353082561, 1213.9305881881976, 1212.6960293800735, 1216.4059811381294, 1265.4123437823728, 1245.8089223432848, 1237.76357881177]}
