{"engine":"sqlite3","workload":"mixed_oltp_pgbench_like","n_rows":10000,"samples":8,"median_us":358.627,"min_us":355.134,"iterations_us":[355.56385921915427, 356.83878546569116, 358.96758928304604, 355.1335549576485, 360.4946345306109, 360.53847410153304, 358.28726178026824, 366.5101430723002]}
