{"engine":"duckdb","workload":"mixed_oltp_pgbench_like","n_rows":10000,"samples":8,"median_us":1289.565,"min_us":1273.816,"iterations_us":[1300.7550000111223, 1292.3068750023958, 1286.823646260018, 1273.8155212718993, 1284.7598437292618, 1299.9414575097035, 1311.1158325045835, 1283.6085937306052]}
