{"engine":"sqlite3","workload":"mixed_oltp_pgbench_like","n_rows":10000,"samples":32,"median_us":388.247,"min_us":350.766,"iterations_us":[439.55732850774535, 409.59010853780416, 409.10733413903375, 415.75323677744933, 389.47283604828453, 393.2689941507306, 404.96342418567025, 381.7026240449889, 411.0358946729589, 410.70696721273305, 386.4633334608068, 372.19442926235155, 389.38430232012126, 383.6470896925578, 384.27037213802805, 490.74475049137084, 403.5778729890045, 440.9816521888787, 402.29449999751523, 374.3309388089223, 360.8261388429213, 359.5921278507116, 379.0795768895116, 364.7286684798124, 350.76579265255754, 359.86834532948103, 387.10910269471174, 357.6421428546642, 366.7112835852878, 450.98808197082263, 387.0308492332697, 389.4067829422465]}
