{"engine":"ultrasql","iterations_us":[136.44986819484242,137.654880660702,138.80526245662733,140.54550772906126,140.97766032417195,141.60437907108468,142.8339461582405,143.74664007474487,144.92845073891624,146.02725463571323,147.77847340425532,147.81901137874982,148.85365833333333,151.04957075970398,151.567074556751,151.88758733292832,152.05130796110606,153.2254583333333,153.41124110429448,155.1433447098976,155.24536882955604,156.6106392107736,159.0676860187689,159.33431575593437,162.0599237617352,164.15203003939592,164.34139276910437,164.88298170128584,165.9844078991039,167.05477150492734,167.50133277507956,167.53250812531414],"median_us":152.05130796110606,"min_us":136.44986819484242,"n_rows":10000,"samples":32,"workload":"mixed_oltp_pgbench_like"}
