{"engine":"clickhouse","workload":"mixed_oltp_pgbench_like","n_rows":10000,"samples":32,"median_us":25631.645,"min_us":13256.914474033309,"iterations_us":[13256.914474033309, 18112.908034175955, 22398.278710898012, 37547.99093408308, 16202.178081467508, 91835.09033270336, 28034.06969072636, 30914.951983042123, 18801.145838498247, 29534.140940728215, 49932.11600073689, 24611.73170723203, 26651.559210701012, 17401.763016096083, 21216.21610150846, 22269.0443191281, 18328.620614116324, 46844.706679694355, 17760.988298329736, 46477.16667729101, 30441.88114718589, 28529.430188968578, 19013.874250439196, 39471.15237159388, 43410.683566754735, 17733.66594703443, 102119.86250360496, 17260.54167769597, 29256.21568654463, 50451.07061192134, 15398.017937639872, 23751.987356393198]}
