{"engine":"duckdb","workload":"mixed_oltp_pgbench_like","n_rows":10000,"samples":32,"median_us":1209.093,"min_us":1193.509,"iterations_us":[1211.5417647189188, 1204.4962246984462, 1200.899314135313, 1197.9192152948065, 1197.1820588223636, 1209.390980006634, 1194.9434305664481, 1208.4547553197754, 1198.2147552771494, 1208.7950493921253, 1213.3338235263877, 1211.2060788101244, 1204.2515682097635, 1214.5086764768862, 1211.173676454243, 1217.3720588222805, 1207.2962247218718, 1233.0589706064475, 1223.1674505849642, 1228.6786270423738, 1318.2174474786734, 1203.6781376638614, 1224.2457846878096, 1219.4576470510049, 1205.0504905774312, 1201.6091176637394, 1206.5025494324373, 1219.9888235259364, 1193.5093141201994, 1210.8500493923202, 1203.724755323492, 1212.011029402835]}
