{"engine":"clickhouse","workload":"mixed_oltp_pgbench_like","n_rows":10000,"samples":8,"median_us":30305.873,"min_us":11629.389839155878,"iterations_us":[11629.389839155878, 30624.154762509057, 39925.46131000078, 32836.89402198196, 13793.347226843858, 90752.77425048019, 29714.07272694209, 29987.590406701696]}
