{"engine":"ultrasql","iterations_us":[128.30742661021296,130.33026521569138,132.1628506673715,132.44055097987285,132.52257519544187,133.49212493326218,134.20170759527645,134.55123543656666],"median_us":132.52257519544187,"min_us":128.30742661021296,"n_rows":10000,"samples":8,"workload":"mixed_oltp_pgbench_like"}
