{"engine":"duckdb","workload":"mixed_oltp_pgbench_like","n_rows":10000,"samples":32,"median_us":1267.910,"min_us":1246.549,"iterations_us":[1291.0849999752827, 1267.9353124985937, 1266.4597912953468, 1271.3620837166673, 1272.6192187255947, 1279.7805725131184, 1309.857500018552, 1265.925312472973, 1246.5490188504405, 1268.4979162440868, 1262.699166254606, 1262.4632812367054, 1268.6244263022672, 1261.2395837641088, 1270.2366137091303, 1274.402187555097, 1262.6630212616874, 1266.4943237177795, 1274.9873437860515, 1267.884322514874, 1257.4424475315027, 1265.1420312613482, 1273.745103753754, 1274.690729987924, 1264.502603735309, 1267.0395312306937, 1277.2843224956887, 1267.0564062864287, 1260.4275512421736, 1270.8541662141215, 1264.9441149551421, 1274.9745837209048]}
