{"engine":"ultrasql","iterations_us":[303.04382575757575,308.5161165946946,317.77179955527316,328.4848932676519,339.68294259510867,352.75855379188715,364.70438256746905,374.30649625748504],"median_us":339.68294259510867,"min_us":303.04382575757575,"n_rows":10000,"samples":8,"workload":"mixed_oltp_pgbench_like"}