{"engine":"clickhouse","workload":"mixed_oltp_pgbench_like","n_rows":10000,"samples":8,"median_us":21807.985,"min_us":11375.082386207809,"iterations_us":[11375.082386207809, 14602.038700000516, 41713.11409542492, 24214.659413226636, 13858.967226697132, 89430.09024854594, 22123.538636581296, 21492.43220357398]}
