{"engine":"sqlite3","workload":"mixed_oltp_pgbench_like","n_rows":10000,"samples":8,"median_us":370.493,"min_us":367.674,"iterations_us":[370.4866514804221, 367.6740808741135, 373.4992070878515, 370.4999074020802, 372.1878396269555, 368.05398272810953, 370.3087775754872, 378.98345947200363]}
