{"engine":"sqlite3","workload":"mixed_oltp_pgbench_like","n_rows":10000,"samples":8,"median_us":401.414,"min_us":394.490,"iterations_us":[394.490222832991, 400.7043663994409, 397.4537535719315, 419.19543416346033, 402.1242667979095, 399.56779086972506, 433.67649052078343, 419.8570137486968]}
