{"engine":"sqlite3","workload":"mixed_oltp_pgbench_like","n_rows":10000,"samples":8,"median_us":369.968,"min_us":361.750,"iterations_us":[374.9640078375936, 380.3277143919276, 374.71002798332876, 368.88333308846035, 363.0098278981809, 363.91775362932566, 361.7496701441504, 371.05248482139024]}
