{"engine":"duckdb","workload":"mixed_oltp_pgbench_like","n_rows":10000,"samples":8,"median_us":1296.778,"min_us":1289.595,"iterations_us":[1316.8851562295458, 1289.5949474841473, 1297.755989980942, 1329.314427493955, 1295.6717187626055, 1306.1311449928326, 1295.800886255165, 1292.4082812241977]}
