{"engine":"ultrasql","iterations_us":[122.69995608439648,124.26534020874753,129.67071875,130.46263801200104],"median_us":129.67071875,"min_us":122.69995608439648,"n_rows":10000,"samples":4,"workload":"mixed_oltp_pgbench_like"}
