{"engine":"clickhouse","workload":"mixed_oltp_pgbench_like","n_rows":10000,"samples":8,"median_us":27114.405,"min_us":13753.0502329791,"iterations_us":[25305.833316851043, 32895.20535673502, 28922.977190675392, 29196.00454396973, 13753.0502329791, 92698.50691634929, 24182.050763523544, 22907.644067792284]}
