{"engine":"sqlite3","workload":"mixed_oltp_pgbench_like","n_rows":10000,"samples":32,"median_us":360.664,"min_us":347.590,"iterations_us":[355.63782518003006, 355.86985817231925, 356.79165178130495, 365.3490419642334, 368.3256893589928, 375.4627332265086, 386.4426442529433, 375.6732275924965, 358.9902528411975, 355.6560578009655, 353.7988848492346, 358.90397320534765, 349.850349667176, 348.30828990379814, 348.23611111076184, 348.94066840125663, 348.6946757119666, 347.5903646176448, 348.5224826565375, 350.31526780954295, 354.9189861626067, 362.3375905748538, 370.7964966694514, 369.84564965892145, 373.14359475719505, 380.7199337064627, 362.8381039943897, 379.0223484622512, 371.2485955717663, 394.3887468625417, 382.2955313113781, 380.83778411171147]}
