{"engine":"duckdb","workload":"mixed_oltp_pgbench_like","n_rows":10000,"samples":32,"median_us":3386.949,"min_us":1301.691,"iterations_us":[3552.7204167253026, 3465.653749978325, 3493.9094466972165, 3264.062737081466, 3385.0543033137606, 3407.7475000438944, 3500.77722328327, 3489.5852766931057, 3204.199402825907, 3354.83069337594, 3439.473473408725, 3496.2556933169253, 3305.856188526377, 3521.1543066543527, 3437.146390012155, 3415.9376400445276, 3252.277737150767, 3388.84291665939, 3959.52541672159, 3345.9654771390237, 3511.629026615992, 3337.6313900225796, 3481.476529947637, 3345.3640485614806, 3348.0456933223954, 3337.752220007436, 3418.602640061484, 1490.9220828641471, 1546.4933984912932, 1381.3151666739334, 1452.984941424802, 1301.6914062245633]}
