{"engine":"clickhouse","workload":"mixed_oltp_pgbench_like","n_rows":10000,"samples":8,"median_us":22527.920,"min_us":11402.203590974254,"iterations_us":[11402.203590974254, 35360.78076216481, 20622.942823227313, 40223.377717547526, 14105.783893416325, 30574.262606078817, 17912.556535780564, 24432.89618655029]}
