{"engine":"ultrasql","iterations_us":[262.28439066596746,274.1836052631579,281.73795774647886,295.30487894892235,309.3708759665945,314.0931086683417,332.90149750415975,344.98013694377374],"median_us":309.3708759665945,"min_us":262.28439066596746,"n_rows":10000,"samples":8,"workload":"mixed_oltp_pgbench_like"}