{"engine":"ultrasql","iterations_us":[140.19660700770848,141.30675445040973,142.71585557299844,143.6717066513432,143.67177244648758,146.63099252309047,146.6977639296188,146.7147695467214],"median_us":143.67177244648758,"min_us":140.19660700770848,"n_rows":10000,"samples":8,"workload":"mixed_oltp_pgbench_like"}
