{"engine":"duckdb","workload":"mixed_oltp_pgbench_like","n_rows":10000,"samples":8,"median_us":1451.832,"min_us":1337.158,"iterations_us":[1343.3941119971375, 1340.611833302925, 1337.157666683197, 1553.664582897909, 1496.4169643021055, 1423.6024453615148, 1480.062381430928, 1597.3073076635885]}
