{"engine":"ultrasql","iterations_us":[277.5020116537181,295.00537109144545,304.9201981707317,322.211206185567,329.0726117143797,340.8630565780505,351.75946746394646,360.4013063063063],"median_us":329.0726117143797,"min_us":277.5020116537181,"n_rows":10000,"samples":8,"workload":"mixed_oltp_pgbench_like"}