{"engine":"postgres17","workload":"mixed_oltp_pgbench_like","n_rows":10000,"samples":32,"median_us":10695.493,"min_us":10309.278,"iterations_us":[10526.315789473685, 10638.297872340425, 10752.68817204301, 11235.955056179775, 10526.315789473685, 10416.666666666666, 10989.010989010989, 11235.955056179775, 10416.666666666666, 10309.278350515464, 11111.111111111111, 10638.297872340425, 10416.666666666666, 10416.666666666666, 11235.955056179775, 10638.297872340425, 10416.666666666666, 10416.666666666666, 11494.252873563219, 10638.297872340425, 10309.278350515464, 10526.315789473685, 11627.906976744185, 10416.666666666666, 12195.121951219513, 11363.636363636364, 10752.68817204301, 10752.68817204301, 11494.252873563219, 11494.252873563219, 10869.565217391304, 10869.565217391304]}
