{"engine":"duckdb","workload":"mixed_oltp_pgbench_like","n_rows":10000,"samples":32,"median_us":1284.237,"min_us":1250.189,"iterations_us":[1270.6840624741744, 1267.8771875653183, 1282.534374986426, 1274.949895014288, 1326.8673950369703, 1286.8502600031206, 1259.4275525043486, 1280.4510413116077, 1250.1893237640616, 1277.2591674729483, 1381.3177226887394, 1285.012812440982, 1314.6481250441866, 1264.1718750091968, 1267.2883849882055, 1300.554999979795, 1284.4272387883393, 1322.3300000390736, 1293.8942712935386, 1300.9731250349432, 1265.6871350191068, 1340.2418333571404, 1283.0127599590924, 1276.6711987933377, 1284.155156245106, 1298.3703125064494, 1279.3955212691799, 1263.7319787609158, 1314.4920312333852, 1284.318020043429, 1844.279090873897, 1363.1831666765113]}
