{"engine":"ultrasql","iterations_us":[113.58894503747446,115.1293834023941,115.23448179303988,115.8994930475087,115.93032537382635,116.90760268848628,118.05372246488018,119.03810058326391],"median_us":115.93032537382635,"min_us":113.58894503747446,"n_rows":10000,"samples":8,"workload":"mixed_oltp_pgbench_like"}