{"engine":"sqlite3","workload":"mixed_oltp_pgbench_like","n_rows":10000,"samples":32,"median_us":387.157,"min_us":376.913,"iterations_us":[398.43268850023696, 411.45262991643096, 423.93850636179167, 411.82079916861915, 386.16814075234845, 382.4179706151263, 379.4006473485338, 384.7028365439306, 395.3851870119968, 382.04954242136216, 380.64802726942366, 383.56709617051433, 376.91260977294576, 383.3603053460367, 393.1822429649401, 387.7664565843306, 392.48953437436285, 391.86860351492214, 392.41429021785734, 387.64996782609427, 405.7001677386823, 386.663749993134, 382.3465171789054, 381.5535670472662, 378.67863381568594, 394.7041503898066, 384.80325993008285, 404.21436490085455, 396.4184877814681, 400.71936638560146, 381.54769545971334, 380.7123738762598]}
