{"engine":"duckdb","workload":"mixed_oltp_pgbench_like","n_rows":10000,"samples":8,"median_us":1278.002,"min_us":1268.998,"iterations_us":[1298.8090625003679, 1273.6050525199971, 1277.4943750264356, 1286.2937500176486, 1268.9980212235241, 1283.0109887363506, 1278.5100000110106, 1275.6501562398626]}
