{"engine":"clickhouse","workload":"mixed_oltp_pgbench_like","n_rows":10000,"samples":32,"median_us":27014.900,"min_us":12747.082811984,"iterations_us":[13320.978065358328, 32137.375999896212, 28619.400785482, 30586.067022775987, 16525.66733912775, 37499.9256060359, 21272.91289136999, 24592.3693558217, 20886.853544438694, 31182.496323976116, 35913.12499987465, 24987.746023162756, 74952.01562414877, 12747.082811984, 27651.67091570605, 20773.659179685637, 18077.331876970435, 25350.276414850137, 24019.331680610776, 40648.04902950795, 26378.129282070753, 41793.04464404205, 19750.950327411723, 29672.290457944786, 46105.16440526054, 21041.85544885695, 83463.55899993796, 27929.358763454515, 35714.63072576615, 48817.63194538912, 22739.980114486323, 26154.813982429914]}
