{"engine":"ultrasql","iterations_us":[235.5821554770318,241.32310250844188,251.0043811794228,271.4849348534202,282.3530959909656,287.76376093210587,306.4835657370518,321.55623850851816],"median_us":282.3530959909656,"min_us":235.5821554770318,"n_rows":10000,"samples":8,"workload":"mixed_oltp_pgbench_like"}