{"engine":"sqlite3","workload":"mixed_oltp_pgbench_like","n_rows":10000,"samples":32,"median_us":325.248,"min_us":323.416,"iterations_us":[406.5608231770064, 420.324807140894, 424.7999118672589, 435.64858695785716, 430.1910970084425, 426.2137004165413, 435.0634421849542, 339.592511148579, 325.2822376618331, 325.6929516164864, 324.60771516085634, 324.7914503289949, 325.1283818212574, 325.80109578088627, 323.84346774403724, 324.6518277427963, 324.37432806135246, 324.7852542179836, 325.2015016234462, 324.0398387142998, 338.57219898129335, 324.7582253205511, 323.98111548372395, 324.12434161092426, 323.41619644637007, 324.39305095918354, 323.90346774087857, 325.5377977261737, 330.3702986924786, 334.85618032864295, 329.85063059497503, 325.2134740227144]}
