{"engine":"ultrasql","iterations_us":[116.21623579314353,116.41480910254919,117.03595799695799,120.92744226816586,120.98729381879761,121.63924869269125,121.86725758498844,121.945596024875,122.59443687178229,122.78426528357475,123.93357813855496,124.659130017452,124.8147518721917,124.86189499313272,126.557364211592,127.96516760491298],"median_us":122.59443687178229,"min_us":116.21623579314353,"n_rows":10000,"samples":16,"workload":"mixed_oltp_pgbench_like"}