{"engine":"ultrasql","iterations_us":[121.31620679199514,123.31459617755856,125.77448013078471,126.01581917842742,132.1381309460888,134.7789588948787,135.38460579396235,139.52737480820198],"median_us":132.1381309460888,"min_us":121.31620679199514,"n_rows":10000,"samples":8,"workload":"mixed_oltp_pgbench_like"}