{"engine":"postgres17","workload":"mixed_oltp_pgbench_like","n_rows":10000,"samples":8,"median_us":10309.278,"min_us":10204.082,"iterations_us":[10204.081632653062, 10309.278350515464, 10309.278350515464, 10638.297872340425, 10204.081632653062, 10416.666666666666, 10309.278350515464, 10204.081632653062]}
