{"engine":"ultrasql","iterations_us":[275.88989244346385,294.7356364172069,309.1446806800618,318.0257551669316,330.4341344565576,341.6477482063546,353.2260769774011,361.2935935693642],"median_us":330.4341344565576,"min_us":275.88989244346385,"n_rows":10000,"samples":8,"workload":"mixed_oltp_pgbench_like"}