{"engine":"duckdb","workload":"mixed_oltp_pgbench_like","n_rows":10000,"samples":32,"median_us":1224.198,"min_us":1209.566,"iterations_us":[1237.0923529242111, 1224.0110776346066, 1219.350637676304, 1211.7905882255668, 1290.6850525178015, 1472.3177971401517, 1223.6274023512926, 1229.6814211603144, 1210.4830882333986, 1221.77848000052, 1221.8567153082831, 1213.2602941025707, 1217.4529905828153, 1215.9952941104111, 1224.385441164486, 1290.4324999908567, 1220.8126964704954, 1214.1853423706968, 1213.852745884865, 1221.1429411613876, 1209.5662258798257, 1215.795490596279, 1319.401145010488, 1376.412500006457, 1300.4301562614273, 1342.7320546858634, 1307.3088537566946, 1412.5548333395272, 1329.727968768566, 1385.0352213097115, 1362.3810559899237, 1605.044550781783]}
