{"engine":"postgres17","workload":"mixed_oltp_pgbench_like","n_rows":10000,"samples":8,"median_us":10205.144,"min_us":10000.000,"iterations_us":[10101.0101010101, 10000.0, 10000.0, 10416.666666666666, 10000.0, 10309.278350515464, 10309.278350515464, 10416.666666666666]}
