{"engine":"clickhouse","workload":"mixed_oltp_pgbench_like","n_rows":10000,"samples":8,"median_us":27616.479,"min_us":13240.857460339996,"iterations_us":[13240.857460339996, 27805.611119782996, 27851.003952535048, 27427.346021716443, 16938.05377468497, 29098.46428582179, 28556.303036483852, 20195.782474652566]}
