{"engine":"clickhouse","workload":"mixed_oltp_pgbench_like","n_rows":10000,"samples":32,"median_us":30737.756,"min_us":15914.100000204948,"iterations_us":[33732.79762786946, 31604.17954980706, 39373.55159515781, 32094.09239175527, 15914.100000204948, 37280.78871582901, 22090.786363167517, 26912.45974451935, 16689.82780778178, 26183.26066742436, 41435.5033788377, 24193.627976014144, 24432.77578623522, 30153.42382786912, 30273.459745192173, 20788.360838778317, 16428.304220815855, 33832.122232221685, 16073.384125775192, 44979.20220841051, 44292.32327524444, 36418.59078613509, 17362.82901677849, 37191.64642971009, 33895.527028378, 37210.92105230415, 55602.319448048045, 23632.696338424113, 28015.019607218896, 26513.46710473789, 31202.05147013835, 33980.544641963206]}
