{"engine":"duckdb","workload":"mixed_oltp_pgbench_like","n_rows":10000,"samples":32,"median_us":1386.283,"min_us":1284.025,"iterations_us":[1399.762721421818, 1400.412610732019, 1410.5168334208429, 1386.6299454433222, 1392.7417773132522, 1388.0534454559286, 1385.9357773326337, 1391.944944082449, 1362.937389407307, 1388.8666667044163, 1383.7601106303434, 1388.4031106717885, 1392.8586666782696, 1405.090110686918, 1415.2738333990176, 1414.2950560587149, 1376.2637227773666, 1435.9182774399717, 1467.285000087161, 1423.6615559396644, 1345.0116665723424, 1289.2107300285716, 1284.0248437714763, 1286.832083715126, 1287.8537499636877, 1288.6111986881588, 1288.8500512053724, 1286.9208850315772, 1287.8952088067308, 1296.7634375672787, 1295.216458674986, 1366.5666106777887]}
