{"engine":"ultrasql","iterations_us":[120.55971025671931,121.46920157862779,123.14170052949144,125.50937085843374,126.50639286617759,126.74239107844377,127.54945682948603,130.2075195938029],"median_us":126.50639286617759,"min_us":120.55971025671931,"n_rows":10000,"samples":8,"workload":"mixed_oltp_pgbench_like"}