{"engine":"sqlite3","workload":"mixed_oltp_pgbench_like","n_rows":10000,"samples":8,"median_us":357.350,"min_us":355.747,"iterations_us":[356.5486996407383, 355.74685284539277, 358.0608335739401, 362.9208481879028, 358.29745535530884, 356.571557097705, 357.9571128544298, 356.74377978847076]}
