{"engine":"sqlite3","workload":"mixed_oltp_pgbench_like","n_rows":10000,"samples":8,"median_us":449.792,"min_us":416.446,"iterations_us":[435.2145108556294, 433.37392241388943, 497.9625826938963, 471.9434552035242, 474.1502160542504, 452.31729336350793, 447.26625713207926, 416.44633264176946]}
