{"engine":"clickhouse","workload":"mixed_oltp_pgbench_like","n_rows":10000,"samples":8,"median_us":29676.551,"min_us":13511.073460808562,"iterations_us":[13511.073460808562, 34219.10216760201, 31085.164690878064, 28267.936587445034, 16770.78225803862, 49298.71628493337, 25827.61060065505, 32904.69562674288]}
