{"engine":"postgres17","workload":"mixed_oltp_pgbench_like","n_rows":10000,"samples":8,"median_us":12270.400,"min_us":11627.907,"iterations_us":[12500.0, 12500.0, 12195.121951219513, 11904.761904761905, 12345.67901234568, 12048.192771084337, 12500.0, 11627.906976744185]}
