{"engine":"duckdb","workload":"mixed_oltp_pgbench_like","n_rows":10000,"samples":32,"median_us":1285.769,"min_us":1268.939,"iterations_us":[1306.048646220006, 1307.7983862604015, 1313.840364891803, 1280.4485937522259, 1281.5316136402544, 1305.1117700524628, 1285.7299475581385, 1314.654843736207, 1268.9393750042655, 1285.976406361442, 1274.9031774001196, 1285.5764587584417, 1292.3648962168954, 1278.4478638786823, 1285.8077087730635, 1299.9446874891873, 1279.2290624929592, 1286.0304162313696, 1289.021301199682, 1282.5548963155597, 1282.5321350828744, 1305.3555211808998, 1288.6022399470676, 1479.1477972175926, 1273.6190100258682, 1298.330521240132, 1286.9684374891222, 1276.3048436318059, 1280.0771875481587, 1282.1489588532131, 1271.7557811993174, 1285.723073669942]}
