{"engine":"postgres17","workload":"mixed_oltp_pgbench_like","n_rows":10000,"samples":8,"median_us":11834.734,"min_us":11764.706,"iterations_us":[11764.70588235294, 11764.70588235294, 11764.70588235294, 12048.192771084337, 12195.121951219513, 11764.70588235294, 11904.761904761905, 11904.761904761905]}
