{"engine":"postgres17","workload":"mixed_oltp_pgbench_like","n_rows":10000,"samples":8,"median_us":11627.907,"min_us":11363.636,"iterations_us":[11363.636363636364, 11494.252873563219, 11904.761904761905, 11627.906976744185, 11627.906976744185, 11904.761904761905, 11627.906976744185, 11494.252873563219]}
