{"engine":"sqlite3","workload":"mixed_oltp_pgbench_like","n_rows":10000,"samples":32,"median_us":366.049,"min_us":363.992,"iterations_us":[378.55801992713566, 398.88472224230924, 400.95326639711857, 366.39505801858365, 365.0664843034244, 366.0853865070364, 369.93446688832, 384.081122936425, 396.7642716286103, 372.1676851812474, 366.6580594773574, 365.3952098590913, 364.99458044578415, 365.1840021718212, 364.19959240289324, 365.7790905299739, 364.2542420150847, 374.7275809813013, 365.61724455367744, 365.4352040030062, 364.23522025765175, 366.41140510905944, 363.9922554493355, 368.50461102029146, 365.2762317431778, 368.5181985287379, 364.06885580314946, 364.41020543545324, 366.01336680549826, 366.1416970655648, 364.1313101347212, 372.3669444486775]}
