{"engine":"postgres17","workload":"mixed_oltp_pgbench_like","n_rows":10000,"samples":8,"median_us":11764.706,"min_us":10204.082,"iterations_us":[11904.761904761905, 11235.955056179775, 10204.081632653062, 10752.68817204301, 12195.121951219513, 11764.70588235294, 11764.70588235294, 11904.761904761905]}
