{"engine":"sqlite3","workload":"mixed_oltp_pgbench_like","n_rows":10000,"samples":32,"median_us":471.133,"min_us":354.400,"iterations_us":[354.4000587770453, 357.3486010593894, 376.5182330665228, 449.2125183899413, 911.4133709491315, 910.4252272200855, 469.2528817898411, 716.432864026783, 1114.05670215153, 1023.4781887800414, 1125.1662966484826, 1117.568888908459, 1097.2418478163688, 1077.9446808304242, 1011.5784580120817, 1027.5173897864488, 955.2321538443343, 997.2837009448923, 967.6905451879765, 901.0867187628589, 473.01273586509643, 386.92261231167674, 386.6048715560912, 399.86288013298895, 415.6610536897047, 389.88630503033426, 466.80885419913534, 443.62909295513765, 398.3597551557487, 373.81924739204794, 420.80059535057916, 419.7357812275489]}
