{"engine":"postgres17","workload":"mixed_oltp_pgbench_like","n_rows":10000,"samples":8,"median_us":11904.762,"min_us":11904.762,"iterations_us":[11904.761904761905, 11904.761904761905, 11904.761904761905, 11904.761904761905, 11904.761904761905, 11904.761904761905, 11904.761904761905, 11904.761904761905]}
