{"engine":"postgres17","workload":"mixed_oltp_pgbench_like","n_rows":10000,"samples":32,"median_us":12195.122,"min_us":11363.636,"iterations_us":[11764.70588235294, 12500.0, 11627.906976744185, 12987.012987012988, 13513.513513513513, 12195.121951219513, 11904.761904761905, 11494.252873563219, 12987.012987012988, 12500.0, 12048.192771084337, 11627.906976744185, 12195.121951219513, 11764.70588235294, 12500.0, 12345.67901234568, 12048.192771084337, 11363.636363636364, 11627.906976744185, 11363.636363636364, 11494.252873563219, 12658.227848101265, 12345.67901234568, 12195.121951219513, 11494.252873563219, 11764.70588235294, 11764.70588235294, 12658.227848101265, 12500.0, 12820.51282051282, 13157.894736842105, 12345.67901234568]}
