{"engine":"postgres17","workload":"mixed_oltp_pgbench_like","n_rows":10000,"samples":4,"median_us":12345.679,"min_us":12048.193,"iterations_us":[12658.227848101265, 12345.67901234568, 12345.67901234568, 12048.192771084337]}
