{"engine":"ultrasql","iterations_us":[132.42109597564206,133.41009658484523,134.0054043950154,139.84742805202072,140.93018954340474,142.8356005427021,143.3792712544803,144.4854027737648,144.74161244573082,145.70507357226109,146.44027910382195,146.48472206765265,146.83707106151812,147.6347062297018,147.93100961538462,148.7879654813272,149.0143670093876,149.29729556650244,150.43606813054595,151.1782799274486,152.16334545177975,152.73551725717775,153.42529529068875,153.70916600061483,154.11525423728813,155.47643936567164,156.31834395999374,156.4491551939925,157.24929245283022,165.00973436726613,167.26142883425322,169.1597949932341],"median_us":149.0143670093876,"min_us":132.42109597564206,"n_rows":10000,"samples":32,"workload":"mixed_oltp_pgbench_like"}
