{"engine":"ultrasql","iterations_us":[133.19135370888267,136.30156508109582,137.3086754084855,137.66749249827942,139.12593906510853,139.76945031446542,139.822788450783,140.07213625542641],"median_us":139.12593906510853,"min_us":133.19135370888267,"n_rows":10000,"samples":8,"workload":"mixed_oltp_pgbench_like"}
