{"engine":"ultrasql","iterations_us":[143.74658617220067,145.82810307625016,146.26904182509503,147.92372311788196,147.93417781065088,150.05529497374343,151.0183101781939,151.84392408138476,154.00964849884528,156.2779428125,157.18177353449633,158.42026374148583,158.81574559313958,159.22805889844,161.08554816365978,162.56174277831875,163.29787181580667,164.01899819908317,164.80028966880872,165.27431014540645,165.80486277759363,166.05041789805742,168.07829910939336,168.83602059767009,171.83619603486582,172.0067690194058,172.29852963473465,173.20684689989608,173.583232037487,174.31104043220634,175.12551005772258,175.3972364082778],"median_us":163.29787181580667,"min_us":143.74658617220067,"n_rows":10000,"samples":32,"workload":"mixed_oltp_pgbench_like"}
