{"engine":"postgres17","workload":"mixed_oltp_pgbench_like","n_rows":10000,"samples":32,"median_us":12270.400,"min_us":11627.907,"iterations_us":[13698.630136986301, 14705.882352941177, 14492.753623188406, 17543.859649122805, 16393.44262295082, 12345.67901234568, 12048.192771084337, 12658.227848101265, 12820.51282051282, 13157.894736842105, 13513.513513513513, 12820.51282051282, 12987.012987012988, 12987.012987012988, 11764.70588235294, 12048.192771084337, 12500.0, 11627.906976744185, 12820.51282051282, 12048.192771084337, 11764.70588235294, 12500.0, 11904.761904761905, 11904.761904761905, 11627.906976744185, 11904.761904761905, 11764.70588235294, 12048.192771084337, 11764.70588235294, 12195.121951219513, 12048.192771084337, 11904.761904761905]}
