{"engine":"clickhouse","workload":"mixed_oltp_pgbench_like","n_rows":10000,"samples":8,"median_us":29697.385,"min_us":11901.027157057726,"iterations_us":[11901.027157057726, 34994.83928594383, 37515.55257171969, 35208.76358695956, 13773.066666520512, 30694.31617640315, 28700.45454579998, 26018.58615230027]}
