{"engine":"sqlite3","workload":"mixed_oltp_pgbench_like","n_rows":10000,"samples":32,"median_us":345.355,"min_us":337.304,"iterations_us":[343.0649544585222, 341.69233264520346, 353.01219190521704, 342.02640306174465, 338.643735803261, 339.5238597944184, 345.2298706919276, 339.8374439121973, 338.12556283845805, 339.3930885165999, 345.4806034529485, 339.80073176034904, 337.3038452942918, 339.9595439200434, 344.80565068095103, 338.9034347983889, 337.95647500114313, 339.9997324359484, 394.4152831991232, 409.3119410591624, 433.9509517288614, 595.4353172585668, 782.9016601590411, 483.6343951935235, 719.9549880272276, 475.5355146184195, 438.65942044446814, 1190.4641102195126, 955.5954396074533, 894.5020089283519, 470.0024925182121, 401.61513360217214]}
