{"engine":"duckdb","workload":"mixed_oltp_pgbench_like","n_rows":10000,"samples":8,"median_us":1309.799,"min_us":1297.356,"iterations_us":[1322.8340112618753, 1328.3696362486808, 1298.4578650139156, 1311.4412499999162, 1297.3555200005649, 1308.1573962335824, 1315.545364996069, 1297.4158325232565]}
