{"engine":"postgres17","workload":"mixed_oltp_pgbench_like","n_rows":10000,"samples":32,"median_us":11627.907,"min_us":10869.565,"iterations_us":[12345.67901234568, 12658.227848101265, 12500.0, 12500.0, 12048.192771084337, 11764.70588235294, 12658.227848101265, 12500.0, 11764.70588235294, 11235.955056179775, 15873.015873015873, 12345.67901234568, 11235.955056179775, 10989.010989010989, 10989.010989010989, 10869.565217391304, 11235.955056179775, 12048.192771084337, 11627.906976744185, 11904.761904761905, 11764.70588235294, 11111.111111111111, 11363.636363636364, 11627.906976744185, 11764.70588235294, 11627.906976744185, 11627.906976744185, 11111.111111111111, 11235.955056179775, 11235.955056179775, 11235.955056179775, 11111.111111111111]}
