{"engine":"sqlite3","workload":"mixed_oltp_pgbench_like","n_rows":10000,"samples":32,"median_us":341.867,"min_us":335.195,"iterations_us":[338.72590067550993, 344.52698355754325, 353.77370915457635, 337.9354587908696, 335.19480532656115, 346.38043103643275, 347.7965135364987, 337.1991191353124, 343.1473030790061, 348.09736700683266, 349.71219406893044, 336.6676036927899, 335.8273349128876, 350.98259020971227, 344.2332479458506, 343.1959904184922, 337.33354328237726, 352.95203944232026, 342.61642397486617, 338.4483107987074, 338.54722702951244, 356.9602393726851, 340.0086709597098, 336.79411376610824, 336.961717119803, 365.7770678774882, 338.73086991858344, 340.36475339061803, 341.1170211026673, 357.23186000333436, 348.06741876107276, 338.63215100388294]}
