{"engine":"postgres17","workload":"mixed_oltp_pgbench_like","n_rows":10000,"samples":8,"median_us":10416.667,"min_us":10204.082,"iterations_us":[10416.666666666666, 10526.315789473685, 10526.315789473685, 10204.081632653062, 10416.666666666666, 10309.278350515464, 10416.666666666666, 10638.297872340425]}
