{"engine":"duckdb","workload":"mixed_oltp_pgbench_like","n_rows":10000,"samples":32,"median_us":1254.024,"min_us":1242.251,"iterations_us":[1291.2948962912196, 1338.0483879397314, 1253.998749962193, 1242.2712741638807, 1266.1861463129753, 1263.4970312501537, 1242.980294080232, 1250.4683862061938, 1250.0782813003752, 1245.2775976784965, 1245.3499023446484, 1255.374062457122, 1264.7048437793273, 1243.3998529826674, 1248.8990694092697, 1265.9965625061886, 1256.5999475191347, 1248.9907353130334, 1256.5547912527109, 1268.5565624997253, 1254.0498437010683, 1242.251470548046, 1250.3808862675214, 1288.1961449602386, 1246.7720093862974, 1251.3814587146044, 1254.3413537059678, 1262.644478774746, 1242.7689223413302, 1247.4295094280558, 1254.216249944875, 1277.3653650219785]}
