{"engine":"sqlite3","workload":"mixed_oltp_pgbench_like","n_rows":10000,"samples":32,"median_us":363.576,"min_us":360.995,"iterations_us":[362.892798907326, 361.4585734016041, 363.4769474772021, 360.99478416061095, 361.7386989213406, 361.80866293847, 362.4003471011984, 363.74645253248593, 361.97120791532285, 362.04742230458197, 362.5802989109365, 362.2194395522862, 361.8580485792938, 361.98709531948504, 368.3260874822736, 362.38435977661607, 363.350981163988, 362.4477507242852, 366.46876533865844, 363.6911384039221, 364.0077597979605, 363.79464058816245, 363.6754228205393, 378.9116318247662, 369.3618566210395, 370.93858036247116, 366.76354926371823, 363.7192786234242, 364.55794057025963, 365.07034672162473, 374.58255596427637, 364.393357607617]}
