{"engine":"clickhouse","workload":"select_sum_65k_i64","n_rows":65536,"samples":8,"median_us":740.062,"min_us":726.4580053742975,"iterations_us":[913.9169997069985, 795.1250008773059, 742.7079835906625, 731.7909912671894, 730.3750026039779, 737.4160049948841, 774.0830187685788, 726.4580053742975]}
