{"engine":"duckdb","workload":"select_sum_65k_i64","n_rows":65536,"samples":8,"median_us":103.729,"min_us":81.167,"iterations_us":[110.62499834224582, 104.16700388304889, 101.83299309574068, 103.29097858630121, 111.12497304566205, 81.16700337268412, 111.45797907374799, 91.37499728240073]}
