{"engine":"ultrasql","iterations_us":[31.958999999999996,34.417,34.541,34.583999999999996,35.0,38.334,44.25,44.709,45.125,45.167,45.333,45.375,45.875,46.041999999999994,46.417,46.708,47.083000000000006,47.375,48.25,48.291999999999994,48.5,48.625,49.209,49.708,49.791,50.208,50.584,50.584,52.709,54.083,58.583,77.958],"median_us":47.083000000000006,"min_us":31.958999999999996,"n_rows":1000000,"samples":32,"workload":"select_avg_1m_i64"}
