{"engine":"sqlite3","workload":"select_avg_1m_i64","n_rows":1000000,"samples":8,"median_us":14517.125,"min_us":14085.250,"iterations_us":[14333.58300710097, 14085.249975323677, 14486.375002888963, 14587.832993129268, 14547.875005519018, 14865.625009406358, 14641.332993051037, 14394.833997357637]}
