{"engine":"clickhouse","workload":"select_scan_10k","n_rows":10000,"samples":32,"median_us":2018.459,"min_us":1539.5829686895013,"iterations_us":[2084.8329877480865, 2820.500056259334, 2284.292015247047, 1924.2910202592611, 1656.707958318293, 2045.125002041459, 2483.749995008111, 2438.0830582231283, 3142.1249732375145, 1814.4999630749226, 1685.8330927789211, 1862.8749530762434, 1901.749987155199, 2089.2919274047017, 2152.250031940639, 2614.2920833081007, 1985.1250108331442, 1848.4169850125909, 1539.5829686895013, 1701.1250602081418, 2654.7499001026154, 2114.4580096006393, 1955.959014594555, 1570.7910060882568, 1606.2079230323434, 2888.3330523967743, 2304.250025190413, 1991.791999898851, 1567.7079791203141, 1672.4999295547605, 2683.292026631534, 2372.7499647065997]}
