{"engine":"duckdb","workload":"select_avg_1m_i64","n_rows":1000000,"samples":8,"median_us":259.229,"min_us":238.041,"iterations_us":[281.99999360367656, 276.540988124907, 288.875016849488, 259.6250269562006, 258.83299531415105, 252.45797587558627, 238.04098600521684, 245.29098300263286]}
