{"engine":"postgres17","workload":"select_avg_1m_i64","n_rows":1000000,"samples":8,"median_us":43413.124,"min_us":37305.208,"iterations_us":[44684.58401970565, 37305.20803947002, 39494.99997543171, 41602.374985814095, 44359.082996379584, 42467.165971174836, 48065.41698053479, 49059.583980124444]}
