{"engine":"postgres17","workload":"select_sum_65k_i64","n_rows":65536,"samples":8,"median_us":32998.854,"min_us":29681.292,"iterations_us":[31900.624991976656, 29681.291998713277, 32040.666992543265, 33807.70799412858, 32894.374991883524, 35370.124998735264, 35069.37500787899, 33103.33300032653]}
