{"engine":"duckdb","workload":"select_avg_1m_i64","n_rows":1000000,"samples":8,"median_us":251.562,"min_us":210.000,"iterations_us":[263.66699603386223, 249.49997896328568, 278.0840150080621, 257.87498452700675, 238.5420084465295, 212.7080224454403, 253.62501037307084, 209.9999983329326]}
