{"engine":"clickhouse","workload":"select_scan_10k","n_rows":10000,"samples":32,"median_us":1771.500,"min_us":1553.833018988371,"iterations_us":[2276.416984386742, 2322.833053767681, 2054.7088934108615, 1726.3750778511167, 1649.9159391969442, 1782.4160167947412, 2564.6670255810022, 2019.3340023979545, 1617.542002350092, 1701.3340257108212, 1760.584069415927, 2092.9579623043537, 2192.4159955233335, 1621.1250331252813, 1578.0000248923898, 1749.1249600425363, 1829.0000734850764, 2235.7080597430468, 1795.0840992853045, 1599.124982021749, 1607.9999040812254, 1696.0420180112123, 2117.3330023884773, 2091.249916702509, 1655.5829206481576, 1553.833018988371, 1757.624908350408, 1937.4589901417494, 2492.832951247692, 1869.875006377697, 1671.082922257483, 1734.625082463026]}
