{"engine":"ultrasql","iterations_us":[29.375,30.084,30.750000000000004,30.750000000000004,30.750000000000004,31.5,33.834,35.083000000000006,36.167,42.209,58.125,58.625,58.75,58.792,59.25,59.333000000000006,59.375,59.375,59.458,59.5,59.667,59.667,59.75,59.833,59.875,59.958,60.458000000000006,60.666,60.791999999999994,63.625,78.54199999999999,117.25],"median_us":59.375,"min_us":29.375,"n_rows":65536,"samples":32,"workload":"select_sum_65k_i64"}
