{"engine":"sqlite3","workload":"select_scan_10k","n_rows":10000,"samples":8,"median_us":1929.854,"min_us":1797.334,"iterations_us":[2083.6659823544323, 1896.2500034831464, 1963.4589552879333, 2192.8329952061176, 1819.4169970229268, 1797.3340000025928, 1837.4589853920043, 2086.416003294289]}
