{"engine":"ultrasql","iterations_us":[10313.875,10331.041,10390.375,10509.833,10534.042000000001,10569.292,10668.959,10676.0],"median_us":10534.042000000001,"min_us":10313.875,"n_rows":1000000,"samples":8,"workload":"select_avg_1m_i64"}