{"engine":"clickhouse","workload":"select_avg_1m_i64","n_rows":1000000,"samples":8,"median_us":1872.395,"min_us":1742.9580038879067,"iterations_us":[2076.500008115545, 1845.332997618243, 1821.4589799754322, 1742.9580038879067, 1830.417022574693, 2004.7500147484243, 1912.8749845549464, 1899.4580022990704]}
