{"engine":"clickhouse","workload":"select_sum_65k_i64","n_rows":65536,"samples":32,"median_us":1177.333,"min_us":922.4159875884652,"iterations_us":[2975.4589777439833, 2398.9169858396053, 2223.0419563129544, 2451.6250123269856, 2340.0000063702464, 2062.3329910449684, 2109.58399111405, 1477.0000125281513, 1225.957996211946, 1631.2079969793558, 1248.125045094639, 1149.4160280562937, 990.5000333674252, 1012.75002816692, 980.4579894989729, 962.2090146876872, 974.4580020196736, 922.4159875884652, 1597.1660031937063, 1211.2910044379532, 982.2499705478549, 984.6659959293902, 948.4160109423101, 950.500019825995, 936.0419935546815, 930.249982047826, 957.8749886713922, 1157.917024102062, 1607.749960385263, 1339.541980996728, 1196.7499740421772, 1014.3339750356972]}
