{"engine":"sqlite3","workload":"select_avg_1m_i64","n_rows":1000000,"samples":32,"median_us":14343.250,"min_us":13818.416,"iterations_us":[14065.709023270756, 14270.041952840984, 13988.582999445498, 13899.04203824699, 13818.415987771004, 13829.374976921827, 14086.99998864904, 13835.292018484324, 14311.374980024993, 14252.917026169598, 14091.457996983081, 14314.541011117399, 14471.91700572148, 14614.16605161503, 14445.832988712937, 14514.042006339878, 14285.458019003272, 14218.04103301838, 14484.208018984646, 14357.750013004988, 14512.374997138977, 14476.458018179983, 14380.834007170051, 14365.000010002404, 14536.333968862891, 14513.249974697828, 14180.707978084683, 14328.749966807663, 14436.875004321337, 14557.749964296818, 15234.749997034669, 14421.875006519258]}
