{"engine":"sqlite3","workload":"select_scan_10k","n_rows":10000,"samples":32,"median_us":1863.917,"min_us":1796.500,"iterations_us":[2142.7920437417924, 1922.9169702157378, 1916.0420051775873, 1826.2090161442757, 1873.3749748207629, 1796.5000006370246, 1833.9999951422215, 1832.958951126784, 1825.292012654245, 1893.2080129161477, 1796.9580367207527, 1805.6670087389648, 1906.9999689236283, 1868.374994955957, 1864.1669885255396, 1841.1669880151749, 1877.9580132104456, 1942.1670003794134, 1992.6250097341835, 1900.8329836651683, 1897.707988973707, 1850.2090242691338, 1805.4579850286245, 1818.499993532896, 1948.7919635139406, 1863.666984718293, 1859.2500127851963, 1874.0000086836517, 1846.332976128906, 1826.3329984620214, 1812.4579801224172, 1904.9590337090194]}
