{"engine":"clickhouse","workload":"select_sum_65k_i64","n_rows":65536,"samples":32,"median_us":802.291,"min_us":603.3750250935555,"iterations_us":[1508.2919271662831, 1501.1250507086515, 1890.4170719906688, 1544.542028568685, 1517.9169131442904, 1555.458060465753, 1410.2079439908266, 1476.7919201403856, 1431.9999609142542, 1617.7080105990171, 1743.0830048397183, 1582.0830594748259, 1767.2500107437372, 929.958070628345, 716.1250105127692, 762.4579593539238, 796.4170072227716, 1052.292063832283, 657.333992421627, 646.6249469667673, 808.1659907475114, 755.458022467792, 684.3329174444079, 753.499916754663, 610.4579661041498, 603.3750250935555, 635.8330138027668, 719.7920931503177, 670.5840351060033, 625.2079037949443, 637.6659730449319, 617.0839769765735]}
