{"engine":"clickhouse","workload":"select_scan_10k","n_rows":10000,"samples":32,"median_us":2708.208,"min_us":1819.6669989265501,"iterations_us":[2876.3749869540334, 2568.500000052154, 2085.291955154389, 2388.4999682195485, 2388.2079985924065, 2388.8329742476344, 2543.332986533642, 2498.4999909065664, 3074.5839467272162, 3165.7920335419476, 2964.916988275945, 2220.0000239536166, 2808.5829690098763, 2785.3749925270677, 2785.666030831635, 2355.167001951486, 2666.2079617381096, 2663.9580028131604, 2291.24998440966, 2401.3749789446592, 2791.7909901589155, 2922.249957919121, 2205.2500280551612, 2964.7910268977284, 2776.6250423155725, 2927.2499959915876, 1819.6669989265501, 2975.7089796476066, 2851.4580335468054, 3175.874997396022, 2168.79096115008, 2750.209008809179]}
