{"engine":"postgres17","workload":"select_sum_65k_i64","n_rows":65536,"samples":8,"median_us":31887.833,"min_us":29113.292,"iterations_us":[29113.292053807527, 31143.291969783604, 33031.12502908334, 31588.91695784405, 31535.500020254403, 32186.749973334372, 32451.541046611965, 33848.66699343547]}
