{"engine":"clickhouse","workload":"select_sum_65k_i64","n_rows":65536,"samples":32,"median_us":940.562,"min_us":622.1660878509283,"iterations_us":[1588.6250184848905, 1509.249908849597, 1900.666975416243, 1319.9590612202883, 1559.6250304952264, 1495.0420008972287, 1438.4170062839985, 1504.708081483841, 1447.7079967036843, 1346.6250384226441, 1360.4579726234078, 2246.374962851405, 1603.8340982049704, 1075.000036507845, 830.0000336021185, 826.5830110758543, 848.792027682066, 737.624941393733, 749.9590283259749, 1249.2079986259341, 883.1250015646219, 736.9579980149865, 664.3340457230806, 659.0830162167549, 653.2080005854368, 997.9999158531427, 643.6670664697886, 642.5000028684735, 710.1250812411308, 694.5841014385223, 622.1660878509283, 638.1249986588955]}
