{"engine":"duckdb","workload":"select_avg_1m_i64","n_rows":1000000,"samples":32,"median_us":268.854,"min_us":214.292,"iterations_us":[231.91701620817184, 263.45800142735243, 279.62500462308526, 287.1659817174077, 274.2919896263629, 277.87499129772186, 278.4160024020821, 301.2079978361726, 253.79200815223157, 225.45800311490893, 253.91700910404325, 284.7500145435333, 270.8749962039292, 270.50002245232463, 277.99999224953353, 214.29199841804802, 263.6660065036267, 222.70900080911815, 274.24999279901385, 264.70801094546914, 269.9160249903798, 273.667013971135, 273.9999908953905, 275.54199914447963, 242.91701265610754, 240.83297466859221, 267.7910088095814, 243.79100068472326, 263.0829985719174, 228.79199241288006, 271.2499990593642, 249.0829792805016]}
