{"engine":"postgres17","workload":"select_avg_1m_i64","n_rows":1000000,"samples":8,"median_us":38103.916,"min_us":36259.667,"iterations_us":[41642.0410037972, 36977.54198219627, 36259.6670165658, 36990.12502329424, 37621.374998707324, 38586.45798754878, 40566.45801756531, 39306.666993070394]}
