{"engine":"sqlite3","workload":"select_avg_1m_i64","n_rows":1000000,"samples":32,"median_us":14597.146,"min_us":14229.041,"iterations_us":[14536.832983139902, 14549.917017575353, 14625.249954406172, 14364.624978043139, 14579.16700746864, 14569.375023711473, 14614.707964938134, 14229.041000362486, 14683.332992717624, 14661.959023214877, 14611.624996177852, 14720.916980877519, 14717.750018462539, 14537.125010974705, 14371.959026902914, 14558.875001966953, 14618.124987464398, 14653.74999679625, 14359.582972247154, 14582.666044589132, 14738.750003743917, 14481.916965451092, 14558.000024408102, 14370.95901928842, 14442.207990214229, 14710.874995216727, 14628.208999056369, 14440.041966736317, 15130.833024159074, 14871.291990857571, 14841.083029750735, 14618.124987464398]}
