{"engine":"postgres17","workload":"select_avg_1m_i64","n_rows":1000000,"samples":32,"median_us":44407.688,"min_us":36517.875,"iterations_us":[43744.95800584555, 36517.87497801706, 38460.87498823181, 38386.24997297302, 41054.7080100514, 40701.374993659556, 42621.249973308295, 42119.83300046995, 44720.08300945163, 46320.49996871501, 41837.666009087116, 44109.12503954023, 43126.917036715895, 42190.87498495355, 46847.20799559727, 47573.7500237301, 45233.16700942814, 41873.12501017004, 45679.70801144838, 49525.874957907945, 47961.29203168675, 37425.12495955452, 50675.5419773981, 45060.24997681379, 42630.74998743832, 47142.37502776086, 47366.25001532957, 45057.374984025955, 44097.499980125576, 48746.958025731146, 45140.16699977219, 44706.2500170432]}
