{"engine":"duckdb","workload":"select_scan_10k","n_rows":10000,"samples":32,"median_us":860.500,"min_us":775.292,"iterations_us":[775.2919918857515, 1163.374981842935, 884.2499810270965, 842.4589759670198, 856.6249744035304, 876.5420061536133, 855.292018968612, 850.0000112690032, 1032.7500058338046, 862.1669840067625, 868.4580097906291, 858.8329656049609, 1064.834010321647, 901.5830000862479, 854.9999911338091, 849.7919770888984, 858.0000139772892, 856.2500006519258, 857.2079823352396, 852.1670242771506, 895.7500103861094, 857.4170060455799, 854.1250135749578, 1028.7080076523125, 919.0000128000975, 871.2919661775231, 848.1660042889416, 881.9590439088643, 856.6249744035304, 870.3329949639738, 863.3749675936997, 869.2080155014992]}
