{"engine":"sqlite3","workload":"select_scan_10k","n_rows":10000,"samples":32,"median_us":1833.542,"min_us":1799.750,"iterations_us":[2008.165989536792, 1842.2080029267818, 1867.417013272643, 1848.4999891370535, 1822.082995204255, 1835.9999812673777, 1843.9170089550316, 1828.5830155946314, 1820.2920036856085, 1838.2919952273369, 1859.375013737008, 1862.7499812282622, 1913.66599756293, 1864.8749974090606, 1820.708013838157, 1825.9999924339354, 1834.7090226598084, 1832.3750118725002, 1894.4589828606695, 1846.0419960319996, 1828.666019719094, 1823.874976253137, 1831.8750080652535, 1835.0830068811774, 1841.2090139463544, 1821.5829913970083, 1809.374982258305, 1817.3330172430724, 1812.0409804396331, 1819.3750001955777, 1799.7499962802976, 1821.1250135209411]}
