{"engine":"sqlite3","workload":"select_scan_10k","n_rows":10000,"samples":8,"median_us":1940.167,"min_us":1886.792,"iterations_us":[2208.332996815443, 1946.3330099824816, 1984.1670000459999, 1932.3340093251318, 1933.3339878357947, 1933.9999998919666, 1886.7919861804694, 1951.2080179993063]}
