{"engine":"sqlite3","workload":"select_avg_1m_i64","n_rows":1000000,"samples":8,"median_us":14275.833,"min_us":13932.250,"iterations_us":[14903.082977980375, 13932.24997445941, 14644.666982349008, 14052.540995180607, 14887.417026329786, 14009.374950546771, 14014.084008522332, 14499.1249544546]}
