{"engine":"sqlite3","workload":"select_sum_65k_i64","n_rows":65536,"samples":8,"median_us":961.354,"min_us":911.375,"iterations_us":[962.5829989090562, 942.0409915037453, 932.3749982286245, 981.4580262172967, 960.1250058040023, 911.3750129472464, 975.6670042406768, 978.0830005183816]}
