{"engine":"duckdb","workload":"select_sum_65k_i64","n_rows":65536,"samples":8,"median_us":104.771,"min_us":94.125,"iterations_us":[119.62497956119478, 123.33301128819585, 105.83401308394969, 101.707992143929, 103.70800737291574, 94.12498911842704, 116.66701175272465, 100.87501141242683]}
