{"engine":"ultrasql","iterations_us":[698.75,704.834,711.334,714.416,719.916,726.083,740.3330000000001,749.125,759.4169999999999,761.875,763.625,782.75,788.042,803.917,822.2919999999999,839.167],"median_us":759.4169999999999,"min_us":698.75,"n_rows":10000,"samples":16,"workload":"select_scan_10k"}