{"engine":"postgres17","workload":"select_sum_65k_i64","n_rows":65536,"samples":8,"median_us":27213.895,"min_us":24927.000,"iterations_us":[24927.000020397827, 28021.833015372977, 27238.83301950991, 26974.207983585075, 27214.207977522165, 27503.708988660946, 27213.583001866937, 26370.500010671094]}
