{"engine":"sqlite3","workload":"select_avg_1m_i64","n_rows":1000000,"samples":32,"median_us":14488.125,"min_us":14220.291,"iterations_us":[14312.874991446733, 14510.000008158386, 14366.707997396588, 14307.291945442557, 14438.04195150733, 14357.040985487401, 14344.708062708378, 14321.082970127463, 14220.290933735669, 14255.709014832973, 14304.20798715204, 14285.458019003272, 14305.75002450496, 14272.250002250075, 14425.541972741485, 14466.249966062605, 14382.624998688698, 15053.250011987984, 15041.665988974273, 14653.999940492213, 14659.625012427568, 14635.375002399087, 14723.500004038215, 14645.124902017415, 14692.416996695101, 14687.707996927202, 14820.375014096498, 14979.040948674083, 14911.12494841218, 14820.707961916924, 14707.457972690463, 14699.33392945677]}
