{"engine":"postgres17","workload":"select_sum_65k_i64","n_rows":65536,"samples":4,"median_us":31834.250,"min_us":29539.834,"iterations_us":[29539.833951275796, 31533.00000121817, 32135.499990545213, 36247.70900933072]}
