{"engine":"postgres17","workload":"select_avg_1m_i64","n_rows":1000000,"samples":32,"median_us":41353.292,"min_us":37211.416,"iterations_us":[47796.83300876059, 37211.415998172015, 41028.95801770501, 37781.74999752082, 38624.41697856411, 38811.291015008464, 38931.666989810765, 40170.916996430606, 39753.66699160077, 40577.70798681304, 44197.62498582713, 41794.79100275785, 41291.291010566056, 40127.2080198396, 40499.541006283835, 40522.0829998143, 41563.37500899099, 44667.95799089596, 40166.833001421764, 40698.458993574604, 40501.33301643655, 41415.292012970895, 41431.91600451246, 42387.62499880977, 43011.79200410843, 41798.666992690414, 42218.41599792242, 42086.917004780844, 42046.082991873845, 47664.209007052705, 47678.375005489215, 44304.249982815236]}
