{"engine":"clickhouse","workload":"select_avg_1m_i64","n_rows":1000000,"samples":8,"median_us":1996.875,"min_us":1757.7500257175416,"iterations_us":[2076.8340036738664, 1937.541994266212, 1760.4579916223884, 1757.7500257175416, 2127.3329912219197, 2245.2090051956475, 1968.8750035129488, 2024.8749933671206]}
