{"engine":"postgres17","workload":"select_avg_1m_i64","n_rows":1000000,"samples":32,"median_us":42097.208,"min_us":34865.708,"iterations_us":[40350.166033022106, 35278.58306188136, 34865.70809036493, 34922.70899005234, 34865.74999988079, 35388.957941904664, 35306.79200775921, 39207.99994375557, 40355.79110495746, 42555.624968372285, 42533.50000362843, 42572.75001145899, 40502.1250480786, 41606.249986216426, 42605.95794767141, 41553.374961949885, 40132.915950380266, 44323.58394842595, 42730.99999409169, 42151.166941039264, 40588.04095257074, 41251.70805491507, 45021.66609745473, 44708.62494781613, 44822.79205694795, 43644.16701719165, 46379.00006491691, 48395.41600085795, 46983.00000745803, 46771.70794457197, 42043.25005412102, 43275.70798341185]}
