{"engine":"sqlite3","workload":"select_sum_65k_i64","n_rows":65536,"samples":32,"median_us":938.771,"min_us":884.958,"iterations_us":[965.9169591031969, 960.7499814592302, 1008.9169954881072, 932.374969124794, 1092.1669891104102, 943.9580026082695, 937.2499771416187, 952.7920046821237, 941.9999551028013, 938.7499885633588, 934.7500163130462, 938.7920144945383, 935.6249938718975, 943.2919905520976, 1096.9580034725368, 908.9169907383621, 884.9580190144479, 895.500008482486, 907.5410198420286, 903.7920390255749, 910.9160164371133, 966.0000214353204, 1313.5410263203084, 1272.3749969154596, 1012.749969959259, 922.24997933954, 1000.9999969042838, 904.2499586939812, 935.3749919682741, 919.5420425385237, 921.7920014634728, 959.9999757483602]}
