{"engine":"sqlite3","workload":"select_sum_65k_i64","n_rows":65536,"samples":8,"median_us":942.896,"min_us":901.875,"iterations_us":[1048.916019499302, 982.1249986998737, 901.8750279210508, 918.292033020407, 938.7079626321793, 939.9999980814755, 946.7499912716448, 945.792009588331]}
