{"engine":"postgres17","workload":"select_sum_65k_i64","n_rows":65536,"samples":32,"median_us":28576.334,"min_us":26174.875,"iterations_us":[26174.87497627735, 28387.957980157807, 28942.29200319387, 27354.624995496124, 27829.1669965256, 28193.999984068796, 29762.41600117646, 28557.667013956234, 31953.50000169128, 27847.99999790266, 29220.083000836894, 28501.66699499823, 27993.6250008177, 27738.083997974172, 28171.332989586517, 27766.54201443307, 30389.459017897025, 29769.500019028783, 28595.00001068227, 27837.83301129006, 28099.541988922283, 29439.874982926995, 30299.87498302944, 30938.791984226555, 32033.333991421387, 30304.415995487943, 29478.542011929676, 29280.29198665172, 29858.20799949579, 28190.999990329146, 29280.666989507154, 28324.54099552706]}
