{"engine":"ultrasql","iterations_us":[30.750000000000004,34.541,34.916999999999994,35.583999999999996,37.041,37.166000000000004,37.5,38.208,38.958999999999996,42.541,42.709,43.708000000000006,44.625,44.958,46.125,46.25,46.291000000000004,46.583,46.667,46.958,47.042,47.583,48.125,48.125,48.541999999999994,49.167,49.5,49.75,51.75,52.417,53.417,64.25],"median_us":46.291000000000004,"min_us":30.750000000000004,"n_rows":1000000,"samples":32,"workload":"select_avg_1m_i64"}
