{"engine":"clickhouse","workload":"select_scan_10k","n_rows":10000,"samples":8,"median_us":1121.501,"min_us":1042.9999965708703,"iterations_us":[1489.0000165905803, 1093.9580097328871, 1105.417002690956, 1042.9999965708703, 1114.542013965547, 1128.4590000286698, 1274.9159941449761, 1135.1660068612546]}
