{"engine":"sqlite3","workload":"select_scan_10k","n_rows":10000,"samples":32,"median_us":1907.395,"min_us":1788.208,"iterations_us":[2211.665967479348, 1910.9589629806578, 1945.7910093478858, 2272.500016260892, 1879.6249642036855, 1901.0420073755085, 1886.3330478779972, 2029.4999703764915, 2053.0420006252825, 1865.207974333316, 1884.8750041797757, 1846.9999777153134, 1906.2909996137023, 1970.8750187419355, 1788.2080283015966, 1908.4999803453684, 1951.5409949235618, 1921.707997098565, 2228.3329744823277, 1811.541966162622, 1862.8750112839043, 1853.3749971538782, 1884.667028207332, 2246.082993224263, 1916.3750112056732, 1976.0839641094208, 1884.2080025933683, 1918.2919641025364, 2223.4590142033994, 1861.6250017657876, 1893.4159888885915, 1804.2500014416873]}
