{"engine":"duckdb","workload":"select_avg_1m_i64","n_rows":1000000,"samples":8,"median_us":262.708,"min_us":227.834,"iterations_us":[283.58298004604876, 286.70800384134054, 258.04201140999794, 227.83398162573576, 261.0839728731662, 230.12500605545938, 279.54200049862266, 264.33297898620367]}
