{"engine":"postgres17","workload":"select_avg_1m_i64","n_rows":1000000,"samples":8,"median_us":38996.396,"min_us":37106.042,"iterations_us":[44482.208031695336, 37106.041971128434, 37315.541005227715, 38468.29099347815, 38960.16697399318, 39032.624976243824, 39824.332983698696, 42348.333983682096]}
