{"engine":"duckdb","workload":"select_scan_10k","n_rows":10000,"samples":8,"median_us":931.958,"min_us":865.833,"iterations_us":[865.832989802584, 1014.7499851882458, 935.290998313576, 928.6249987781048, 961.2500143703073, 958.4999934304506, 907.9580195248127, 910.9169768635184]}
