{"engine":"sqlite3","workload":"select_scan_10k","n_rows":10000,"samples":8,"median_us":1966.042,"min_us":1932.875,"iterations_us":[2187.8749976167455, 1953.2080041244626, 1951.9170018611476, 2554.4999953126535, 2051.4579955488443, 1932.8750058775768, 1936.5830085007474, 1978.8750068983063]}
