{"engine":"duckdb","workload":"select_scan_10k","n_rows":10000,"samples":32,"median_us":891.771,"min_us":782.209,"iterations_us":[782.2089828550816, 982.5410088524222, 901.249994058162, 932.7499428763986, 988.5419858619571, 994.7089711204171, 899.5839743874967, 878.7920232862234, 1303.1659764237702, 1190.0829849764705, 901.70803014189, 870.9999965503812, 869.7080193087459, 859.4590472057462, 855.9170528315008, 853.2080100849271, 892.8749593906105, 862.2909663245082, 844.749971292913, 1048.3750374987721, 1346.8750403262675, 885.2910250425339, 890.6670263968408, 850.9999606758356, 848.4580321237445, 838.4169777855277, 856.3330047763884, 918.291974812746, 962.3329970054328, 883.542001247406, 1280.625001527369, 986.333005130291]}
