{"engine":"duckdb","workload":"select_sum_65k_i64","n_rows":65536,"samples":32,"median_us":96.021,"min_us":68.125,"iterations_us":[90.95796849578619, 111.66703188791871, 140.8749958500266, 117.95898899435997, 106.83404980227351, 104.33304123580456, 105.29201244935393, 102.87499753758311, 104.54101720824838, 96.20899800211191, 86.20898006483912, 87.3749959282577, 100.00000474974513, 93.50001346319914, 91.12496627494693, 92.33399759978056, 102.87499753758311, 92.83301187679172, 90.20796278491616, 87.3749959282577, 92.41700172424316, 96.7920059338212, 96.08303662389517, 76.24999852851033, 101.0000123642385, 98.54196105152369, 69.08300565555692, 68.12502397224307, 102.62499563395977, 86.5840120241046, 95.95800656825304, 84.87503509968519]}
