{"engine":"clickhouse","workload":"select_scan_10k","n_rows":10000,"samples":8,"median_us":2595.480,"min_us":2009.8340464755893,"iterations_us":[3151.666955091059, 2658.999990671873, 2365.791006013751, 3032.2920065373182, 2418.957999907434, 2531.9590349681675, 2009.8340464755893, 2930.2090406417847]}
