{"engine":"duckdb","workload":"select_sum_65k_i64","n_rows":65536,"samples":32,"median_us":76.853,"min_us":67.250,"iterations_us":[120.04200834780931, 121.2499919347465, 108.08301158249378, 102.25002188235521, 105.49998842179775, 99.45797501131892, 106.20796820148826, 98.70901703834534, 86.2079905346036, 74.99998901039362, 72.45800225064158, 69.37497528269887, 79.91702295839787, 83.45802780240774, 76.54097862541676, 73.79200542345643, 72.54199590533972, 74.58403706550598, 76.33294444531202, 77.50000804662704, 78.41596379876137, 74.29200923070312, 77.16595428064466, 74.7920130379498, 67.95901572331786, 67.49999010935426, 67.24998820573092, 69.54203126952052, 67.95802619308233, 77.8749817982316, 78.25001375749707, 74.83398076146841]}
