{"engine":"ultrasql","iterations_us":[30.542,32.792,33.25,34.041999999999994,34.125,34.167,34.417,34.458,34.625,34.792,36.083,36.417,37.042,40.5,42.958,43.0,44.042,44.333,46.5,46.75,47.125,47.209,48.416,48.541000000000004,48.708,49.958,51.459,51.875,52.541,53.708999999999996,56.333,57.708],"median_us":44.042,"min_us":30.542,"n_rows":65536,"samples":32,"workload":"select_sum_65k_i64"}
