{"engine":"ultrasql","iterations_us":[112.5,112.584,115.125,115.125,116.25,116.791,117.125,117.20800000000001,117.25,117.5,117.54199999999999,117.958,118.167,118.5,118.625,118.625,119.125,119.166,119.25,119.333,119.375,119.375,119.45899999999999,119.625,119.666,119.79100000000001,120.5,120.5,120.541,121.0,132.541,139.459],"median_us":119.125,"min_us":112.5,"n_rows":1000000,"samples":32,"workload":"select_avg_1m_i64"}
