{"engine":"sqlite3","workload":"select_scan_10k","n_rows":10000,"samples":32,"median_us":1948.833,"min_us":1851.042,"iterations_us":[2595.708006992936, 2067.9589360952377, 1984.542002901435, 1934.8339410498738, 2212.124993093312, 1941.7499424889684, 1987.7920858561993, 1977.7501001954079, 1979.4160034507513, 2021.457999944687, 1972.1660064533353, 1957.167056389153, 1976.416097022593, 1955.9169886633754, 2205.0420520827174, 1905.290991999209, 1884.083030745387, 1898.5419301316142, 1878.7499284371734, 2082.040999084711, 1904.624979943037, 1903.2919080927968, 1934.9169451743364, 1902.2909691557288, 2068.208996206522, 1940.4580816626549, 1851.0420341044664, 1857.5419671833515, 1911.209081299603, 1917.5841007381678, 2076.250035315752, 1885.2499779313803]}
