{"engine":"sqlite3","workload":"select_avg_1m_i64","n_rows":1000000,"samples":8,"median_us":14996.084,"min_us":14822.375,"iterations_us":[14827.332983259112, 14886.416960507631, 15086.084022186697, 15042.16599278152, 14966.583985369653, 15133.208013139665, 14822.374971117824, 15025.583968963474]}
