{"engine":"postgres17","workload":"select_scan_10k","n_rows":10000,"samples":8,"median_us":26304.709,"min_us":25215.750,"iterations_us":[26073.04201228544, 25215.749978087842, 26068.500010296702, 28352.291992632672, 26276.74999530427, 27850.792015669867, 26912.12500212714, 26332.66701013781]}
