{"engine":"postgres17","workload":"select_sum_65k_i64","n_rows":65536,"samples":32,"median_us":26598.167,"min_us":25457.375,"iterations_us":[26540.00010807067, 26327.45902519673, 25623.12502413988, 25457.374984398484, 26973.749976605177, 26307.58297163993, 26474.833022803068, 26604.12504337728, 28213.500045239925, 26328.457985073328, 26322.54094351083, 26823.457912541926, 26526.416069827974, 26210.959069430828, 32576.41603704542, 28411.999926902354, 27193.49996186793, 26210.375013761222, 26809.124974533916, 26304.207975044847, 26592.208072543144, 26855.58400116861, 26464.249938726425, 26618.374977260828, 27385.749970562756, 26246.916968375444, 26448.08404147625, 26615.750044584274, 27201.500022783875, 26821.334031410515, 26876.999996602535, 26930.12496456504]}
