{"engine":"sqlite3","workload":"select_sum_65k_i64","n_rows":65536,"samples":32,"median_us":996.313,"min_us":942.000,"iterations_us":[971.7079810798168, 1226.9580038264394, 1024.1660056635737, 1053.2080195844173, 1014.5420674234629, 1012.7500863745809, 1039.0829993411899, 984.2090075835586, 987.1249785646796, 992.0409647747874, 997.2089901566505, 1257.9580070450902, 1016.5420826524496, 993.2919638231397, 1006.5420065075159, 1001.1669946834445, 1010.0420331582427, 965.708983130753, 979.1249176487327, 1067.9579572752118, 984.0000420808792, 1001.916010864079, 992.1659948304296, 990.8750653266907, 966.0419309511781, 942.0000715181231, 995.4160777851939, 973.5000785440207, 969.7909699752927, 971.37491684407, 1161.583000794053, 1052.0409559831023]}
