{"engine":"ultrasql","iterations_us":[794.0,804.8340000000001,806.375,809.042,815.625,815.834,823.542,828.417,828.667,872.666,898.917,898.917,910.4169999999999,910.708,911.75,1035.375],"median_us":828.667,"min_us":794.0,"n_rows":10000,"samples":16,"workload":"select_scan_10k"}