{"engine":"sqlite3","workload":"select_scan_10k","n_rows":10000,"samples":8,"median_us":2009.458,"min_us":1989.917,"iterations_us":[2245.9579922724515, 2064.041997073218, 2001.2079912703484, 2006.1249961145222, 2017.9999992251396, 1989.9170147255063, 2002.3749966640025, 2012.791985180229]}
