{"engine":"ultrasql","iterations_us":[554.2080000000001,568.0830000000001,572.2080000000001,627.75,627.9159999999999,629.125,630.583,639.459,641.584,642.0840000000001,643.875,644.0,648.0,650.375,658.8330000000001,659.292,659.625,660.7909999999999,663.5,664.75,664.917,666.542,672.666,673.208,675.792,677.4580000000001,678.4169999999999,681.208,681.541,685.833,694.917,739.5],"median_us":659.625,"min_us":554.2080000000001,"n_rows":10000,"samples":32,"workload":"select_scan_10k"}
