{"engine":"clickhouse","workload":"select_scan_10k","n_rows":10000,"samples":8,"median_us":2910.646,"min_us":2336.791018024087,"iterations_us":[3398.3750035986304, 2336.791018024087, 2799.7499564662576, 2739.374991506338, 3196.9999545253813, 2628.292015288025, 3021.5419828891754, 3063.7909658253193]}
