{"engine":"sqlite3","workload":"select_sum_65k_i64","n_rows":65536,"samples":32,"median_us":909.792,"min_us":876.667,"iterations_us":[896.0000122897327, 904.1670127771795, 907.0000087376684, 917.4169972538948, 907.4579866137356, 912.1669863816351, 905.2919922396541, 935.8749957755208, 910.000002477318, 915.749988052994, 915.0000114459544, 910.9159873332828, 910.9160164371133, 907.2499815374613, 927.4170151911676, 936.0419935546815, 907.2919783648103, 909.3330008909106, 936.5000005345792, 911.0409882850945, 909.583002794534, 916.0420158877969, 911.4170097745955, 908.9169907383621, 974.4160051923245, 878.2499935477972, 876.667007105425, 884.0840018820018, 901.2079972308129, 894.041993888095, 909.0829989872873, 914.4170035142452]}
