{"engine":"postgres17","workload":"select_avg_1m_i64","n_rows":1000000,"samples":32,"median_us":44282.063,"min_us":37168.042,"iterations_us":[45574.416988529265, 37168.041977565736, 37334.042019210756, 38032.750017009676, 39509.79100773111, 41109.08304573968, 42224.00003345683, 43099.000002257526, 39974.74996140227, 44018.999964464456, 47823.04202672094, 45555.374992545694, 43098.874972201884, 46173.70804771781, 42677.166988141835, 46075.04099840298, 46333.83295731619, 45418.91603730619, 44456.20800834149, 44675.08295783773, 45584.70903430134, 45121.1659819819, 43609.125015791506, 37813.167029526085, 52428.33402007818, 45445.08398976177, 45736.20797600597, 44107.91699774563, 44097.541947849095, 48475.66701937467, 46756.291994825006, 44087.667018175125]}
