{"engine":"duckdb","workload":"select_avg_1m_i64","n_rows":1000000,"samples":32,"median_us":285.917,"min_us":255.166,"iterations_us":[317.54199881106615, 306.58298055641353, 293.08299417607486, 288.75001589767635, 303.2080130651593, 394.24997521564364, 288.70897949673235, 291.6659868787974, 307.12501029483974, 287.1250035241246, 283.415982266888, 314.29200316779315, 271.6669987421483, 291.12500487826765, 285.95802723430097, 273.4159934334457, 281.7499917000532, 285.8749940060079, 290.54199694655836, 256.3339949119836, 306.04100902564824, 319.54198493622243, 278.66699383594096, 267.45800278149545, 269.3750138860196, 260.50000451505184, 257.25000887177885, 257.58397532626987, 259.62499785237014, 255.16599998809397, 262.2079919092357, 255.54199237376451]}
