{"engine":"ultrasql","iterations_us":[684.5840000000001,685.959,705.25,709.75,732.458,740.208,744.834,745.625],"median_us":732.458,"min_us":684.5840000000001,"n_rows":10000,"samples":8,"workload":"select_scan_10k"}
