{"engine":"postgres17","workload":"select_scan_10k","n_rows":10000,"samples":8,"median_us":26327.979,"min_us":25302.917,"iterations_us":[25302.916998043656, 25849.708006717265, 27072.374999988824, 26542.792009422556, 26113.165979040787, 26659.916999051347, 27100.79200915061, 25810.749997617677]}
