{"engine":"clickhouse","workload":"select_avg_1m_i64","n_rows":1000000,"samples":32,"median_us":2190.917,"min_us":1689.7079767659307,"iterations_us":[4983.959021046758, 4721.333039924502, 3354.9590152688324, 2673.4169805422425, 2471.0000143386424, 2522.1669930033386, 2380.374993663281, 2386.333013419062, 2450.832980684936, 2081.874990835786, 2286.5840001031756, 2256.5830149687827, 2357.7079991810024, 1977.1250081248581, 1981.8340078927577, 2247.2499986179173, 2187.9160194657743, 1988.0419713445008, 1954.4590031728148, 2025.166992098093, 2250.624995213002, 2012.3749854974449, 1936.2079910933971, 1898.5829665325582, 1862.4580116011202, 2193.916996475309, 1828.4170073457062, 1792.2910046763718, 1704.8330046236515, 1689.7079767659307, 1727.1660035476089, 2258.8340216316283]}
