{"engine":"ultrasql","iterations_us":[691.0,704.6669999999999,719.583,750.125,765.667,845.0830000000001,920.9580000000001,940.5830000000001],"median_us":765.667,"min_us":691.0,"n_rows":10000,"samples":8,"workload":"select_scan_10k"}