{"engine":"duckdb","workload":"select_sum_65k_i64","n_rows":65536,"samples":8,"median_us":100.354,"min_us":74.541,"iterations_us":[143.50000128615648, 118.45800327137113, 96.04200022295117, 84.167011664249, 104.66699313838035, 114.37501234468073, 94.45799514651299, 74.54099250026047]}
