{"engine":"sqlite3","workload":"select_scan_10k","n_rows":10000,"samples":8,"median_us":1810.312,"min_us":1766.542,"iterations_us":[2042.874984908849, 2214.9999858811498, 1812.666014302522, 1766.5420018602163, 1801.833015633747, 1796.2499987334013, 2259.5830087084323, 1807.958004064858]}
