{"engine":"duckdb","workload":"select_scan_10k","n_rows":10000,"samples":32,"median_us":887.917,"min_us":755.333,"iterations_us":[755.3329924121499, 1038.3339831605554, 926.4159889426082, 888.3750124368817, 944.2500013392419, 869.2090050317347, 964.8750128690153, 949.5839767623693, 1107.4169888161123, 900.2499864436686, 887.4580089468509, 878.5419922787696, 881.7919879220426, 873.3749855309725, 876.5410166233778, 859.1249934397638, 861.2499805167317, 970.8750003483146, 920.9169948007911, 877.4999878369272, 909.624999621883, 912.2499905060977, 908.124988200143, 872.5410152692348, 867.0420211274177, 867.1249961480498, 865.5420097056776, 861.0000077169389, 891.6250080801547, 933.2920017186552, 880.0420037005097, 939.2919891979545]}
