{"engine":"postgres17","workload":"select_sum_65k_i64","n_rows":65536,"samples":32,"median_us":32094.938,"min_us":26462.958,"iterations_us":[26462.95801969245, 27028.125012293458, 32307.37498961389, 33542.6660021767, 34391.87497133389, 31379.791034851223, 31798.20900550112, 32330.791000276804, 31817.000010050833, 31869.291968178004, 32254.70898905769, 32531.832985114306, 31409.916991833597, 33174.16599020362, 32468.500023242086, 31402.292021084577, 32024.666026700288, 31303.29097621143, 32031.207985710353, 32098.08300016448, 32917.500007897615, 33751.916023902595, 31773.333030287176, 31680.583953857422, 32477.333035785705, 32591.8750022538, 30958.416988141835, 32388.04201828316, 32091.792032588273, 32928.4580075182, 31303.416995797306, 33831.66698040441]}
