{"engine":"postgres17","workload":"select_scan_10k","n_rows":10000,"samples":32,"median_us":25886.542,"min_us":24102.792,"iterations_us":[25023.749913088977, 25048.33391867578, 24468.792020343244, 24102.791910991073, 33833.45797192305, 26943.542063236237, 27066.83403812349, 25317.874969914556, 26831.625029444695, 25063.584093004465, 25341.62497613579, 25641.79094042629, 25352.499913424253, 26028.54196447879, 26788.041926920414, 26395.541965030134, 25853.958097286522, 25101.833045482635, 26131.41608890146, 27111.749979667366, 27412.29091770947, 25927.499984391034, 27404.582942835987, 26067.874976433814, 26065.99999126047, 25373.25001321733, 25919.124949723482, 25159.833021461964, 24975.58295726776, 25435.75002346188, 26060.624979436398, 25828.124955296516]}
