{"engine":"ultrasql","iterations_us":[600.958,622.209,624.417,624.833,628.541,630.833,633.125,634.2080000000001,641.542,649.9169999999999,651.625,654.333,654.458,655.291,655.917,658.9169999999999,659.666,661.2919999999999,661.5,665.8340000000001,665.9590000000001,666.125,668.584,669.708,671.208,671.583,673.333,680.375,682.9159999999999,686.833,695.083,708.125],"median_us":659.666,"min_us":600.958,"n_rows":10000,"samples":32,"workload":"select_scan_10k"}
