{"engine":"sqlite3","workload":"select_sum_65k_i64","n_rows":65536,"samples":32,"median_us":956.250,"min_us":912.041,"iterations_us":[978.1659464351833, 959.541997872293, 957.2089766152203, 955.2919655106962, 968.1250085122883, 935.5410002171993, 1012.1249943040311, 974.6670257300138, 982.1249986998737, 980.7499591261148, 947.4999969825149, 952.2080072201788, 980.2919812500477, 959.541997872293, 951.541995164007, 954.2920161038637, 950.2499597147107, 1041.0840041004121, 965.1249856688082, 946.7090130783617, 948.0839944444597, 948.2910390943289, 951.7089929431677, 1218.7500251457095, 940.2499999850988, 912.0409958995879, 929.4580086134374, 1159.29200546816, 961.333978921175, 1502.875005826354, 950.8749935775995, 948.9580406807363]}
