{"engine":"postgres17","workload":"select_scan_10k","n_rows":10000,"samples":8,"median_us":29403.625,"min_us":27375.208,"iterations_us":[27375.20803930238, 29838.832968380302, 29099.541949108243, 28500.999964307994, 30541.37498838827, 29265.916964504868, 29541.3329731673, 30749.45800472051]}
