{"engine":"sqlite3","workload":"select_scan_10k","n_rows":10000,"samples":8,"median_us":1977.500,"min_us":1929.583,"iterations_us":[2153.499983251095, 1983.3749975077808, 1990.834018215537, 1971.624995348975, 1934.8749774508178, 1953.2910082489252, 1929.5829988550395, 1997.1669826190919]}
