{"engine":"clickhouse","workload":"select_scan_10k","n_rows":10000,"samples":8,"median_us":1199.687,"min_us":1102.791982702911,"iterations_us":[1756.8330222275108, 1200.7500045001507, 1199.08299529925, 1200.291997520253, 1207.4169935658574, 1135.2080036886036, 1102.791982702911, 1112.708996515721]}
