{"engine":"sqlite3","workload":"select_avg_1m_i64","n_rows":1000000,"samples":8,"median_us":14360.625,"min_us":14214.208,"iterations_us":[14257.33300857246, 14214.208000339568, 14383.458998054266, 14398.875006008893, 14337.790984427556, 14331.458020024002, 14702.91701843962, 14383.750007255003]}
