{"engine":"duckdb","workload":"select_avg_1m_i64","n_rows":1000000,"samples":8,"median_us":251.062,"min_us":209.833,"iterations_us":[243.1659959256649, 225.37499899044633, 964.7499828133732, 258.9579962659627, 230.45900161378086, 281.4590116031468, 277.79099764302373, 209.83300055377185]}
