{"engine":"postgres17","workload":"select_sum_65k_i64","n_rows":65536,"samples":32,"median_us":31400.041,"min_us":27959.042,"iterations_us":[27959.04199592769, 29497.249983251095, 29857.832996640354, 30504.041002132, 29943.50000517443, 31922.750000376254, 31415.458011906594, 31433.41699615121, 30796.166975051165, 30589.083035010844, 28984.749980736524, 31384.624948259443, 30187.750002369285, 30985.416029579937, 30515.74999699369, 31270.125007722527, 30912.499991245568, 30414.707958698273, 31478.91699336469, 32619.957986753434, 30810.625001322478, 33080.584020353854, 34530.62503831461, 32173.832994885743, 31833.20799143985, 46031.582984142005, 33197.24998436868, 32428.374979645014, 33400.12504486367, 35861.04197893292, 33824.20900743455, 32796.37498781085]}
