{"engine":"duckdb","workload":"select_sum_65k_i64","n_rows":65536,"samples":4,"median_us":97.333,"min_us":95.541,"iterations_us":[109.999964479357, 95.54100688546896, 97.99998952075839, 96.66697587817907]}
