{"engine":"duckdb","workload":"select_scan_10k","n_rows":10000,"samples":32,"median_us":871.521,"min_us":754.500,"iterations_us":[754.5000407844782, 952.8750088065863, 873.2499554753304, 862.2079622000456, 887.9998931661248, 868.7919471412897, 879.9999486654997, 875.3750007599592, 1043.7500895932317, 878.8330014795065, 882.1249939501286, 855.4159430786967, 859.6249390393496, 856.9170022383332, 859.4170212745667, 852.7080062776804, 863.1249656900764, 857.5000101700425, 859.5420513302088, 863.0419615656137, 888.7499570846558, 879.6249749138951, 883.542001247406, 872.3749779164791, 873.1660200282931, 870.6670487299562, 872.8329557925463, 868.9579553902149, 865.9589802846313, 877.0000422373414, 870.1670449227095, 883.9159272611141]}
