{"engine":"clickhouse","workload":"select_scan_10k","n_rows":10000,"samples":4,"median_us":2591.917,"min_us":2368.1249585933983,"iterations_us":[3363.374969922006, 2376.332995481789, 2807.500015478581, 2368.1249585933983]}
