{"engine":"clickhouse","workload":"select_avg_1m_i64","n_rows":1000000,"samples":8,"median_us":2041.584,"min_us":1957.0000004023314,"iterations_us":[1957.0000004023314, 2049.7920049820095, 2101.708989357576, 2072.999981464818, 2001.4589827042073, 1964.3329724203795, 2033.3749998826534, 2352.541981963441]}
