{"engine":"duckdb","workload":"select_sum_65k_i64","n_rows":65536,"samples":32,"median_us":86.604,"min_us":72.959,"iterations_us":[124.62504673749208, 111.29199992865324, 102.16701775789261, 99.04091712087393, 116.08295608311892, 104.70801498740911, 88.79101369529963, 95.33297270536423, 90.58299474418163, 104.37495075166225, 98.041957244277, 85.91695223003626, 99.04103353619576, 82.41692557930946, 80.2499707788229, 88.24991527944803, 86.2909946590662, 91.08299855142832, 86.91707625985146, 83.04195944219828, 73.87506775557995, 78.58301978558302, 73.7080117687583, 80.70794865489006, 74.54201113432646, 74.37507156282663, 72.9589955881238, 79.1249331086874, 87.04198990017176, 84.50006134808064, 79.0830235928297, 78.75007577240467]}
