{"engine":"duckdb","workload":"select_sum_65k_i64","n_rows":65536,"samples":32,"median_us":88.646,"min_us":75.667,"iterations_us":[106.33294004946947, 99.83393829315901, 98.08398317545652, 88.70800957083702, 88.79101369529963, 92.7080400288105, 108.66706725209951, 96.24997619539499, 85.95793042331934, 94.45799514651299, 81.50003850460052, 79.91597522050142, 88.70800957083702, 88.62500544637442, 81.79096039384604, 77.45798211544752, 87.58308831602335, 75.66704880446196, 82.87501987069845, 77.50000804662704, 88.16702757030725, 93.50001346319914, 90.99999442696571, 91.20907634496689, 88.66691496223211, 86.99996396899223, 81.74998220056295, 94.00001727044582, 92.00000204145908, 84.12497118115425, 77.87509821355343, 87.95899339020252]}
