{"engine":"sqlite3","workload":"select_avg_1m_i64","n_rows":1000000,"samples":32,"median_us":14033.188,"min_us":13567.125,"iterations_us":[14366.499992320314, 14164.584019454196, 14453.916024649516, 14305.792021332309, 14307.042001746595, 14104.124973528087, 14034.042018465698, 14308.957994217053, 13733.542000409216, 14116.958976956084, 14032.334001967683, 13625.042018247768, 13720.66600015387, 13572.625000961125, 13702.583994017914, 13704.124983632937, 13771.957979770377, 14195.583993569016, 13795.375009067357, 14205.750019755214, 13828.541006660089, 13989.66700071469, 13930.333981988952, 14354.0829885751, 14507.20799039118, 13798.166008200496, 13702.54100766033, 13865.290995454416, 14510.249980958179, 14617.167005781084, 13567.125017289072, 14447.249996010214]}
