{"engine":"duckdb","workload":"select_scan_10k","n_rows":10000,"samples":32,"median_us":878.145,"min_us":849.667,"iterations_us":[1958.124979864806, 2177.707967348397, 1277.2909831255674, 1292.8330106660724, 2342.2089871019125, 2339.70902627334, 1196.9170300289989, 1961.5000346675515, 1145.208952948451, 872.8749817237258, 851.8329705111682, 849.6670052409172, 854.8329933546484, 868.9999813213944, 928.8330329582095, 897.4999655038118, 891.6250080801547, 882.7080018818378, 868.3330379426479, 899.9999845400453, 894.0839907154441, 873.5000155866146, 873.5829615034163, 852.9580081813037, 850.3330172970891, 872.1249760128558, 907.0000378414989, 860.7920026406646, 849.834003020078, 853.2080100849271, 864.0419691801071, 853.1669736839831]}
