{"engine":"postgres17","workload":"select_scan_10k","n_rows":10000,"samples":4,"median_us":30706.625,"min_us":30107.208,"iterations_us":[30107.20800375566, 30833.749973680824, 31533.70798099786, 30579.500016756356]}
