{"engine":"sqlite3","workload":"select_scan_10k","n_rows":10000,"samples":8,"median_us":2004.583,"min_us":1927.042,"iterations_us":[2270.0830013491213, 2163.9589976985008, 2120.1659983489662, 2029.8339950386435, 1935.333013534546, 1979.3329993262887, 1927.042001625523, 1943.1670079939067]}
