{"engine":"postgres17","workload":"select_avg_1m_i64","n_rows":1000000,"samples":32,"median_us":42855.021,"min_us":34239.500,"iterations_us":[39157.291990704834, 35515.04190545529, 34418.79095043987, 34239.50006254017, 34809.75003913045, 34597.41594269872, 34297.042060643435, 40879.16703429073, 41422.0419479534, 43906.542006880045, 42702.20792386681, 43103.915988467634, 43040.291988290846, 45007.12500885129, 44016.83295145631, 43783.16702786833, 43716.165935620666, 43143.62502191216, 43176.75007041544, 45157.874934375286, 42282.70798921585, 40704.499930143356, 41921.50000017136, 43785.08299123496, 43410.74998956174, 43062.29099165648, 42796.083027496934, 42913.95901236683, 44584.62505135685, 41533.20798650384, 47015.749965794384, 42489.29210007191]}
