{"engine":"sqlite3","workload":"select_avg_1m_i64","n_rows":1000000,"samples":32,"median_us":14382.021,"min_us":13936.208,"iterations_us":[14582.00000342913, 14274.458982981741, 14151.209004921839, 13936.207978986204, 14157.791010802612, 14085.582981351763, 14897.333981934935, 14742.250001290813, 14468.540990492329, 14250.58298627846, 14856.499998131767, 14381.874992977828, 14434.500015340745, 14382.16702081263, 14418.583014048636, 14443.457999732345, 14404.04198365286, 14255.000016419217, 14244.332996895537, 14233.333989977837, 14353.292004670948, 14302.666997537017, 14330.207981402054, 14165.37500335835, 14272.45800732635, 14348.625001730397, 14408.791990717873, 14513.95798358135, 14890.291000483558, 14953.040983527899, 14624.041999923065, 14665.91699863784]}
