{"engine":"sqlite3","workload":"select_scan_10k","n_rows":10000,"samples":32,"median_us":1900.438,"min_us":1804.084,"iterations_us":[2355.6670057587326, 1937.875000294298, 1950.1250062603503, 1877.9160163830966, 2022.5420012138784, 2032.791991950944, 1862.5840020831674, 1915.16600898467, 1931.7079859320074, 1947.6670131552964, 1910.8749984297901, 1823.1249996460974, 1951.0829879436642, 1945.5830042716116, 1804.0839931927621, 1863.2079882081598, 1815.8750026486814, 1932.4590102769434, 1945.834024809301, 1888.7920014094561, 1904.8750109504908, 1888.709026388824, 1868.125022156164, 1820.8330147899687, 1937.9580044187605, 1924.500014865771, 1843.6669779475778, 1890.5000179074705, 1879.207993624732, 1896.000001579523, 1875.6659992504865, 1859.3329878058285]}
