{"engine":"postgres17","workload":"select_scan_10k","n_rows":10000,"samples":8,"median_us":29453.771,"min_us":28162.500,"iterations_us":[29246.95803085342, 28916.166978888214, 28162.50000614673, 29181.999969296157, 32000.000006519258, 46393.62503075972, 29881.583992391825, 29660.583997610956]}
