{"engine":"ultrasql","iterations_us":[94.208,95.45899999999999,96.792,97.458,98.125,100.45800000000001,102.291,105.875],"median_us":98.125,"min_us":94.208,"n_rows":1000000,"samples":8,"workload":"select_avg_1m_i64"}
