{"engine":"duckdb","workload":"select_avg_1m_i64","n_rows":1000000,"samples":8,"median_us":307.854,"min_us":297.834,"iterations_us":[312.91699269786477, 318.5000387020409, 342.6669863983989, 306.5000055357814, 301.70800164341927, 308.75002266839147, 306.95798341184855, 297.83399077132344]}
