{"engine":"sqlite3","workload":"select_scan_10k","n_rows":10000,"samples":32,"median_us":1897.562,"min_us":1839.500,"iterations_us":[2218.8330185599625, 1974.79099733755, 1993.8339828513563, 2031.999989412725, 2096.791984513402, 1935.5840049684048, 1913.2079905830324, 1878.583978395909, 2015.9580162726343, 1849.4579708203673, 1878.3750128932297, 1888.7909827753901, 1917.8329966962337, 1989.2920390702784, 2109.1249655000865, 1882.2079873643816, 1901.8750172108412, 1892.4159812740982, 1983.0419914796948, 1882.541982922703, 1862.625009380281, 1859.9160248413682, 1865.1249702088535, 2247.8330065496266, 2637.7919712103903, 1854.0419987402856, 1839.500037021935, 1851.5409901738167, 2054.708020295948, 1891.7500274255872, 1893.2499806396663, 1867.9590430110693]}
