{"engine":"sqlite3","workload":"select_sum_65k_i64","n_rows":65536,"samples":32,"median_us":959.792,"min_us":943.791,"iterations_us":[960.4999795556068, 964.6250400692225, 1002.2090282291174, 988.6249899864197, 992.3339821398258, 989.4999675452709, 1002.7500102296472, 960.4160441085696, 968.8339196145535, 960.16691531986, 959.6250019967556, 972.3750408738852, 958.458986133337, 956.5419750288129, 959.1660927981138, 957.9160250723362, 961.8339827284217, 959.4169678166509, 959.9580662325025, 961.7499308660626, 952.0419407635927, 962.3749647289515, 970.2909737825394, 953.2499825581908, 945.833045989275, 947.2500532865524, 945.042003877461, 951.2919932603836, 949.6250422671437, 943.7910048291087, 950.1659078523517, 953.1249525025487]}
