{"engine":"postgres17","workload":"select_scan_10k","n_rows":10000,"samples":32,"median_us":29156.021,"min_us":26411.292,"iterations_us":[36880.833038594574, 29372.624994721264, 29546.957986894995, 29403.624997939914, 33090.79201426357, 29412.500036414713, 27296.66599771008, 29030.958947259933, 29231.208958663046, 27508.45899572596, 29890.624980907887, 29080.834006890655, 27679.958031512797, 30668.042018078268, 27561.625000089407, 27888.83401080966, 26411.291968543082, 27712.83296169713, 28574.583993759006, 27235.87496438995, 29383.62496206537, 28314.625029452145, 27297.833003103733, 29298.95801935345, 28288.458997849375, 26774.332975037396, 28885.33304212615, 30572.29198748246, 32533.58299843967, 32093.7079959549, 32924.04202511534, 33679.58398303017]}
