{"engine":"postgres17","workload":"select_sum_65k_i64","n_rows":65536,"samples":32,"median_us":29731.520,"min_us":24417.167,"iterations_us":[24417.16700559482, 26609.37499604188, 27617.708983598277, 29611.332982312888, 27958.91699497588, 31092.791992705315, 26975.707995006815, 32543.417008128017, 28637.875017011538, 27538.083988474682, 29851.708008209243, 27104.54200860113, 30428.12499916181, 30837.625003186986, 32074.374990770593, 31620.958005078137, 30012.99998140894, 33632.7500117477, 31059.250002726912, 32284.999993862584, 34136.91697642207, 27192.16700643301, 30486.625008052215, 27648.916991893202, 29076.750011881813, 28310.583002166823, 29047.709016595036, 31854.62497640401, 30372.41700803861, 28942.25000636652, 28614.249982638285, 31269.74997576326]}
