{"engine":"duckdb","workload":"select_sum_65k_i64","n_rows":65536,"samples":8,"median_us":111.417,"min_us":96.209,"iterations_us":[124.20798884704709, 111.75000690855086, 101.54201299883425, 108.37501031346619, 112.54099081270397, 96.20899800211191, 115.50000635907054, 111.08300532214344]}
