{"engine":"clickhouse","workload":"select_avg_1m_i64","n_rows":1000000,"samples":32,"median_us":1968.021,"min_us":1770.9588864818215,"iterations_us":[3652.457962743938, 3663.8330202549696, 3667.708020657301, 4213.790991343558, 2807.083074003458, 2176.7090074718, 2313.5420633479953, 2113.2079418748617, 1926.1670531705022, 2026.7500076442957, 1913.1250446662307, 1984.7499206662178, 1984.7920630127192, 1940.9590167924762, 1967.292046174407, 1920.917071402073, 1877.0829774439335, 1989.582902751863, 2160.125062800944, 1893.3749524876475, 1770.9588864818215, 1783.0419819802046, 1927.2500649094582, 1880.3749699145555, 1793.9999233931303, 1968.7500316649675, 1960.5419365689158, 1948.2080824673176, 2026.2920297682285, 1873.2920289039612, 1970.7499304786325, 1801.4999805018306]}
