{"engine":"ultrasql","iterations_us":[730.5,736.125,740.042,741.4169999999999,742.208,742.25,742.375,761.5840000000001,764.875,767.042,778.7090000000001,812.958,816.5,830.4169999999999,831.9580000000001,848.167],"median_us":764.875,"min_us":730.5,"n_rows":10000,"samples":16,"workload":"select_scan_10k"}