{"engine":"sqlite3","workload":"select_scan_10k","n_rows":10000,"samples":32,"median_us":1956.124,"min_us":1877.458,"iterations_us":[2338.4589003399014, 1981.249894015491, 2029.7919400036335, 1927.458099089563, 2098.7919997423887, 1954.6659896150231, 1913.1250446662307, 1986.082992516458, 1922.3750568926334, 2077.6669261977077, 1927.1249184384942, 1902.3750210180879, 2052.3329731076956, 1919.9999514967203, 2122.792066074908, 1957.5830083340406, 1940.6670471653342, 2036.582911387086, 1947.6250745356083, 2106.1659790575504, 2013.667020946741, 1915.2500899508595, 2008.7079610675573, 1892.7500350400805, 2474.7499264776707, 1948.0000482872128, 1877.4580676108599, 1993.2499853894114, 1901.332987472415, 2163.791097700596, 1919.9579255655408, 1902.5419605895877]}
