{"engine":"ultrasql","iterations_us":[560.333,565.666,573.375,576.75,584.667,585.125,590.625,592.75,592.875,592.958,596.417,601.083,603.542,605.0,610.9159999999999,612.2080000000001,619.042,619.167,620.5,621.75,623.292,636.9159999999999,640.208,652.167,655.4580000000001,657.333,674.291,682.5419999999999,730.083,775.208,853.2080000000001,1089.708],"median_us":619.042,"min_us":560.333,"n_rows":10000,"samples":32,"workload":"select_scan_10k"}
