{"engine":"sqlite3","workload":"select_avg_1m_i64","n_rows":1000000,"samples":32,"median_us":14320.355,"min_us":13910.375,"iterations_us":[13929.375010775402, 13910.37498251535, 14542.332995915785, 14799.500000663102, 14337.332977447659, 14440.792001551017, 14357.042004121467, 14354.87502021715, 14322.417002404109, 14857.417001621798, 14566.375000867993, 14440.208004089072, 14330.332982353866, 14031.166007043794, 14361.457986524329, 14318.292000098154, 14086.99998864904, 14122.708002105355, 14086.375012993813, 14267.91600533761, 14061.708992812783, 14036.874985322356, 14010.458020493388, 14316.916989628226, 14289.416983956471, 14257.000002544373, 14266.959013184533, 13931.749999755993, 14353.041973663494, 15356.874995632097, 14631.12499914132, 15127.292019315064]}
