{"engine":"sqlite3","workload":"select_avg_1m_i64","n_rows":1000000,"samples":4,"median_us":14572.167,"min_us":14456.333,"iterations_us":[14647.83400297165, 14456.333010457456, 14496.500021778047, 14740.167011041194]}
