{"engine":"duckdb","workload":"select_avg_1m_i64","n_rows":1000000,"samples":32,"median_us":327.813,"min_us":293.666,"iterations_us":[345.0000658631325, 344.8749193921685, 354.58302590996027, 339.3329679965973, 315.12498389929533, 312.7079689875245, 327.66698859632015, 312.33299523591995, 293.6660312116146, 319.7089536115527, 328.33300065249205, 328.5000566393137, 342.0839784666896, 459.50000640004873, 320.9580900147557, 295.4580122604966, 314.5829541608691, 305.6249115616083, 316.54105987399817, 342.4580208957195, 313.2499987259507, 327.9589582234621, 323.1669543311, 319.7080222889781, 372.91692569851875, 356.5419465303421, 343.83300226181746, 458.91699846833944, 375.0000614672899, 344.7079798206687, 321.29103783518076, 301.916035823524]}
