{"engine":"clickhouse","workload":"select_sum_65k_i64","n_rows":65536,"samples":8,"median_us":783.917,"min_us":698.957999702543,"iterations_us":[777.2090029902756, 852.7080062776804, 773.5409890301526, 698.957999702543, 700.6250089034438, 870.7499946467578, 840.6249980907887, 790.6249957159162]}
