{"engine":"duckdb","workload":"select_scan_10k","n_rows":10000,"samples":8,"median_us":850.417,"min_us":761.083,"iterations_us":[761.0830361954868, 1093.7500046566129, 952.0829771645367, 959.0829722583294, 858.5000177845359, 803.5829523578286, 842.333014588803, 823.4579581767321]}
