{"engine":"ultrasql","iterations_us":[7457.9169999999995,7551.166,7703.0,7836.084,7858.499999999999,7878.25,7910.5830000000005,8165.125000000001],"median_us":7858.499999999999,"min_us":7457.9169999999995,"n_rows":10000,"samples":8,"workload":"select_scan_10k"}