{"engine":"postgres17","workload":"select_avg_1m_i64","n_rows":1000000,"samples":32,"median_us":41535.125,"min_us":36742.792,"iterations_us":[47039.917029906064, 37955.540989059955, 36742.79199913144, 38046.375033445656, 38357.87501884624, 37908.50000223145, 42877.62497551739, 39464.87500797957, 41559.04101207852, 40825.04200050607, 40725.08297394961, 45752.29197507724, 41435.041988734156, 50894.37501737848, 41329.16603703052, 41528.16702844575, 44786.66704380885, 45720.24999652058, 42364.74999925122, 41120.58295868337, 42988.08396561071, 42135.125026106834, 42697.41696771234, 40254.99999988824, 44034.45799835026, 41764.624998904765, 41542.08302497864, 41476.16698173806, 40864.49998430908, 40761.33400667459, 45247.542031574994, 43370.666971895844]}
