{"engine":"ultrasql","iterations_us":[7412.7919999999995,7729.167,7850.25,7935.833,8100.792,8317.833,8537.542000000001,8574.792],"median_us":8100.792,"min_us":7412.7919999999995,"n_rows":10000,"samples":8,"workload":"select_scan_10k"}