{"engine":"duckdb","workload":"select_scan_10k","n_rows":10000,"samples":8,"median_us":897.417,"min_us":749.250,"iterations_us":[749.2499717045575, 922.7500122506171, 1032.3330061510205, 973.7499931361526, 933.3329799119383, 872.0839978195727, 828.7499949801713, 839.9999933317304]}
