{"engine":"postgres17","workload":"select_scan_10k","n_rows":10000,"samples":8,"median_us":25806.000,"min_us":25180.542,"iterations_us":[25393.62499373965, 26505.834015551955, 26786.95900249295, 25533.12500822358, 25180.541997542605, 26247.750007314608, 25950.875016860664, 25661.124993348494]}
