{"engine":"duckdb","workload":"select_avg_1m_i64","n_rows":1000000,"samples":8,"median_us":275.229,"min_us":251.958,"iterations_us":[292.6659944932908, 283.2080062944442, 275.33399406820536, 276.5410172287375, 275.12499946169555, 264.79101506993175, 272.3749785218388, 251.95800117217004]}
