{"engine":"clickhouse","workload":"select_avg_1m_i64","n_rows":1000000,"samples":8,"median_us":3489.021,"min_us":3128.6670127883554,"iterations_us":[4544.208000879735, 4126.125015318394, 3128.6670127883554, 3480.1249857991934, 3497.9170304723084, 3599.707968533039, 3262.1249556541443, 3254.7920127399266]}
