{"engine":"duckdb","workload":"select_sum_65k_i64","n_rows":65536,"samples":8,"median_us":102.355,"min_us":96.833,"iterations_us":[107.74997645057738, 96.83298412710428, 101.54099436476827, 102.16698865406215, 102.54202061332762, 113.95898764021695, 105.99999222904444, 97.91698539629579]}
