{"engine":"postgres17","workload":"select_sum_65k_i64","n_rows":65536,"samples":32,"median_us":25453.021,"min_us":23817.000,"iterations_us":[23817.00009573251, 25440.45797549188, 25059.500010684133, 25118.08299459517, 25245.91702967882, 25009.832927025855, 25255.999993532896, 25147.999986074865, 25140.83299320191, 25573.04094079882, 25253.37494444102, 25741.41602963209, 25465.58401081711, 25962.20897976309, 25672.417017631233, 25529.62489426136, 25768.165942281485, 25638.91699537635, 25761.707918718457, 25799.000053666532, 25922.333006747067, 25654.833065345883, 25837.95809186995, 25788.41696958989, 25754.124973900616, 24701.124988496304, 25502.24994774908, 25220.499956049025, 25389.624992385507, 25046.917027793825, 24935.95809210092, 24986.87501065433]}
