{"engine":"postgres17","workload":"select_avg_1m_i64","n_rows":1000000,"samples":32,"median_us":46901.938,"min_us":39247.250,"iterations_us":[117009.79099259712, 43314.16598870419, 46722.37500199117, 43689.91599767469, 39247.25000979379, 42838.79097783938, 46465.37499502301, 47641.041019232944, 54880.08298561908, 51042.000006418675, 48714.457981986925, 54129.41699614748, 47474.74999749102, 55503.41701018624, 45756.292005535215, 51484.334020642564, 51968.79099821672, 44358.12498559244, 52525.000006426126, 46403.20799080655, 47081.500000786036, 45144.75000905804, 46616.95900722407, 46196.95799192414, 40657.41697559133, 54754.70802048221, 52206.41600317322, 47184.29199419916, 45280.62499593943, 46414.832992013544, 47442.917013540864, 45268.70799600147]}
