{"engine":"sqlite3","workload":"select_sum_65k_i64","n_rows":65536,"samples":32,"median_us":937.916,"min_us":914.583,"iterations_us":[932.3339909315109, 918.7499526888132, 915.1659905910492, 916.9999975711107, 915.9999899566174, 915.5420120805502, 919.0840064547956, 917.3750295303762, 1120.4160400666296, 980.2909917198122, 951.9999730400741, 972.0840025693178, 941.0830098204315, 937.2909553349018, 977.4590143933892, 932.6249710284173, 937.9580151289701, 931.750051677227, 937.8749527968466, 1174.4999792426825, 951.1249954812229, 936.5000296384096, 933.3749767392874, 959.1249981895089, 938.87496041134, 941.4589731022716, 939.1250205226243, 934.1250406578183, 966.9999708421528, 1152.9579642228782, 948.8330106250942, 914.5830408670008]}
