{"engine":"ultrasql","iterations_us":[8257.542,8351.208,8429.75,8518.667000000001,8571.417,8620.625,8725.083999999999,8934.332999999999],"median_us":8571.417,"min_us":8257.542,"n_rows":10000,"samples":8,"workload":"select_scan_10k"}