{"engine":"postgres17","workload":"select_avg_1m_i64","n_rows":1000000,"samples":32,"median_us":43728.396,"min_us":36843.417,"iterations_us":[44630.2909986116, 37380.042020231485, 37784.2920133844, 38979.04203040525, 36843.416979536414, 40380.1670181565, 44572.874961886555, 42214.374989271164, 43778.916995506734, 44428.79097769037, 43677.87501541898, 45391.66699396446, 47269.70801129937, 44925.49999849871, 49243.41704463586, 44365.95900915563, 42815.458960831165, 42838.12496578321, 43327.41699181497, 44296.70900572091, 41511.83401700109, 41109.37501536682, 40650.16703680158, 43541.91699530929, 47684.542019851506, 41183.04199073464, 41544.54200761393, 48169.87499361858, 47242.75000626221, 48107.750015333295, 47970.70799395442, 44385.166955180466]}
