{"engine":"sqlite3","workload":"select_scan_10k","n_rows":10000,"samples":32,"median_us":1854.583,"min_us":1791.708,"iterations_us":[2136.0829705372453, 1937.6669661141932, 1922.2499686293304, 2162.7499954774976, 2107.7499841339886, 1861.2080020830035, 1815.625000745058, 1830.12499473989, 1817.9999897256494, 1913.0830187350512, 1951.62498857826, 1801.165984943509, 1840.7079624012113, 1795.666990801692, 1793.6250078491867, 1955.5830513127148, 1851.6669515520334, 1834.5830030739307, 1817.9169856011868, 1823.499973397702, 2124.0419591777027, 1887.8339906223118, 1857.499999459833, 1862.8750112839043, 1905.7499594055116, 2022.0419974066317, 1835.0420286878943, 1797.2079804167151, 1791.9170204550028, 1791.7079967446625, 1964.2079714685678, 1839.0839686617255]}
