{"engine":"sqlite3","workload":"select_avg_1m_i64","n_rows":1000000,"samples":4,"median_us":13990.667,"min_us":13771.708,"iterations_us":[14014.541986398399, 14257.874980103225, 13771.708006970584, 13966.791040729731]}
