{"engine":"sqlite3","workload":"select_sum_65k_i64","n_rows":65536,"samples":8,"median_us":938.875,"min_us":898.834,"iterations_us":[898.8339977804571, 938.6250167153776, 931.9579985458404, 938.0420087836683, 939.1249914187938, 939.7499961778522, 943.58398928307, 950.7909999229014]}
