{"engine":"postgres17","workload":"select_scan_10k","n_rows":10000,"samples":8,"median_us":27867.416,"min_us":26360.875,"iterations_us":[27986.4160111174, 29522.041993914172, 26777.583989314735, 27721.70800017193, 26360.874995589256, 27992.66597139649, 27748.416003305465, 29142.749990569428]}
