{"engine":"postgres17","workload":"select_sum_65k_i64","n_rows":65536,"samples":32,"median_us":35131.417,"min_us":24253.583,"iterations_us":[24253.582989331335, 29611.041012685746, 32650.79198172316, 36200.9170348756, 33627.50000087544, 36103.124963119626, 35308.66699293256, 35673.33298269659, 36115.124996285886, 35876.00000901148, 34262.41601118818, 36462.04195683822, 34911.87503095716, 35223.749990109354, 34624.16701950133, 34842.91594941169, 34767.45798252523, 36675.66704098135, 35062.66698241234, 34277.5410390459, 36290.665972046554, 35644.999996293336, 37853.41698676348, 34796.042018570006, 35116.625018417835, 33732.74998739362, 35985.54199561477, 34521.37502608821, 35159.37499469146, 35146.20801433921, 34542.66698099673, 35564.124991651624]}
