{"engine":"duckdb","workload":"select_scan_10k","n_rows":10000,"samples":8,"median_us":884.729,"min_us":1.000,"iterations_us":[8214.395493268967, 633.7704980978742, 89.770503109321, 297.9784912895411, 1.0, 1234.270486747846, 1607.103506103158, 1135.6874892953783]}
