{"engine":"clickhouse","workload":"select_sum_65k_i64","n_rows":65536,"samples":8,"median_us":809.021,"min_us":668.7920249532908,"iterations_us":[1025.8749825879931, 1023.0420157313347, 909.4999986700714, 784.2500053811818, 668.7920249532908, 728.9590139407665, 787.6250019762665, 830.4170041810721]}
