{"engine":"sqlite3","workload":"select_scan_10k","n_rows":10000,"samples":8,"median_us":1879.625,"min_us":1850.500,"iterations_us":[2203.333016950637, 1904.5000080950558, 1870.292006060481, 1878.916984423995, 2143.1250497698784, 1880.3339917212725, 1850.5000043660402, 1866.667007561773]}
