{"engine":"duckdb","workload":"select_sum_65k_i64","n_rows":65536,"samples":8,"median_us":106.854,"min_us":94.208,"iterations_us":[109.49998977594078, 98.87502528727055, 114.91699842736125, 109.70802395604551, 104.20801118016243, 98.45799650065601, 109.79198850691319, 94.20799324288964]}
