{"engine":"postgres17","workload":"select_scan_10k","n_rows":10000,"samples":4,"median_us":28892.250,"min_us":28119.709,"iterations_us":[28591.29203716293, 29983.6250487715, 29193.208960350603, 28119.70899347216]}
