{"engine":"sqlite3","workload":"select_avg_1m_i64","n_rows":1000000,"samples":32,"median_us":14429.895,"min_us":14028.000,"iterations_us":[14950.37495624274, 14946.541981771588, 16010.207997169346, 14607.250050175935, 15412.750013638288, 14417.541970033199, 14548.16700424999, 14396.917016711086, 14474.249968770891, 14028.000005055219, 14151.87498787418, 14487.500011455268, 14083.791989833117, 14435.165969189256, 14606.499986257404, 14322.708011604846, 14563.08300839737, 14551.832980941981, 14232.916990295053, 14259.250019676983, 14181.042031850666, 14086.208015214652, 14353.083039168268, 14091.583958361298, 14615.24999467656, 14222.041994798928, 14493.457973003387, 14424.624969251454, 14351.457997690886, 14221.415971405804, 14485.749998129904, 14590.457954909652]}
