{"engine":"sqlite3","workload":"select_sum_65k_i64","n_rows":65536,"samples":4,"median_us":964.667,"min_us":935.709,"iterations_us":[953.4170385450125, 975.9169770404696, 1107.7920207753778, 935.7089875265956]}
