{"engine":"ultrasql","iterations_us":[31.834,32.042,32.458,33.875,34.292,34.292,34.459,34.459,35.958,37.5,37.833999999999996,39.833000000000006,41.166,41.666,42.375,45.0,45.041,45.583,45.833,46.25,46.458999999999996,46.958,47.0,47.75,48.208000000000006,49.084,50.458,52.125,52.875,53.125,55.584,60.042],"median_us":45.041,"min_us":31.834,"n_rows":65536,"samples":32,"workload":"select_sum_65k_i64"}
