{"engine":"postgres17","workload":"select_sum_65k_i64","n_rows":65536,"samples":8,"median_us":27761.667,"min_us":24629.292,"iterations_us":[24629.29199100472, 27221.791999181733, 27671.45898542367, 28113.707987358794, 27499.165997141972, 28140.709007857367, 28851.29099013284, 27851.874998304993]}
