{"engine":"duckdb","workload":"select_scan_10k","n_rows":10000,"samples":8,"median_us":894.229,"min_us":787.250,"iterations_us":[787.2499991208315, 962.4999947845936, 937.832985073328, 894.3330030888319, 920.5829992424697, 894.1249980125576, 888.4999842848629, 868.7920053489506]}
