{"engine":"duckdb","workload":"select_scan_10k","n_rows":10000,"samples":32,"median_us":906.521,"min_us":807.042,"iterations_us":[807.0420008152723, 1022.3750141449273, 929.2089962400496, 913.6250009760261, 871.2080016266555, 909.2919935937971, 890.415976755321, 917.1249985229224, 1402.0410017110407, 1043.7079763505608, 933.1250039394945, 845.0829773209989, 911.1250110436231, 882.4170217849314, 898.4580053947866, 876.5830134507269, 865.1659882161766, 900.5829924717546, 877.2500150371343, 1052.7920094318688, 1096.7499983962625, 1012.6659763045609, 1085.166004486382, 955.0840186420828, 867.66600725241, 862.7499919384718, 903.7499839905649, 875.6250026635826, 900.2920123748481, 1058.2499962765723, 971.2920000310987, 831.7079918924719]}
