{"engine":"sqlite3","workload":"select_sum_65k_i64","n_rows":65536,"samples":8,"median_us":983.521,"min_us":961.333,"iterations_us":[961.3330039428547, 1003.7080064648762, 1025.24999238085, 1154.2919964995235, 990.2500023599714, 976.7919982550666, 970.959008554928, 972.041001659818]}
