{"engine":"ultrasql","iterations_us":[112.70800000000001,113.83300000000001,114.95800000000001,116.834,123.24999999999999,124.33299999999998,126.417,137.708],"median_us":123.24999999999999,"min_us":112.70800000000001,"n_rows":1000000,"samples":8,"workload":"select_avg_1m_i64"}