{"engine":"clickhouse","workload":"select_avg_1m_i64","n_rows":1000000,"samples":8,"median_us":1856.230,"min_us":1741.1669832654297,"iterations_us":[2243.6250001192093, 1864.9999983608723, 2057.332982076332, 1959.9160004872829, 1822.7089894935489, 1847.459003329277, 1741.1669832654297, 1812.5839997082949]}
