{"engine":"duckdb","workload":"select_scan_10k","n_rows":10000,"samples":32,"median_us":878.333,"min_us":771.584,"iterations_us":[771.5839892625809, 972.8330187499523, 937.0000334456563, 931.0829918831587, 898.6670291051269, 894.7079768404365, 879.3330052867532, 895.7090321928263, 1073.6659169197083, 875.0000270083547, 881.2920423224568, 877.3331064730883, 867.874943651259, 926.5419794246554, 883.5839107632637, 872.2919737920165, 881.1249863356352, 875.6669703871012, 865.9169543534517, 871.6249139979482, 905.5420523509383, 873.3330760151148, 872.0409823581576, 876.0830387473106, 901.2500522658229, 896.7079920694232, 874.3749931454659, 879.3749148026109, 853.167031891644, 868.0829778313637, 862.0410226285458, 853.6670356988907]}
