{"engine":"duckdb","workload":"select_scan_10k","n_rows":10000,"samples":4,"median_us":868.458,"min_us":761.917,"iterations_us":[761.917035561055, 919.6660248562694, 899.45801300928, 837.4580065719783]}
