{"engine":"sqlite3","workload":"select_avg_1m_i64","n_rows":1000000,"samples":32,"median_us":14235.896,"min_us":13520.291,"iterations_us":[14012.166997417808, 14376.917009940371, 13943.08399176225, 14338.750013848767, 13913.833972765133, 14492.792019154876, 14070.208999328315, 14030.20799625665, 14055.667008506134, 14013.125008204952, 14020.83397260867, 14011.207997100428, 14056.20900914073, 14100.2910095267, 14044.040988665074, 13520.291016902775, 14374.916994711384, 14259.249990573153, 14232.082990929484, 14243.500016164035, 14260.334020946175, 14237.458002753556, 14241.41600728035, 14238.500007195398, 14267.874998040497, 14234.87500869669, 14212.29200786911, 14239.167008781806, 14236.916991649196, 14630.707999458537, 14477.749995421618, 14739.79200818576]}
