{"engine":"sqlite3","workload":"select_sum_65k_i64","n_rows":65536,"samples":8,"median_us":977.542,"min_us":962.250,"iterations_us":[963.7090261094272, 998.9580139517784, 982.7920002862811, 980.3749853745103, 982.5000015553087, 968.3330135885626, 962.2499928809702, 974.7089934535325]}
