{"engine":"duckdb","workload":"select_sum_65k_i64","n_rows":65536,"samples":8,"median_us":103.374,"min_us":92.916,"iterations_us":[126.83402746915817, 104.83298683539033, 101.91596811637282, 106.62496788427234, 106.99999984353781, 98.99999713525176, 92.9159577935934, 94.04204320162535]}
