{"engine":"ultrasql","iterations_us":[59.542,61.417,62.62500000000001,62.62500000000001,64.084,65.792,69.875,73.25],"median_us":64.084,"min_us":59.542,"n_rows":65536,"samples":8,"workload":"select_sum_65k_i64"}