{"engine":"postgres17","workload":"select_sum_65k_i64","n_rows":65536,"samples":32,"median_us":32153.104,"min_us":24180.125,"iterations_us":[24180.12503767386, 27870.8339901641, 31260.750023648143, 31249.583000317216, 35066.58301921561, 33145.66699555144, 30895.916977897286, 32024.45898205042, 32971.874985378236, 31934.50003163889, 33606.79099569097, 32010.91702794656, 31924.79198332876, 31380.583008285612, 32812.45904508978, 31310.33305544406, 32858.83303033188, 31552.95900069177, 32763.709023129195, 34259.54200793058, 30645.999999251217, 33540.333970449865, 32403.29201798886, 32281.74999821931, 32334.33299465105, 31730.249989777803, 34268.08398216963, 32530.62500152737, 32296.999997925013, 31436.541001312435, 31774.208007846028, 32837.58397446945]}
