{"engine":"postgres17","workload":"select_scan_10k","n_rows":10000,"samples":32,"median_us":29463.834,"min_us":26462.250,"iterations_us":[35659.208020661026, 33086.75001608208, 32118.832983542234, 31368.41597734019, 28952.458000276238, 30649.708001874387, 78572.75000424124, 32204.167015152052, 28052.917012246326, 27262.29198742658, 26647.29199022986, 28472.791018430144, 27810.54101069458, 26577.12498330511, 31808.875006390736, 33458.041987614706, 28610.165987629443, 31513.833004282787, 28422.834002412856, 29975.209006806836, 31877.291010459885, 30293.12498983927, 27706.87500014901, 31737.750017782673, 30058.9160178788, 32548.250019317493, 27458.33300286904, 26462.25001080893, 28385.625017108396, 27297.16702015139, 27354.37502269633, 26967.709010932595]}
