{"engine":"duckdb","workload":"select_avg_1m_i64","n_rows":1000000,"samples":32,"median_us":215.480,"min_us":202.292,"iterations_us":[272.91709557175636, 267.75000151246786, 276.4579840004444, 256.7910123616457, 257.6670376583934, 248.66696912795305, 257.66692124307156, 262.1249295771122, 220.20796313881874, 240.87505880743265, 212.6250183209777, 214.3339952453971, 202.5839639827609, 209.58308596163988, 212.58392371237278, 252.08306033164263, 229.3749712407589, 202.29211077094078, 207.66595844179392, 205.5830555036664, 202.5000285357237, 215.41700698435307, 208.41695368289948, 208.00007041543722, 255.66702242940664, 236.33299861103296, 211.12500689923763, 204.79096565395594, 205.87502513080835, 205.5000513792038, 215.5420370399952, 239.5829651504755]}
