{"engine":"duckdb","workload":"select_scan_10k","n_rows":10000,"samples":8,"median_us":912.875,"min_us":766.458,"iterations_us":[766.4579898118973, 964.2909863032401, 883.3339961711317, 873.708981089294, 920.7080001942813, 911.0420069191605, 917.8339969366789, 914.708012714982]}
