{"engine":"clickhouse","workload":"select_sum_65k_i64","n_rows":65536,"samples":8,"median_us":674.667,"min_us":648.0420124717057,"iterations_us":[667.5829936284572, 675.8749950677156, 673.4589987900108, 648.0420124717057, 653.0839891638607, 738.2920011878014, 853.6670065950602, 869.790994329378]}
