{"engine":"duckdb","workload":"select_sum_65k_i64","n_rows":65536,"samples":4,"median_us":104.083,"min_us":96.458,"iterations_us":[100.5409867502749, 123.5419767908752, 107.6249754987657, 96.45801037549973]}
