{"engine":"duckdb","workload":"select_avg_1m_i64","n_rows":1000000,"samples":32,"median_us":258.813,"min_us":211.625,"iterations_us":[335.6250235810876, 336.4169970154762, 260.58300863951445, 275.29196813702583, 289.4169883802533, 288.37501304224133, 272.99998328089714, 261.75001403316855, 260.3330067358911, 266.1659964360297, 257.04200379550457, 262.749963440001, 255.541002843529, 258.5420152172446, 258.9169889688492, 258.70802346616983, 242.54200980067253, 248.58297547325492, 245.29098300263286, 252.04202393069863, 281.87502175569534, 249.95795683935285, 250.0839764252305, 219.62501341477036, 251.04195810854435, 269.54198256134987, 263.7500292621553, 220.83299700170755, 211.62501070648432, 229.8750332556665, 250.62501663342118, 269.667012616992]}
