{"engine":"sqlite3","workload":"select_avg_1m_i64","n_rows":1000000,"samples":8,"median_us":14625.500,"min_us":14364.625,"iterations_us":[14364.624978043139, 14593.624975532293, 14888.083009282127, 14647.791016614065, 14570.041006663814, 14694.875018903986, 14603.207993786782, 15335.750009398907]}
