{"engine":"sqlite3","workload":"select_sum_65k_i64","n_rows":65536,"samples":32,"median_us":909.292,"min_us":851.542,"iterations_us":[908.2909964490682, 908.4590128622949, 926.2920066248626, 910.1250034291297, 914.7090022452176, 932.2499972768128, 931.2499896623194, 947.3329992033541, 944.4169991184026, 851.5419904142618, 884.2080133035779, 883.5829794406891, 893.9169929362833, 914.1670016106218, 892.9999894462526, 899.0839996840805, 907.2090033441782, 912.6660006586462, 937.2500062454492, 941.2919753231108, 884.3330142553896, 910.1670002564788, 906.750006834045, 937.5410154461861, 879.8750059213489, 886.9169978424907, 893.2909986469895, 897.7910038083792, 905.8750001713634, 936.9580075144768, 919.5829916279763, 938.7499885633588]}
