{"engine":"duckdb","workload":"select_avg_1m_i64","n_rows":1000000,"samples":32,"median_us":288.355,"min_us":251.833,"iterations_us":[402.2079810965806, 549.2920172400773, 524.125003721565, 430.5829934310168, 287.70900098606944, 293.45901566557586, 267.58399326354265, 267.08299992606044, 264.20800713822246, 332.292023813352, 397.75000186637044, 656.8749959114939, 635.7080128509551, 358.49999403581023, 278.66699383594096, 261.58298715017736, 282.8339929692447, 272.49997947365046, 265.4590061865747, 270.33299556933343, 251.83300022035837, 282.3329996317625, 301.91699624992907, 272.49997947365046, 289.0000178012997, 274.0840136539191, 295.83400464616716, 315.9589832648635, 291.2500058300793, 274.00001999922097, 281.9579967763275, 298.29199775122106]}
