{"engine":"postgres17","workload":"select_sum_65k_i64","n_rows":65536,"samples":8,"median_us":31774.646,"min_us":24956.875,"iterations_us":[24956.875015050173, 30800.541979260743, 32237.792038358748, 30732.959043234587, 32091.917004436255, 32495.541963726282, 31616.375024896115, 31932.917016092688]}
