{"engine":"clickhouse","workload":"select_sum_65k_i64","n_rows":65536,"samples":32,"median_us":791.542,"min_us":663.5410245507956,"iterations_us":[1723.9589942619205, 1843.9999548718333, 2057.7500108629465, 2147.0829378813505, 1717.7499830722809, 1596.583053469658, 1857.9160096123815, 2656.0829719528556, 2222.0410173758864, 1524.4589885696769, 1010.0000072270632, 908.3329932764173, 764.0409749001265, 714.2079994082451, 746.2080102413893, 732.7919593080878, 777.2909011691809, 685.7919506728649, 682.624988257885, 1120.8750074729323, 1108.7909806519747, 882.3750540614128, 792.7920669317245, 733.9579751715064, 718.9579773694277, 668.3750543743372, 694.4169290363789, 707.9590577632189, 694.7499932721257, 706.4169039949775, 663.5410245507956, 790.2920478954911]}
