{"engine":"sqlite3","workload":"select_sum_65k_i64","n_rows":65536,"samples":8,"median_us":960.833,"min_us":938.375,"iterations_us":[948.8749783486128, 1212.3750057071447, 938.3750148117542, 964.8330160416663, 957.0419788360596, 964.1250362619758, 976.9999887794256, 957.5409931130707]}
