{"engine":"duckdb","workload":"select_sum_65k_i64","n_rows":65536,"samples":32,"median_us":93.625,"min_us":72.375,"iterations_us":[114.24999684095383, 112.16697748750448, 101.91596811637282, 107.91601380333304, 102.87499753758311, 110.70800246670842, 115.00000255182385, 98.45895692706108, 106.29097232595086, 90.08299093693495, 93.95898086950183, 96.12500434741378, 98.83299935609102, 95.95800656825304, 97.20795787870884, 95.66597873345017, 90.66704660654068, 85.87504271417856, 94.20799324288964, 89.49998300522566, 93.29104796051979, 79.45799734443426, 74.37501335516572, 78.62498750910163, 88.91697507351637, 83.99999933317304, 81.62495214492083, 79.08296538516879, 72.37499812617898, 78.04099004715681, 82.7079638838768, 76.79197005927563]}
