{"engine":"postgres17","workload":"select_avg_1m_i64","n_rows":1000000,"samples":32,"median_us":53912.417,"min_us":42039.417,"iterations_us":[47954.16595879942, 42606.91604577005, 42039.417079649866, 42695.000069215894, 44205.958023667336, 51340.000005438924, 54457.582999020815, 55043.00002939999, 52476.041950285435, 53353.16597484052, 52485.70896219462, 55663.70894666761, 54197.70895969123, 58016.62500016391, 60048.58296364546, 59061.74995470792, 59553.58291976154, 53673.041984438896, 53896.083030849695, 53956.74996543676, 53331.000031903386, 53803.16695664078, 52304.08301576972, 53928.749985061586, 54187.79200408608, 54497.95909225941, 54213.91595155001, 55027.458001859486, 54984.20796357095, 54352.832958102226, 52311.87492609024, 51428.499980829656]}
