{"engine":"duckdb","workload":"select_scan_10k","n_rows":10000,"samples":32,"median_us":882.062,"min_us":774.417,"iterations_us":[774.4170143269002, 969.2499879747629, 920.3750232700258, 912.16602595523, 915.374985197559, 893.2920172810555, 885.8329965732992, 895.7920072134584, 1080.1669850479811, 892.4160210881382, 878.2919903751463, 874.167017173022, 868.5000066179782, 925.4580072592944, 1114.7079931106418, 919.2079887725413, 910.000002477318, 946.917018154636, 876.334001077339, 910.2080075535923, 896.3340078480542, 828.0419860966504, 835.7079932466149, 855.8330009691417, 868.1670005898923, 857.2090009693056, 822.9580125771463, 811.125006293878, 820.6249913200736, 836.124992929399, 848.9589963573962, 849.874981213361]}
