{"engine":"duckdb","workload":"select_avg_1m_i64","n_rows":1000000,"samples":32,"median_us":249.084,"min_us":199.500,"iterations_us":[271.20899176225066, 272.95900508761406, 362.20799665898085, 322.7089764550328, 291.8749814853072, 294.7499742731452, 260.8749782666564, 266.7090157046914, 270.62499430030584, 261.87498588114977, 251.70802837237716, 249.04200108721852, 239.95799710974097, 255.5830287747085, 217.24996622651815, 245.95798458904028, 226.00003285333514, 237.37503215670586, 242.83304810523987, 248.12499759718776, 236.75005650147796, 245.5409849062562, 249.12500521168113, 246.6249861754477, 245.3339984640479, 245.04197062924504, 244.33399084955454, 199.50000569224358, 228.83398924022913, 255.33302687108517, 279.1670267470181, 256.0419961810112]}
