{"engine":"sqlite3","workload":"select_scan_10k","n_rows":10000,"samples":32,"median_us":1897.895,"min_us":1831.125,"iterations_us":[2207.042067311704, 1972.1250282600522, 1957.833068445325, 1953.4170860424638, 1889.3330125138164, 1947.1669802442193, 1936.9999645277858, 1894.4171024486423, 1912.9590364173055, 1832.667039707303, 1831.1250023543835, 1839.6670930087566, 1897.3329570144415, 1851.2089736759663, 1908.4999803453684, 1863.333978690207, 1894.0420122817159, 1875.5840137600899, 1904.9170659855008, 1907.7080069109797, 2070.8750234916806, 1919.3340558558702, 1898.457994684577, 1881.5830117091537, 1946.1249466985464, 1911.3749731332064, 1919.7079818695784, 1890.7500198110938, 1874.250010587275, 1879.4159404933453, 1884.999917820096, 1869.875006377697]}
