{"engine":"sqlite3","workload":"select_scan_10k","n_rows":10000,"samples":8,"median_us":1225.083,"min_us":880.854,"iterations_us":[1017.228998534847, 1929.3959994683973, 880.8539932942949, 1249.561995791737, 1200.6039978587069, 985.3949959506281, 1793.0620015249588, 1343.436997558456]}
