{"engine":"sqlite3","workload":"select_sum_65k_i64","n_rows":65536,"samples":8,"median_us":942.833,"min_us":926.375,"iterations_us":[953.1249816063792, 933.0419998150319, 953.7499863654375, 943.1669896002859, 942.4999880138785, 926.3750107493252, 967.7919733803719, 935.667019803077]}
