{"engine":"clickhouse","workload":"select_scan_10k","n_rows":10000,"samples":8,"median_us":1172.333,"min_us":1037.1249809395522,"iterations_us":[1657.1249871049076, 1195.0840125791728, 1163.2080131676048, 1116.4999741595238, 1181.4580066129565, 1185.5410120915622, 1160.6249900069088, 1037.1249809395522]}
