{"engine":"postgres17","workload":"select_scan_10k","n_rows":10000,"samples":32,"median_us":28803.854,"min_us":27244.666,"iterations_us":[27583.16695690155, 30685.66700676456, 29483.916994649917, 29437.332996167243, 29627.49998550862, 30814.208032097667, 28964.958037249744, 29035.91701760888, 30389.416962862015, 29529.666993767023, 29073.000012431294, 29156.999953556806, 29396.62500284612, 28738.49996831268, 28099.958028178662, 27559.707988984883, 27489.20797603205, 29549.875005614012, 28659.208968747407, 28061.249991878867, 29180.790996178985, 27244.66600921005, 27246.16602063179, 28271.83296903968, 29316.583008039743, 28213.20795919746, 28208.83400272578, 27859.25002535805, 28568.833018653095, 28869.20899618417, 27688.41601209715, 27989.499969407916]}
