{"engine":"clickhouse","workload":"select_sum_65k_i64","n_rows":65536,"samples":32,"median_us":787.896,"min_us":641.8749690055847,"iterations_us":[2917.541947681457, 2609.791001304984, 2931.9170280359685, 2356.500015594065, 2207.3329892009497, 1316.750014666468, 918.4590307995677, 789.0000124461949, 824.208022095263, 792.1250071376562, 1035.7919964008033, 1060.9999881125987, 824.6669895015657, 771.3749655522406, 812.583020888269, 698.5419895499945, 681.0409831814468, 786.7910317145288, 723.1250056065619, 728.667015209794, 715.0419987738132, 759.0830209665, 963.3339941501617, 829.1249978356063, 771.7089611105621, 770.582992117852, 757.0830057375133, 715.6670326367021, 676.2080010958016, 655.7499873451889, 659.0830162167549, 641.8749690055847]}
