{"engine":"clickhouse","workload":"select_avg_1m_i64","n_rows":1000000,"samples":8,"median_us":1973.020,"min_us":1860.6249941512942,"iterations_us":[2168.542006984353, 2116.6669903323054, 2089.625020744279, 1863.000012235716, 1861.7500027175993, 1945.4580033198, 2000.58298651129, 1860.6249941512942]}
