{"engine":"sqlite3","workload":"select_sum_65k_i64","n_rows":65536,"samples":32,"median_us":920.479,"min_us":895.375,"iterations_us":[946.6250194236636, 942.2920411452651, 934.1250406578183, 948.2080349698663, 977.1249606274068, 919.0419805236161, 905.3749963641167, 900.6250184029341, 905.1249944604933, 911.7909939959645, 920.6249960698187, 918.5000089928508, 919.0000128000975, 920.3330264426768, 1051.4999739825726, 929.4169722124934, 917.4590231850743, 897.4579977802932, 913.7090528383851, 921.8750055879354, 918.5419767163694, 927.042041439563, 1033.9170112274587, 907.1669774129987, 929.6250063925982, 1030.7499906048179, 979.2080381885171, 1093.0830030702055, 920.8329720422626, 895.3750366345048, 918.2909852825105, 908.584042917937]}
