{"engine":"postgres17","workload":"select_sum_65k_i64","n_rows":65536,"samples":8,"median_us":28173.584,"min_us":25256.500,"iterations_us":[25256.499997340143, 27880.33301476389, 28043.708007317036, 29228.958999738097, 30246.3750122115, 27127.33400403522, 28303.458995651454, 28602.62501053512]}
