{"engine":"ultrasql","iterations_us":[8694.042000000001,8731.125,8760.917,8877.708999999999,8942.75,8963.041,9132.875,9287.583999999999],"median_us":8942.75,"min_us":8694.042000000001,"n_rows":65536,"samples":8,"workload":"select_sum_65k_i64"}