{"engine":"ultrasql","iterations_us":[30.459,33.334,33.75,36.958,37.958,39.875,41.708,43.041,44.0,44.333,44.542,45.208,46.292,46.583,47.667,48.458999999999996,48.875,49.666999999999994,49.792,50.375,50.458,51.334,51.416,51.916999999999994,52.25,52.958,53.791000000000004,53.958,56.333,65.709,74.375,79.917],"median_us":48.875,"min_us":30.459,"n_rows":65536,"samples":32,"workload":"select_sum_65k_i64"}
