{"engine":"duckdb","workload":"select_avg_1m_i64","n_rows":1000000,"samples":8,"median_us":256.312,"min_us":249.625,"iterations_us":[279.2079758364707, 271.58300508745015, 249.8330140952021, 250.75001758523285, 259.9580038804561, 264.6670036483556, 252.666010055691, 249.62497991509736]}
