{"engine":"ultrasql","iterations_us":[569.9169999999999,577.791,582.084,584.75,599.25,614.417,620.708,622.4159999999999,622.875,623.25,636.208,639.2909999999999,640.0,646.9159999999999,647.083,648.1669999999999,650.6669999999999,652.708,653.25,653.8330000000001,656.042,659.542,664.0,667.0,667.75,669.625,669.917,673.958,719.459,757.4590000000001,818.625,1067.583],"median_us":650.6669999999999,"min_us":569.9169999999999,"n_rows":10000,"samples":32,"workload":"select_scan_10k"}
