{"engine":"postgres17","workload":"select_sum_65k_i64","n_rows":65536,"samples":32,"median_us":31004.188,"min_us":26230.833,"iterations_us":[26230.832998408005, 30743.45801724121, 38520.208006957546, 32559.540995862335, 31326.041993452236, 34215.499996207654, 33521.62498049438, 31653.87499029748, 33099.83399230987, 33005.62500953674, 29625.8750022389, 29543.290991568938, 28542.8749921266, 31932.20801767893, 31715.332996100187, 31261.708994861692, 29630.125005496666, 28875.95898937434, 30684.290977660567, 30462.16699294746, 30359.9160106387, 34432.45799280703, 34626.70900626108, 30910.292000044137, 30479.417007882148, 37239.04199432582, 31098.08301087469, 28873.625007690862, 29113.708005752414, 28220.04200424999, 30731.250008102506, 34123.332996387035]}
