{"engine":"duckdb","workload":"select_sum_65k_i64","n_rows":65536,"samples":8,"median_us":96.042,"min_us":81.250,"iterations_us":[109.45898247882724, 95.75003059580922, 103.00002759322524, 109.20903878286481, 96.33396985009313, 86.33401012048125, 94.12498911842704, 81.24997839331627]}
