{"engine":"postgres17","workload":"select_scan_10k","n_rows":10000,"samples":32,"median_us":29628.208,"min_us":26840.834,"iterations_us":[26840.834005270153, 29017.41600362584, 30323.87502025813, 29636.4999958314, 30153.916974086314, 29350.37499992177, 30392.790969926864, 29991.41695909202, 30247.6659999229, 29991.95799930021, 29623.500013258308, 29827.708029188216, 30243.917019106448, 29632.915975525975, 28925.45802751556, 29308.209021110088, 29262.500000186265, 30545.042012818158, 29846.624995116144, 29817.458998877555, 30019.54103820026, 29728.45803014934, 27913.915982935578, 27929.79101650417, 28682.874981313944, 28206.540970131755, 29144.582978915423, 28022.749989759177, 29092.99999009818, 30517.834005877376, 29297.374945599586, 28467.583004385233]}
