{"engine":"clickhouse","workload":"select_scan_10k","n_rows":10000,"samples":4,"median_us":2891.063,"min_us":2629.916009027511,"iterations_us":[3874.792018905282, 2629.916009027511, 2899.791987147182, 2882.3339962400496]}
