{"engine":"duckdb","workload":"select_avg_1m_i64","n_rows":1000000,"samples":8,"median_us":266.895,"min_us":249.000,"iterations_us":[279.2919985949993, 266.415998339653, 267.37499865703285, 258.83401394821703, 248.99998970795423, 279.91700335405767, 273.04200921207666, 261.3749966258183]}
