{"engine":"clickhouse","workload":"select_scan_10k","n_rows":10000,"samples":8,"median_us":1161.812,"min_us":1090.3750080615282,"iterations_us":[1846.1250001564622, 1263.4580198209733, 1207.7919964212924, 1181.5420002676547, 1127.2499978076667, 1090.3750080615282, 1142.0829978305846, 1103.4580238629133]}
