{"engine":"duckdb","workload":"select_avg_1m_i64","n_rows":1000000,"samples":32,"median_us":324.041,"min_us":243.084,"iterations_us":[326.4159895479679, 330.7089791633189, 546.3749985210598, 439.2499686218798, 269.9579927138984, 321.66700111702085, 329.8329538665712, 288.9579627662897, 283.54203095659614, 292.04197926446795, 316.5830275975168, 318.24997859075665, 270.3749923966825, 335.2499916218221, 276.1669456958771, 258.74999118968844, 313.4160069748759, 2310.2080449461937, 968.9159924164414, 543.5409839265049, 686.6249605081975, 462.7499729394913, 397.83300599083304, 616.8749532662332, 490.8339469693601, 296.74998950213194, 284.83400819823146, 332.99997448921204, 287.5829814001918, 334.7909660078585, 257.1669756434858, 243.08398133143783]}
