{"engine":"ultrasql","iterations_us":[47.834,51.583,61.291000000000004,68.458],"median_us":61.291000000000004,"min_us":47.834,"n_rows":65536,"samples":4,"workload":"select_sum_65k_i64"}
