{"engine":"ultrasql","iterations_us":[26.166999999999998,26.291999999999998,27.084,28.083,29.5,29.541999999999998,31.583,34.334,38.584,40.166999999999994,41.208000000000006,42.875,44.792,49.833000000000006,50.458,58.833],"median_us":38.584,"min_us":26.166999999999998,"n_rows":65536,"samples":16,"workload":"select_sum_65k_i64"}