{"engine":"sqlite3","workload":"select_sum_65k_i64","n_rows":65536,"samples":32,"median_us":937.875,"min_us":914.500,"iterations_us":[941.1249775439501, 934.1250406578183, 974.8749434947968, 936.332973651588, 965.3330780565739, 983.0420603975654, 970.4169351607561, 969.4170439615846, 961.1250134184957, 929.0419984608889, 917.4590231850743, 916.9999975711107, 914.4999785348773, 918.9998963847756, 936.9580075144768, 921.5000318363309, 916.499993763864, 942.8750490769744, 919.4579906761646, 958.2081111148, 977.0409669727087, 965.291983447969, 964.7089755162597, 962.125021032989, 970.1659437268972, 931.6669311374426, 930.3330443799496, 934.1660188511014, 930.874957703054, 950.0409942120314, 931.0839232057333, 938.7920144945383]}
