{"engine":"sqlite3","workload":"select_avg_1m_i64","n_rows":1000000,"samples":32,"median_us":14773.812,"min_us":14300.541,"iterations_us":[15246.458002366126, 14810.708002187312, 14930.207980796695, 14905.208023265004, 14578.917063772678, 14784.457976929843, 14578.583999536932, 14871.87494058162, 14460.291946306825, 14852.916006930172, 14417.707920074463, 15086.83292195201, 14737.082994543016, 14580.875053070486, 14999.333070591092, 14542.12493263185, 14762.749895453453, 14947.582967579365, 15046.541928313673, 15281.250001862645, 14300.541020929813, 14749.124995432794, 14763.167011551559, 14750.499976798892, 14566.499972715974, 14542.41608735174, 15295.666991733015, 15840.291976928711, 14610.79204455018, 14790.291897952557, 14647.333067841828, 14852.500054985285]}
