{"engine":"postgres17","workload":"select_scan_10k","n_rows":10000,"samples":8,"median_us":27352.333,"min_us":24880.458,"iterations_us":[28927.542007295415, 24880.458004190587, 27457.666990812868, 24893.58399179764, 27247.000005445443, 27807.25000775419, 28488.458003266715, 26961.499999742955]}
