{"engine":"postgres17","workload":"select_scan_10k","n_rows":10000,"samples":32,"median_us":24577.521,"min_us":23655.250,"iterations_us":[25580.249959602952, 25441.87498278916, 23989.16706442833, 23655.250086449087, 23816.416040062904, 24564.41696267575, 24260.16703248024, 24221.62506263703, 23793.875006958842, 24056.66606500745, 24453.20808328688, 25262.875016778708, 25178.250041790307, 24898.250005207956, 24743.625079281628, 24407.916935160756, 24885.416962206364, 24874.249938875437, 24743.70796699077, 24850.54195858538, 24481.458007358015, 25814.916007220745, 25319.750071503222, 24590.62496200204, 26435.79209689051, 25149.749941192567, 24516.958044841886, 25218.249997124076, 24327.791994437575, 24321.291013620794, 24490.874959155917, 23759.457981213927]}
