{"engine":"postgres17","workload":"select_scan_10k","n_rows":10000,"samples":8,"median_us":28597.667,"min_us":27287.792,"iterations_us":[27287.791977869347, 28971.666004508734, 29881.791007937863, 27581.750007811934, 27668.124996125698, 29759.833007119596, 28331.04200544767, 28864.291991339996]}
