{"engine":"clickhouse","workload":"select_avg_1m_i64","n_rows":1000000,"samples":4,"median_us":2696.375,"min_us":2168.959006667137,"iterations_us":[4878.666019067168, 2717.665978707373, 2168.959006667137, 2675.0839897431433]}
