{"engine":"clickhouse","workload":"select_scan_10k","n_rows":10000,"samples":32,"median_us":2574.917,"min_us":1996.2909864261746,"iterations_us":[3500.083985272795, 2708.9579962193966, 3327.5000168941915, 3469.0829925239086, 2341.3749877363443, 2874.5830059051514, 2034.9169499240816, 2776.667010039091, 2277.958032209426, 2525.709045585245, 2601.9170181825757, 3059.707989450544, 2372.8330270387232, 3383.7080118246377, 3249.500005040318, 2153.0419471673667, 2829.6670061536133, 2223.9580284804106, 3019.49999993667, 1996.2909864261746, 2547.9160249233246, 2544.9999957345426, 3158.0000068061054, 2101.1250209994614, 2356.041979510337, 2450.49997465685, 2969.666966237128, 2224.500000011176, 2412.000030744821, 3102.166985627264, 2822.0840031281114, 2196.9580557197332]}
