{"engine":"clickhouse","workload":"select_sum_65k_i64","n_rows":65536,"samples":8,"median_us":736.730,"min_us":658.2909845747054,"iterations_us":[826.2909832410514, 750.7090049330145, 722.7500027511269, 685.0000063423067, 658.2909845747054, 783.7500015739352, 774.3329915683717, 696.1250037420541]}
