{"engine":"clickhouse","workload":"select_avg_1m_i64","n_rows":1000000,"samples":32,"median_us":2721.188,"min_us":2249.3329597637057,"iterations_us":[3626.417019404471, 4023.9590452983975, 3516.1670530214906, 3132.792073301971, 3479.041042737663, 2993.416041135788, 2633.958007209003, 3127.4589709937572, 2994.7079019621015, 3046.5000309050083, 2523.3329506590962, 2969.79199629277, 2580.9580693021417, 2595.5840246751904, 2743.4169314801693, 3184.083034284413, 2781.7919617518783, 2556.332969106734, 2715.792041271925, 2726.583043113351, 2294.9589183554053, 2383.79102665931, 2687.457948923111, 2677.874988876283, 2378.165954723954, 2249.3329597637057, 2694.1250544041395, 2869.8750538751483, 2374.0000324323773, 2340.500010177493, 2951.791975647211, 2679.583034478128]}
