{"engine":"duckdb","workload":"select_scan_10k","n_rows":10000,"samples":8,"median_us":919.646,"min_us":791.041,"iterations_us":[791.0410058684647, 1068.3750151656568, 948.707980569452, 885.5829946696758, 912.2919873334467, 927.0000155083835, 948.5000045970082, 895.3340002335608]}
