{"engine":"postgres17","workload":"select_avg_1m_i64","n_rows":1000000,"samples":32,"median_us":43166.979,"min_us":39338.417,"iterations_us":[47082.7920071315, 44620.91697496362, 39780.74999758974, 40788.58401044272, 41717.124986462295, 40166.33299761452, 40162.1249911841, 42214.45799339563, 41352.625004947186, 42386.62499119528, 44366.875023115426, 45419.58300978877, 39338.417001999915, 44870.79198588617, 44210.91600670479, 41831.37498330325, 43537.04198729247, 45011.41599030234, 44103.499996708706, 42818.62499192357, 44012.08402123302, 45210.75001684949, 43515.3329744935, 44679.790997179225, 42137.79198471457, 42669.79199019261, 42598.87500666082, 41474.83399719931, 44814.16699127294, 44905.582995852455, 41170.042008161545, 43768.374976934865]}
