{"engine":"duckdb","workload":"select_sum_65k_i64","n_rows":65536,"samples":32,"median_us":93.417,"min_us":74.541,"iterations_us":[121.58401659689844, 106.37499508447945, 124.24998567439616, 97.66698349267244, 96.58400085754693, 83.45799869857728, 77.16601248830557, 74.54099250026047, 80.62500273808837, 75.74999472126365, 87.12499402463436, 99.91700062528253, 97.04200783744454, 125.99999899975955, 104.62501086294651, 93.37501251138747, 87.00002217665315, 85.62501170672476, 96.95798507891595, 97.7500167209655, 100.50000855699182, 91.4169941097498, 91.41702321358025, 93.45801663585007, 90.12498776428401, 77.0410115364939, 98.91600348055363, 98.58299745246768, 99.0410044323653, 79.25002137199044, 89.50001210905612, 83.95800250582397]}
