{"engine":"postgres17","workload":"select_avg_1m_i64","n_rows":1000000,"samples":4,"median_us":37903.521,"min_us":37270.875,"iterations_us":[47378.66600044072, 37996.41702789813, 37810.62504276633, 37270.8750073798]}
