{"engine":"postgres17","workload":"select_avg_1m_i64","n_rows":1000000,"samples":8,"median_us":38256.646,"min_us":36163.166,"iterations_us":[41438.792017288506, 36430.87501404807, 36163.165990728885, 37613.20799821988, 38148.62499712035, 40424.66700775549, 38364.66700886376, 41202.375025022775]}
