{"engine":"postgres17","workload":"select_sum_65k_i64","n_rows":65536,"samples":4,"median_us":30978.979,"min_us":24642.334,"iterations_us":[24642.334028612822, 29158.00001937896, 32799.95801858604, 35787.95801149681]}
