{"engine":"clickhouse","workload":"select_sum_65k_i64","n_rows":65536,"samples":8,"median_us":1998.896,"min_us":1716.375001706183,"iterations_us":[1964.33300152421, 2540.6249915249646, 1990.2079948224127, 2007.5830398127437, 2510.5419917963445, 2070.999995339662, 1716.375001706183, 1840.3340363875031]}
