{"engine":"duckdb","workload":"select_scan_10k","n_rows":10000,"samples":8,"median_us":922.167,"min_us":774.125,"iterations_us":[774.1249864920974, 1028.1669674441218, 902.750005479902, 941.5840031579137, 1239.4170043990016, 969.5420158095658, 892.9159957915545, 884.7499848343432]}
