{"engine":"duckdb","workload":"select_scan_10k","n_rows":10000,"samples":4,"median_us":850.001,"min_us":735.167,"iterations_us":[735.16700649634, 981.4589866437018, 857.2920341975987, 842.7089778706431]}
