{"engine":"sqlite3","workload":"select_scan_10k","n_rows":10000,"samples":4,"median_us":1943.667,"min_us":1889.542,"iterations_us":[2430.916007142514, 1944.4170175120234, 1942.9170060902834, 1889.5419780164957]}
