{"engine":"duckdb","workload":"select_scan_10k","n_rows":10000,"samples":8,"median_us":932.083,"min_us":820.125,"iterations_us":[820.1250166166574, 1015.1249880436808, 939.5829983986914, 913.249998120591, 951.2499964330345, 972.0840025693178, 924.5839901268482, 921.2500008288771]}
