{"engine":"clickhouse","workload":"select_avg_1m_i64","n_rows":1000000,"samples":8,"median_us":2047.750,"min_us":1736.0830097459257,"iterations_us":[1936.7079949006438, 10650.374984834343, 2077.1670097019523, 2018.3330052532256, 1823.0419955216348, 2087.8750074189156, 2095.5420040991157, 1736.0830097459257]}
