{"engine":"postgres17","workload":"select_avg_1m_i64","n_rows":1000000,"samples":8,"median_us":40090.438,"min_us":37172.500,"iterations_us":[45518.375001847744, 39025.62501025386, 37172.50001500361, 39776.208985131234, 38559.87501447089, 40404.66700098477, 41033.416986465454, 42349.58402230404]}
