{"engine":"clickhouse","workload":"select_scan_10k","n_rows":10000,"samples":8,"median_us":1138.020,"min_us":1057.5409978628159,"iterations_us":[1692.9999983403832, 1187.7910001203418, 1146.3339906185865, 1081.2499967869371, 1139.3329768907279, 1136.7079860065132, 1057.5409978628159, 1061.8749947752804]}
