{"engine":"duckdb","workload":"select_sum_65k_i64","n_rows":65536,"samples":8,"median_us":104.875,"min_us":85.792,"iterations_us":[106.29100142978132, 103.08300261385739, 111.7910142056644, 99.70899554900825, 103.45902410335839, 107.50000365078449, 116.25001206994057, 85.7920094858855]}
