{"engine":"ultrasql","iterations_us":[80.917,84.125,87.875,88.375,97.08399999999999,100.833,107.0,118.5],"median_us":97.08399999999999,"min_us":80.917,"n_rows":65536,"samples":8,"workload":"select_sum_65k_i64"}