{"engine":"postgres17","workload":"select_scan_10k","n_rows":10000,"samples":8,"median_us":25608.230,"min_us":24588.792,"iterations_us":[26005.124993389472, 25533.29200600274, 24878.041993360966, 25683.167012175545, 26115.250017028302, 25428.24999545701, 24588.792002759874, 25840.166985290125]}
