{"engine":"sqlite3","workload":"select_scan_10k","n_rows":10000,"samples":32,"median_us":1800.959,"min_us":1708.666,"iterations_us":[2052.9160101432353, 1850.1250015106052, 1839.9169784970582, 1841.0829943604767, 1851.4580151531845, 1839.6659870631993, 1887.4579982366413, 1858.3330092951655, 1884.6669991035014, 1715.4579982161522, 1794.166979379952, 1777.3750005289912, 1841.8330000713468, 1813.9579915441573, 1794.2090053111315, 1826.9170250277966, 1769.1660032141954, 1777.9160116333514, 1771.084003848955, 1797.7500101551414, 1796.9159816857427, 1778.665988240391, 1789.2920004669577, 1797.6669769268483, 1819.9170008301735, 1785.2500022854656, 1708.6660081986338, 1804.1669973172247, 1832.4169795960188, 1786.7079877760261, 1785.2500022854656, 1814.166986150667]}
