{"engine":"sqlite3","workload":"select_avg_1m_i64","n_rows":1000000,"samples":8,"median_us":15114.250,"min_us":14740.042,"iterations_us":[20651.12499985844, 66424.66699122451, 15192.874998319894, 14740.041995537467, 15355.958006693982, 14899.875008268282, 14977.87500557024, 15035.62499419786]}
