{"engine":"duckdb","workload":"select_scan_10k","n_rows":10000,"samples":32,"median_us":859.125,"min_us":757.625,"iterations_us":[757.6249772682786, 971.7920329421759, 877.9999916441739, 862.0829903520644, 866.832968313247, 858.6669573560357, 907.9170413315296, 893.9169929362833, 1046.74999602139, 851.7919923178852, 854.0830458514392, 850.1249831169844, 845.1250032521784, 832.9999982379377, 840.4169930145144, 844.8750013485551, 836.5829708054662, 841.8750367127359, 925.874977838248, 857.2909864597023, 884.4170370139182, 858.2080481573939, 858.4160241298378, 851.667020469904, 878.6669932305813, 868.709001224488, 863.4589612483978, 871.1250266060233, 859.582971315831, 893.5839869081974, 875.9579504840076, 843.0829620920122]}
