{"engine":"duckdb","workload":"select_sum_65k_i64","n_rows":65536,"samples":32,"median_us":94.063,"min_us":83.541,"iterations_us":[122.08300177007914, 111.25003220513463, 109.33296289294958, 93.20798562839627, 105.66698620095849, 98.37502148002386, 98.37502148002386, 99.83399650081992, 107.08399349823594, 90.33299284055829, 99.2910354398191, 96.2919439189136, 95.16696445643902, 93.8749872148037, 96.41697397455573, 93.16700743511319, 92.6670036278665, 97.83299174159765, 87.45800005272031, 84.41699901595712, 86.91701805219054, 96.49997809901834, 83.87502748519182, 95.79199831932783, 93.12498150393367, 91.66699601337314, 94.25001917406917, 90.91699030250311, 88.74997729435563, 86.2079905346036, 92.58300997316837, 83.54097371920943]}
