{"engine":"duckdb","workload":"select_scan_10k","n_rows":10000,"samples":32,"median_us":881.833,"min_us":775.166,"iterations_us":[775.1659722998738, 1002.6659583672881, 919.707934372127, 1108.1669945269823, 927.8339566662908, 881.4999600872397, 864.5830675959587, 873.332959599793, 1128.7089437246323, 895.5000666901469, 877.5000460445881, 860.5830371379852, 864.6250935271382, 860.5000330135226, 905.9589356184006, 871.5420262888074, 868.1670296937227, 866.0419844090939, 881.2909945845604, 941.3749212399125, 957.1249829605222, 874.7919928282499, 882.1670198813081, 880.0419745966792, 876.5410166233778, 920.3340159729123, 903.791980817914, 888.6250434443355, 885.9999943524599, 886.7090800777078, 881.041050888598, 886.4999981597066]}
