{"engine":"sqlite3","workload":"select_avg_1m_i64","n_rows":1000000,"samples":8,"median_us":14351.875,"min_us":14227.125,"iterations_us":[15059.083001688123, 14313.750027213246, 15133.04200489074, 14431.584015255794, 14333.333005197346, 14227.124978788197, 14262.249984312803, 14370.417018653825]}
