{"engine":"ultrasql","iterations_us":[29.916999999999998,30.5,31.333,31.583,31.958000000000002,32.666999999999994,34.875,39.125,40.708,41.5,42.416999999999994,42.75,43.042,43.458000000000006,43.833,44.916999999999994,45.292,49.083,57.083999999999996,60.084,60.666,66.875,76.584,79.167,79.958,81.541,91.75,94.33300000000001,95.333,98.5,103.958,115.29199999999999],"median_us":45.292,"min_us":29.916999999999998,"n_rows":65536,"samples":32,"workload":"select_sum_65k_i64"}
