{"engine":"postgres17","workload":"select_scan_10k","n_rows":10000,"samples":32,"median_us":26614.583,"min_us":25481.791,"iterations_us":[25627.875002101064, 26383.999997051433, 25481.79100267589, 26739.083987195045, 26654.833025531843, 27119.665988720953, 26928.62501135096, 26682.7919986099, 27046.791976317763, 26358.417002484202, 26704.042014898732, 26827.958994545043, 26216.95800917223, 26447.24998390302, 26982.792012859136, 26102.540985448286, 26383.9170220308, 26574.332994641736, 27032.70799247548, 26053.542009321973, 26471.124991076067, 25894.374994095415, 27606.54201847501, 26695.249980548397, 26845.083018997684, 26668.416016036645, 26159.833010751754, 26455.000013811514, 26740.12500210665, 25507.45799089782, 25538.040994433686, 28638.833988225088]}
