{"engine":"clickhouse","workload":"select_sum_65k_i64","n_rows":65536,"samples":8,"median_us":2293.167,"min_us":1205.1250087097287,"iterations_us":[3185.999987181276, 3131.5830419771373, 2057.4170048348606, 2465.917030349374, 2120.4170188866556, 2619.165985379368, 1720.5830081366003, 1205.1250087097287]}
