{"engine":"sqlite3","workload":"select_sum_65k_i64","n_rows":65536,"samples":32,"median_us":943.209,"min_us":874.000,"iterations_us":[878.0419884715229, 913.4169958997518, 900.3329905681312, 902.6670013554394, 888.4169801604003, 896.7909961938858, 893.0420153774321, 932.9999738838524, 873.9999902900308, 948.6250055488199, 948.0000007897615, 938.9580227434635, 946.6249903198332, 944.1669972147793, 965.333980275318, 949.8329891357571, 949.5000122115016, 944.5829782634974, 913.4589927271008, 900.874991202727, 916.6249947156757, 931.8749944213778, 948.8340001553297, 942.2500152140856, 938.6659949086607, 946.3329915888608, 962.5829989090562, 946.9590149819851, 955.5830038152635, 954.500021180138, 960.0409830454737, 953.6660218145698]}
