{"engine":"ultrasql","iterations_us":[770.1659999999999,780.125,804.417,810.625,812.0840000000001,820.708,824.375,825.166],"median_us":812.0840000000001,"min_us":770.1659999999999,"n_rows":65536,"samples":8,"workload":"select_sum_65k_i64"}