{"engine":"postgres17","workload":"select_avg_1m_i64","n_rows":1000000,"samples":8,"median_us":37953.437,"min_us":35225.917,"iterations_us":[42117.54197604023, 35225.9170031175, 38337.29200414382, 38569.58300457336, 35393.33297521807, 36073.75000137836, 37569.58298617974, 38758.83299042471]}
