{"engine":"postgres17","workload":"select_sum_65k_i64","n_rows":65536,"samples":8,"median_us":33277.542,"min_us":26125.000,"iterations_us":[26124.99997485429, 28592.583985300735, 31862.16700123623, 32953.12498812564, 34053.45801729709, 35806.41699954867, 33601.95801360533, 34251.33400014602]}
