{"engine":"sqlite3","workload":"select_avg_1m_i64","n_rows":1000000,"samples":8,"median_us":14536.458,"min_us":14140.334,"iterations_us":[15160.915994783863, 15656.167000997812, 15026.083012344316, 14643.000002251938, 14362.415997311473, 14429.916016524658, 14178.95799386315, 14140.333980321884]}
