{"engine":"postgres17","workload":"select_scan_10k","n_rows":10000,"samples":32,"median_us":29402.208,"min_us":28182.792,"iterations_us":[28182.792011648417, 29913.70903328061, 29560.24999730289, 29440.83296461031, 29031.58398112282, 29821.790987625718, 29871.625010855496, 29363.5840062052, 28722.000017296523, 29027.292039245367, 29145.750042516738, 30079.70901671797, 29746.00001471117, 28665.87496828288, 29530.083993449807, 30555.62503868714, 29273.167019709945, 29125.292028766125, 29964.1250167042, 29201.58300548792, 30703.208001796156, 30323.24998639524, 29621.749999932945, 29188.958986196667, 30987.79101856053, 29340.959037654102, 29585.500014945865, 29229.16697571054, 28205.292008351535, 29579.165973700583, 28664.459008723497, 28819.416998885572]}
