{"engine":"sqlite3","workload":"select_sum_65k_i64","n_rows":65536,"samples":32,"median_us":945.520,"min_us":892.333,"iterations_us":[953.3329866826534, 969.333021203056, 969.2499879747629, 945.040985243395, 1004.5000235550106, 943.8329725526273, 942.1660215593874, 971.0419981274754, 953.415990807116, 942.9999918211251, 942.1249851584435, 954.7499939799309, 1004.5830276794732, 976.1250112205744, 992.7080245688558, 946.2919842917472, 926.2090025004, 931.8750235252082, 949.8329891357571, 943.3329978492111, 966.8339916970581, 945.9999855607748, 975.7500083651394, 892.3330169636756, 915.3750143013895, 922.959006857127, 931.332993786782, 938.6659949086607, 943.3749946765602, 969.9579968582839, 942.0420101378113, 941.5420063305646]}
