{"engine":"postgres17","workload":"select_scan_10k","n_rows":10000,"samples":32,"median_us":27662.270,"min_us":25792.916,"iterations_us":[27741.083002183586, 28812.25000601262, 29350.708005949855, 28200.042026583105, 27550.750004593283, 26850.499998545274, 27970.91699903831, 28377.374983392656, 28266.417008126155, 27283.541014185175, 28363.24999225326, 26279.75001814775, 28439.167013857514, 27458.54199747555, 27256.166998995468, 27254.458982497454, 28475.625003920868, 25792.916014324874, 28302.95800231397, 27583.457995206118, 28849.875001469627, 26951.208972604945, 28022.917016642168, 27157.167001860216, 26935.083995340392, 27770.749991759658, 28519.583021989092, 26666.332996683195, 29837.12501008995, 26005.583989899606, 27103.87497791089, 27081.20900206268]}
