{"engine":"sqlite3","workload":"select_avg_1m_i64","n_rows":1000000,"samples":8,"median_us":14605.396,"min_us":14401.750,"iterations_us":[14576.457993825898, 14634.12499288097, 14401.749998796731, 15182.04199965112, 14867.082994896919, 14861.042000120506, 14576.667017536238, 14536.709000822157]}
