{"engine":"sqlite3","workload":"select_avg_1m_i64","n_rows":1000000,"samples":32,"median_us":14434.458,"min_us":14028.792,"iterations_us":[14078.499982133508, 14028.791978489608, 14362.208021339029, 14400.957967154682, 14183.041988871992, 14402.33300672844, 14851.124957203865, 14573.249965906143, 14420.082967262715, 14109.66698313132, 15142.874966841191, 14350.750017911196, 14560.957963112742, 14222.458004951477, 15855.584002565593, 15752.332983538508, 15215.624996926636, 15791.792015079409, 14801.04197980836, 14431.499992497265, 14381.583023350686, 14888.16604251042, 14688.666036818177, 14368.749980349094, 14469.499990809709, 14358.958986122161, 14437.415986321867, 14996.749989222735, 14370.249991770834, 14467.582979705185, 14475.62500834465, 14409.916999284178]}
