{"engine":"postgres17","workload":"select_scan_10k","n_rows":10000,"samples":32,"median_us":30723.459,"min_us":29507.750,"iterations_us":[31689.333030954003, 30392.75004994124, 30164.74994365126, 29914.750019088387, 29698.624974116683, 30237.084021791816, 29746.958054602146, 31107.707996852696, 30548.374983482063, 31095.33293172717, 31131.83402456343, 33103.37499715388, 31972.458004020154, 31245.624995790422, 30912.41605579853, 32553.458004258573, 32360.541983507574, 31274.041044525802, 31375.708058476448, 32163.16702309996, 32274.791039526463, 32137.66706176102, 30122.33297340572, 30835.000099614263, 30611.917027272284, 29987.749992869794, 30407.54096582532, 29970.624949783087, 29823.333024978638, 29902.66599226743, 30099.457944743335, 29507.750063203275]}
