{"engine":"postgres17","workload":"select_sum_65k_i64","n_rows":65536,"samples":32,"median_us":31475.521,"min_us":30424.083,"iterations_us":[31736.082979477942, 31303.583993576467, 31479.583005420864, 31067.750067450106, 31323.41697346419, 30662.374920211732, 31080.540968105197, 32860.790961422026, 32394.666923210025, 32407.62499626726, 32230.416079983115, 32888.50001990795, 32464.6660592407, 32361.167017370462, 32259.87497717142, 32008.70892032981, 32490.95904175192, 32275.58301296085, 32508.624950423837, 31172.25004825741, 30424.083000980318, 31278.542010113597, 31397.12510164827, 31046.499963849783, 32857.04203881323, 31936.374958604574, 31000.667018815875, 31471.458030864596, 31268.457998521626, 30988.540966063738, 31048.832926899195, 30841.207946650684]}
