{"engine":"duckdb","workload":"select_avg_1m_i64","n_rows":1000000,"samples":32,"median_us":258.729,"min_us":246.000,"iterations_us":[276.00000612437725, 267.75000151246786, 276.2919757515192, 275.7500042207539, 271.6669696383178, 262.1249877847731, 257.04200379550457, 278.0830254778266, 261.66700990870595, 253.6670072004199, 258.24998738244176, 249.70900267362595, 259.2080272734165, 264.4589985720813, 260.3330067358911, 265.99998818710446, 246.0000105202198, 265.4999843798578, 264.250033069402, 251.7090179026127, 261.87498588114977, 254.45898063480854, 254.00001322850585, 247.25002003833652, 248.16603399813175, 249.12500521168113, 247.1670159138739, 253.99995502084494, 265.87495813146234, 256.95801014080644, 249.6250090189278, 249.70801314339042]}
