{"engine":"postgres17","workload":"select_avg_1m_i64","n_rows":1000000,"samples":5,"median_us":37347.417,"min_us":37065.709,"iterations_us":[47958.084003767, 37162.1249942109, 37347.41700463928, 37724.124995293096, 37065.70900976658]}
