{"engine":"sqlite3","workload":"select_scan_10k","n_rows":10000,"samples":32,"median_us":1879.417,"min_us":1808.250,"iterations_us":[2195.1660164631903, 1994.2089857067913, 1909.2080183327198, 1866.0839996300638, 1941.7500006966293, 1959.0840092860162, 1984.7499788738787, 1905.4580188822001, 1857.875002315268, 1847.042003646493, 1852.0829908084124, 1868.6249968595803, 1963.0420138128102, 1808.2500027958304, 1856.9169915281236, 1866.4580129552633, 1901.8749881070107, 1885.6249807868153, 1822.9999986942858, 1842.6250026095659, 1851.8750148359686, 1867.2500154934824, 1900.5409849341959, 1865.165977505967, 1881.875010440126, 1925.8749962318689, 1879.4580246321857, 1909.707993036136, 1890.790998004377, 1853.8339936640114, 1862.5829834491014, 1879.3749914038926]}
