{"engine":"ultrasql","iterations_us":[699.7919999999999,699.917,713.375,738.209,748.5,753.958,764.417,776.875,780.167,782.5,787.375,806.875,829.5,835.791,841.292,841.375],"median_us":780.167,"min_us":699.7919999999999,"n_rows":10000,"samples":16,"workload":"select_scan_10k"}