{"engine":"duckdb","workload":"select_avg_1m_i64","n_rows":1000000,"samples":8,"median_us":283.854,"min_us":270.291,"iterations_us":[280.7909913826734, 280.542008113116, 285.916990833357, 270.29099874198437, 281.79099899716675, 362.33398714102805, 325.87500754743814, 327.1670138929039]}
