{"engine":"postgres17","workload":"select_avg_1m_i64","n_rows":1000000,"samples":8,"median_us":37354.042,"min_us":35538.583,"iterations_us":[42669.74999336526, 35538.58300438151, 35905.12499795295, 36290.16599734314, 36703.66600272246, 38004.41700150259, 39084.45898559876, 40108.541026711464]}
