{"engine":"sqlite3","workload":"select_avg_1m_i64","n_rows":1000000,"samples":32,"median_us":14438.667,"min_us":14215.292,"iterations_us":[14815.24994596839, 14689.749921672046, 14924.374991096556, 14680.625055916607, 14535.749913193285, 14316.874905489385, 14320.707996375859, 14387.584058567882, 14742.583967745304, 15289.87498022616, 15653.74992787838, 14962.500077672303, 14382.124994881451, 14622.375019825995, 14810.20892970264, 14247.500104829669, 14371.125027537346, 14432.959025725722, 14283.415977843106, 14215.291943401098, 14620.166039094329, 14543.332974426448, 14219.957985915244, 14249.917003326118, 14271.417050622404, 14797.875075601041, 14610.667014494538, 14444.375061430037, 14232.916990295053, 14219.79209408164, 14265.333069488406, 14216.040959581733]}
