{"engine":"ultrasql","iterations_us":[95.79100000000001,99.792,101.958,105.041,105.417,105.667,106.333,116.875],"median_us":105.417,"min_us":95.79100000000001,"n_rows":1000000,"samples":8,"workload":"select_avg_1m_i64"}
