{"engine":"postgres17","workload":"select_avg_1m_i64","n_rows":1000000,"samples":8,"median_us":39495.896,"min_us":36734.833,"iterations_us":[43772.62498019263, 36734.83300372027, 39184.79100684635, 38204.29198094644, 38872.37500748597, 39806.999993743375, 42082.50000374392, 40286.458999617025]}
