{"engine":"sqlite3","workload":"select_sum_65k_i64","n_rows":65536,"samples":8,"median_us":3856.292,"min_us":1051.249,"iterations_us":[6079.499486077111, 6331.667500489857, 3871.12549651647, 3841.458492388483, 4884.833491814788, 1713.6245078290813, 1051.2494991417043, 1636.333494388964]}
