{"engine":"postgres17","workload":"select_sum_65k_i64","n_rows":65536,"samples":8,"median_us":27014.791,"min_us":24229.542,"iterations_us":[24229.542003013194, 27749.500004574656, 26899.457996478304, 27239.50002109632, 28063.958015991375, 27130.12497406453, 26732.333994004875, 26837.708021048456]}
