{"engine":"postgres17","workload":"select_avg_1m_i64","n_rows":1000000,"samples":4,"median_us":37937.188,"min_us":37301.167,"iterations_us":[43691.58303597942, 37301.1669726111, 38089.375011622906, 37784.99999316409]}
