{"engine":"sqlite3","workload":"select_sum_65k_i64","n_rows":65536,"samples":4,"median_us":889.583,"min_us":869.667,"iterations_us":[869.6669829078019, 880.9169521555305, 898.2500294223428, 902.0420257002115]}
