{"engine":"clickhouse","workload":"select_scan_10k","n_rows":10000,"samples":32,"median_us":1414.083,"min_us":1323.416014201939,"iterations_us":[1901.041017845273, 1589.7920820862055, 1531.542045995593, 1390.7919637858868, 1435.3749575093389, 1941.499998793006, 1395.9590578451753, 1393.041922710836, 1446.3330153375864, 1364.1670811921358, 1350.4999224096537, 1356.9999719038606, 1815.292052924633, 1372.625003568828, 1413.2079668343067, 1406.333060003817, 1323.416014201939, 1341.3750566542149, 1347.8749897331, 1398.5830591991544, 1585.4169614613056, 1600.415911525488, 1582.5419686734676, 1531.4168995246291, 1533.3750052377582, 1467.459020204842, 1414.9579219520092, 1366.5000442415476, 1477.7089236304164, 1435.9590131789446, 1369.333011098206, 1387.6670273020864]}
