{"engine":"clickhouse","workload":"select_sum_65k_i64","n_rows":65536,"samples":8,"median_us":699.770,"min_us":635.8750106301159,"iterations_us":[790.2499928604811, 946.4580216445029, 838.0409853998572, 715.0829769670963, 684.458005707711, 646.792002953589, 657.0830009877682, 635.8750106301159]}
