{"engine":"duckdb","workload":"select_scan_10k","n_rows":10000,"samples":8,"median_us":1018.687,"min_us":808.750,"iterations_us":[808.7500027613714, 1014.3330000573769, 1018.5410064877942, 1029.5419924659654, 984.3340085353702, 1018.8329906668514, 1080.0830059451982, 1019.2500049015507]}
