{"engine":"duckdb","workload":"select_sum_65k_i64","n_rows":65536,"samples":32,"median_us":94.541,"min_us":70.333,"iterations_us":[91.4169941097498, 101.83299309574068, 92.54200267605484, 101.50001617148519, 110.08299770765007, 96.5419749263674, 85.75001265853643, 103.16600673832, 100.29200348071754, 97.12501196190715, 105.20900832489133, 90.20799188874662, 87.91597792878747, 95.6250005401671, 91.58399188891053, 88.2500025909394, 83.79199425689876, 95.45800276100636, 91.87500108964741, 95.75000149197876, 97.62498666532338, 90.12501686811447, 93.9579913392663, 95.54199641570449, 97.25001291371882, 93.45897706225514, 95.12499673292041, 94.41599831916392, 94.66698975302279, 83.58398918062449, 70.33298606984317, 72.29199400171638]}
