{"engine":"ultrasql","iterations_us":[34.167,34.583,34.583,35.0,35.041,35.042,35.458,36.208000000000006,36.584,37.0,38.791000000000004,44.542,45.25,46.5,47.083999999999996,47.416999999999994,47.667,48.291000000000004,48.375,48.458000000000006,48.625,48.792,49.125,49.5,49.542,50.125,50.5,51.458,51.75,52.208,63.292,65.583],"median_us":47.667,"min_us":34.167,"n_rows":1000000,"samples":32,"workload":"select_avg_1m_i64"}
