{"engine":"clickhouse","workload":"select_avg_1m_i64","n_rows":1000000,"samples":8,"median_us":2635.187,"min_us":2219.6669597178698,"iterations_us":[4694.790986832231, 5694.541963748634, 3624.1249763406813, 2500.499947927892, 2478.000009432435, 2581.082982942462, 2689.2919559031725, 2219.6669597178698]}
