{"engine":"clickhouse","workload":"select_avg_1m_i64","n_rows":1000000,"samples":32,"median_us":1935.813,"min_us":1658.9169390499592,"iterations_us":[3425.3750927746296, 3936.6669952869415, 3511.333023197949, 3104.250063188374, 2262.790920212865, 2170.790918171406, 2082.5840765610337, 2036.8340192362666, 2065.958920866251, 1905.999961309135, 1893.9579604193568, 2078.2500505447388, 1937.9170844331384, 1907.9589983448386, 1853.8340227678418, 1863.7919565662742, 1958.7919814512134, 2026.582951657474, 2041.4999453350902, 1751.833944581449, 1795.8750249817967, 1812.5829519703984, 1889.3750384449959, 1835.6670625507832, 1658.9169390499592, 1971.4579684659839, 2077.916986308992, 1894.0840382128954, 1885.8329858630896, 1903.4999422729015, 1933.7090197950602, 1904.5419758185744]}
