{"engine":"clickhouse","workload":"select_avg_1m_i64","n_rows":1000000,"samples":32,"median_us":2260.333,"min_us":1684.2909972183406,"iterations_us":[4808.624973520637, 4623.709013685584, 3775.541961658746, 3188.9999518170953, 2968.624990899116, 2763.291005976498, 2574.125013779849, 2662.000013515353, 2870.4170254059136, 2663.708000909537, 2390.499983448535, 2714.917005505413, 2335.7910104095936, 2263.917005620897, 2211.167011409998, 2529.79202196002, 2256.7499545402825, 1952.9589917510748, 1940.2499892748892, 1873.0000010691583, 1918.2499963790178, 2226.0419791564345, 2007.5420034117997, 1821.999961975962, 1684.2909972183406, 1768.3749902062118, 2274.333033710718, 1836.207986343652, 1766.9579829089344, 1696.125022135675, 1724.9159864149988, 2149.7500129044056]}
