{"engine":"clickhouse","workload":"select_scan_10k","n_rows":10000,"samples":8,"median_us":1117.146,"min_us":1065.8329993020743,"iterations_us":[1468.9579838886857, 1133.9169868733734, 1068.2090069167316, 1065.8329993020743, 1100.3749968949705, 1193.2079796679318, 1249.0000226534903, 1080.2079923450947]}
