{"engine":"duckdb","workload":"select_sum_65k_i64","n_rows":65536,"samples":32,"median_us":87.271,"min_us":79.625,"iterations_us":[99.41705502569675, 91.25005453824997, 98.66594336926937, 87.49996777623892, 88.16702757030725, 105.16704060137272, 112.45801579207182, 108.70792903006077, 79.62505333125591, 97.83299174159765, 100.54209269583225, 86.8749339133501, 87.04198990017176, 81.45906031131744, 96.16697207093239, 93.37498340755701, 83.50005373358727, 83.58294144272804, 93.24995335191488, 86.70799434185028, 80.95800876617432, 84.87503509968519, 83.91693700104952, 84.25000123679638, 89.37506936490536, 85.00006515532732, 85.5419784784317, 86.83395572006702, 81.58304262906313, 87.58401963859797, 80.25008719414473, 89.08298332244158]}
