{"engine":"ultrasql","iterations_us":[49.416000000000004,53.125,61.333000000000006,67.167,67.709,68.791,73.583,75.5],"median_us":67.709,"min_us":49.416000000000004,"n_rows":65536,"samples":8,"workload":"select_sum_65k_i64"}