{"engine":"sqlite3","workload":"select_sum_65k_i64","n_rows":65536,"samples":8,"median_us":1025.542,"min_us":990.666,"iterations_us":[1017.3750051762909, 1064.082985976711, 1021.1250046268106, 990.66601251252, 1032.3330061510205, 1000.1249902416021, 1067.8340040612966, 1029.9580171704292]}
