{"engine":"postgres17","workload":"select_sum_65k_i64","n_rows":65536,"samples":8,"median_us":30896.312,"min_us":23669.666,"iterations_us":[23669.66599947773, 28380.58301131241, 31323.624978540465, 30468.99999026209, 29273.874999489635, 34326.66600565426, 33420.541003579274, 32342.708989745006]}
