{"engine":"sqlite3","workload":"select_sum_65k_i64","n_rows":65536,"samples":8,"median_us":947.812,"min_us":935.958,"iterations_us":[947.9580039624125, 939.5410015713423, 942.9590136278421, 953.9590100757778, 947.6669947616756, 935.9579998999834, 950.0409942120314, 968.7500132713467]}
