{"engine":"duckdb","workload":"select_avg_1m_i64","n_rows":1000000,"samples":32,"median_us":217.667,"min_us":201.333,"iterations_us":[269.667012616992, 238.3749233558774, 229.79197092354298, 219.3329855799675, 269.7919262573123, 216.00001491606236, 230.25006521493196, 222.8330122306943, 210.70800721645355, 216.00001491606236, 207.458040677011, 210.2500293403864, 237.58294992148876, 205.41693083941936, 204.16697952896357, 209.25002172589302, 255.4169623181224, 212.99999207258224, 214.5000034943223, 203.16708832979202, 201.33296493440866, 208.95793568342924, 206.20902068912983, 207.50006660819054, 244.6670550853014, 264.6659268066287, 231.6250465810299, 211.33292466402054, 255.75002655386925, 263.9580052345991, 221.58294450491667, 252.37502995878458]}
