{"engine":"ultrasql","iterations_us":[562.917,594.2080000000001,618.7919999999999,620.459,624.917,626.208,628.292,629.708,629.917,631.5,631.8330000000001,632.25,632.375,632.5,632.6669999999999,634.2080000000001,635.708,637.292,637.375,637.834,638.709,640.125,640.292,640.417,641.75,642.125,642.375,645.125,648.666,663.5840000000001,667.0419999999999,737.916],"median_us":635.708,"min_us":562.917,"n_rows":10000,"samples":32,"workload":"select_scan_10k"}
