{"engine":"ultrasql","iterations_us":[15334.5,15367.709,15391.417,15396.875,15572.0,15616.0,15702.625000000002,16088.499999999998],"median_us":15572.0,"min_us":15334.5,"n_rows":1000000,"samples":8,"workload":"select_avg_1m_i64"}