{"engine":"sqlite3","workload":"select_scan_10k","n_rows":10000,"samples":8,"median_us":1940.230,"min_us":1820.625,"iterations_us":[2157.5000137090683, 1991.1249983124435, 2072.957984637469, 1902.4169887416065, 1841.2079953122884, 1820.6250097136945, 1851.1659873183817, 1978.042011614889]}
