{"engine":"sqlite3","workload":"select_avg_1m_i64","n_rows":1000000,"samples":5,"median_us":15491.167,"min_us":15101.792,"iterations_us":[15101.79198521655, 30274.582997662947, 29369.082985795103, 15315.957993152551, 15491.166996071115]}
