{"engine":"duckdb","workload":"select_sum_65k_i64","n_rows":65536,"samples":32,"median_us":78.688,"min_us":72.333,"iterations_us":[106.33401689119637, 99.54199776984751, 92.45899855159223, 84.58399679511786, 100.04101204685867, 99.62500189431012, 96.08399705030024, 87.87499973550439, 76.66699821129441, 74.66701208613813, 74.4589779060334, 77.00000423938036, 82.70898251794279, 75.83398837596178, 88.75000639818609, 83.9160056784749, 98.70799840427935, 82.91698759421706, 75.3339845687151, 83.58299965038896, 76.95899694226682, 78.16700963303447, 73.16700066439807, 72.33300129882991, 78.62501661293209, 79.50002327561378, 76.83399599045515, 77.29200297035277, 78.7499884609133, 76.91601058468223, 78.29099195078015, 73.91598774120212]}
