{
  "schema_version": 1,
  "scale_factor": 10,
  "engine": "duckdb@v1.5.2 (Variegata) 8a5851971f",
  "host": {
    "cpu": "Apple M4",
    "cores": 10,
    "ram_gb": 16,
    "os": "macos unknown"
  },
  "git_commit": "unknown",
  "cargo_lock_sha256": "67386cabaf3f20edd50804e9129f3e6ac99d6eadb8a5957f2601aa0898a58997",
  "recorded_at": "2026-05-21T13:10:05.890024+00:00",
  "queries": {
    "q1": {
      "median_ms": 496.47104199999995,
      "p95_ms": 496.47104199999995,
      "runs": [
        496.47104199999995
      ]
    },
    "q10": {
      "median_ms": 288.858417,
      "p95_ms": 288.858417,
      "runs": [
        288.858417
      ]
    },
    "q11": {
      "median_ms": 35.692292,
      "p95_ms": 35.692292,
      "runs": [
        35.692292
      ]
    },
    "q12": {
      "median_ms": 205.13075,
      "p95_ms": 205.13075,
      "runs": [
        205.13075
      ]
    },
    "q13": {
      "median_ms": 527.50825,
      "p95_ms": 527.50825,
      "runs": [
        527.50825
      ]
    },
    "q14": {
      "median_ms": 154.936542,
      "p95_ms": 154.936542,
      "runs": [
        154.936542
      ]
    },
    "q15": {
      "median_ms": 126.95200000000001,
      "p95_ms": 126.95200000000001,
      "runs": [
        126.95200000000001
      ]
    },
    "q16": {
      "median_ms": 99.432209,
      "p95_ms": 99.432209,
      "runs": [
        99.432209
      ]
    },
    "q17": {
      "median_ms": 149.39166600000001,
      "p95_ms": 149.39166600000001,
      "runs": [
        149.39166600000001
      ]
    },
    "q18": {
      "median_ms": 365.375583,
      "p95_ms": 365.375583,
      "runs": [
        365.375583
      ]
    },
    "q19": {
      "median_ms": 214.791875,
      "p95_ms": 214.791875,
      "runs": [
        214.791875
      ]
    },
    "q2": {
      "median_ms": 72.411041,
      "p95_ms": 72.411041,
      "runs": [
        72.411041
      ]
    },
    "q20": {
      "median_ms": 166.960833,
      "p95_ms": 166.960833,
      "runs": [
        166.960833
      ]
    },
    "q21": {
      "median_ms": 410.630208,
      "p95_ms": 410.630208,
      "runs": [
        410.630208
      ]
    },
    "q22": {
      "median_ms": 86.615959,
      "p95_ms": 86.615959,
      "runs": [
        86.615959
      ]
    },
    "q3": {
      "median_ms": 197.358667,
      "p95_ms": 197.358667,
      "runs": [
        197.358667
      ]
    },
    "q4": {
      "median_ms": 155.129209,
      "p95_ms": 155.129209,
      "runs": [
        155.129209
      ]
    },
    "q5": {
      "median_ms": 180.40525,
      "p95_ms": 180.40525,
      "runs": [
        180.40525
      ]
    },
    "q6": {
      "median_ms": 97.653458,
      "p95_ms": 97.653458,
      "runs": [
        97.653458
      ]
    },
    "q7": {
      "median_ms": 155.847167,
      "p95_ms": 155.847167,
      "runs": [
        155.847167
      ]
    },
    "q8": {
      "median_ms": 169.19045799999998,
      "p95_ms": 169.19045799999998,
      "runs": [
        169.19045799999998
      ]
    },
    "q9": {
      "median_ms": 484.285959,
      "p95_ms": 484.285959,
      "runs": [
        484.285959
      ]
    }
  }
}