{
  "schema_version": 1,
  "scale_factor": 1,
  "engine": "ultrasql@0.0.1",
  "host": {
    "cpu": "Apple M4",
    "cores": 10,
    "ram_gb": 16,
    "os": "macos unknown"
  },
  "git_commit": "unknown",
  "cargo_lock_sha256": "20e3e7d1a7f272ca49d7dcc0c3c73f548b339b4303c56aea6e9227bfdb8da95b",
  "recorded_at": "2026-05-25T04:18:00.736723+00:00",
  "queries": {
    "q1": {
      "median_ms": 1.7171669999999999,
      "p95_ms": 1.7171669999999999,
      "runs": [
        1.7171669999999999
      ]
    },
    "q10": {
      "median_ms": 0.254917,
      "p95_ms": 0.254917,
      "runs": [
        0.254917
      ]
    },
    "q11": {
      "median_ms": 0.34525,
      "p95_ms": 0.34525,
      "runs": [
        0.34525
      ]
    },
    "q12": {
      "median_ms": 0.177959,
      "p95_ms": 0.177959,
      "runs": [
        0.177959
      ]
    },
    "q13": {
      "median_ms": 0.12520799999999999,
      "p95_ms": 0.12520799999999999,
      "runs": [
        0.12520799999999999
      ]
    },
    "q14": {
      "median_ms": 0.187084,
      "p95_ms": 0.187084,
      "runs": [
        0.187084
      ]
    },
    "q15": {
      "median_ms": 0.195959,
      "p95_ms": 0.195959,
      "runs": [
        0.195959
      ]
    },
    "q16": {
      "median_ms": 3.597583,
      "p95_ms": 3.597583,
      "runs": [
        3.597583
      ]
    },
    "q17": {
      "median_ms": 0.348667,
      "p95_ms": 0.348667,
      "runs": [
        0.348667
      ]
    },
    "q18": {
      "median_ms": 0.257834,
      "p95_ms": 0.257834,
      "runs": [
        0.257834
      ]
    },
    "q19": {
      "median_ms": 0.444625,
      "p95_ms": 0.444625,
      "runs": [
        0.444625
      ]
    },
    "q2": {
      "median_ms": 1.449875,
      "p95_ms": 1.449875,
      "runs": [
        1.449875
      ]
    },
    "q20": {
      "median_ms": 0.292208,
      "p95_ms": 0.292208,
      "runs": [
        0.292208
      ]
    },
    "q21": {
      "median_ms": 0.357375,
      "p95_ms": 0.357375,
      "runs": [
        0.357375
      ]
    },
    "q22": {
      "median_ms": 3268.814625,
      "p95_ms": 3268.814625,
      "runs": [
        3268.814625
      ]
    },
    "q3": {
      "median_ms": 0.217459,
      "p95_ms": 0.217459,
      "runs": [
        0.217459
      ]
    },
    "q4": {
      "median_ms": 0.167667,
      "p95_ms": 0.167667,
      "runs": [
        0.167667
      ]
    },
    "q5": {
      "median_ms": 0.31224999999999997,
      "p95_ms": 0.31224999999999997,
      "runs": [
        0.31224999999999997
      ]
    },
    "q6": {
      "median_ms": 0.1425,
      "p95_ms": 0.1425,
      "runs": [
        0.1425
      ]
    },
    "q7": {
      "median_ms": 0.39175,
      "p95_ms": 0.39175,
      "runs": [
        0.39175
      ]
    },
    "q8": {
      "median_ms": 0.49512500000000004,
      "p95_ms": 0.49512500000000004,
      "runs": [
        0.49512500000000004
      ]
    },
    "q9": {
      "median_ms": 0.955583,
      "p95_ms": 0.955583,
      "runs": [
        0.955583
      ]
    }
  }
}