{
  "schema_version": 1,
  "scale_factor": 10,
  "engine": "duckdb@v1.5.2 (Variegata) 8a5851971f",
  "host": {
    "cpu": "aarch64",
    "cores": 0,
    "ram_gb": 0,
    "os": "macos unknown"
  },
  "git_commit": "unknown",
  "cargo_lock_sha256": "3e7d6164eab5fe25554148cc02860702f07d38b28fda1d6beddb2214e6491ef5",
  "recorded_at": "2026-05-19T04:18:20.463014+00:00",
  "queries": {
    "q1": {
      "median_ms": 301.86583299999995,
      "p95_ms": 322.091375,
      "runs": [
        300.79575,
        322.091375,
        300.193541,
        306.41625,
        301.86583299999995
      ]
    },
    "q10": {
      "median_ms": 242.68475,
      "p95_ms": 254.262042,
      "runs": [
        245.822125,
        239.797,
        240.944,
        242.68475,
        254.262042
      ]
    },
    "q11": {
      "median_ms": 29.815833,
      "p95_ms": 30.329874999999998,
      "runs": [
        29.764959,
        29.579500000000003,
        29.991375,
        29.815833,
        30.329874999999998
      ]
    },
    "q12": {
      "median_ms": 165.85862500000002,
      "p95_ms": 184.415542,
      "runs": [
        156.676542,
        168.527291,
        160.398167,
        165.85862500000002,
        184.415542
      ]
    },
    "q13": {
      "median_ms": 413.047959,
      "p95_ms": 441.971875,
      "runs": [
        407.80275,
        410.860375,
        413.047959,
        436.352459,
        441.971875
      ]
    },
    "q14": {
      "median_ms": 140.18070799999998,
      "p95_ms": 177.97941600000001,
      "runs": [
        177.97941600000001,
        141.218917,
        139.097209,
        140.18070799999998,
        137.54820800000002
      ]
    },
    "q15": {
      "median_ms": 117.90712500000001,
      "p95_ms": 118.455958,
      "runs": [
        117.90712500000001,
        115.078459,
        115.495125,
        118.455958,
        118.38529100000001
      ]
    },
    "q16": {
      "median_ms": 92.405417,
      "p95_ms": 93.401292,
      "runs": [
        93.401292,
        90.67425,
        92.54683399999999,
        91.992916,
        92.405417
      ]
    },
    "q17": {
      "median_ms": 133.804583,
      "p95_ms": 175.12716700000001,
      "runs": [
        132.775833,
        133.268,
        134.977,
        133.804583,
        175.12716700000001
      ]
    },
    "q18": {
      "median_ms": 337.6875,
      "p95_ms": 355.08054100000004,
      "runs": [
        355.032458,
        355.08054100000004,
        337.6875,
        331.543083,
        316.121834
      ]
    },
    "q19": {
      "median_ms": 196.93849999999998,
      "p95_ms": 210.887792,
      "runs": [
        198.52225,
        194.866625,
        196.93849999999998,
        196.7265,
        210.887792
      ]
    },
    "q2": {
      "median_ms": 47.360833,
      "p95_ms": 47.802833,
      "runs": [
        47.398584,
        47.360833,
        46.817,
        46.667041,
        47.802833
      ]
    },
    "q20": {
      "median_ms": 154.52212500000002,
      "p95_ms": 162.655541,
      "runs": [
        153.849792,
        156.394167,
        152.491416,
        154.52212500000002,
        162.655541
      ]
    },
    "q21": {
      "median_ms": 369.947333,
      "p95_ms": 397.789,
      "runs": [
        397.789,
        397.671791,
        362.832083,
        369.947333,
        362.739333
      ]
    },
    "q22": {
      "median_ms": 82.417084,
      "p95_ms": 83.95474999999999,
      "runs": [
        81.549208,
        83.95474999999999,
        81.221542,
        82.45474999999999,
        82.417084
      ]
    },
    "q3": {
      "median_ms": 155.763375,
      "p95_ms": 167.196958,
      "runs": [
        153.428958,
        157.674083,
        153.834417,
        155.763375,
        167.196958
      ]
    },
    "q4": {
      "median_ms": 137.117333,
      "p95_ms": 137.627666,
      "runs": [
        135.249167,
        137.627666,
        136.171708,
        137.117333,
        137.41400000000002
      ]
    },
    "q5": {
      "median_ms": 141.452459,
      "p95_ms": 150.420167,
      "runs": [
        141.452459,
        140.270834,
        145.88287499999998,
        150.420167,
        140.567667
      ]
    },
    "q6": {
      "median_ms": 91.964458,
      "p95_ms": 95.39370799999999,
      "runs": [
        90.052042,
        86.438375,
        91.964458,
        92.33562500000001,
        95.39370799999999
      ]
    },
    "q7": {
      "median_ms": 151.080167,
      "p95_ms": 157.091375,
      "runs": [
        157.091375,
        141.29920800000002,
        151.080167,
        151.711125,
        150.499083
      ]
    },
    "q8": {
      "median_ms": 144.4365,
      "p95_ms": 155.42562500000003,
      "runs": [
        142.839917,
        145.86733299999997,
        144.4365,
        155.42562500000003,
        141.991292
      ]
    },
    "q9": {
      "median_ms": 415.105708,
      "p95_ms": 422.74012500000003,
      "runs": [
        408.358375,
        408.568458,
        415.105708,
        422.74012500000003,
        418.702083
      ]
    }
  }
}