{
  "schema_version": 1,
  "scale_factor": 1,
  "engine": "postgres",
  "host": {
    "cpu": "Apple M4",
    "cores": 10,
    "ram_gb": 16,
    "os": "macos unknown"
  },
  "git_commit": "unknown",
  "cargo_lock_sha256": "20e3e7d1a7f272ca49d7dcc0c3c73f548b339b4303c56aea6e9227bfdb8da95b",
  "recorded_at": "2026-05-25T04:17:31.247268+00:00",
  "queries": {
    "q1": {
      "median_ms": 824.7485,
      "p95_ms": 824.7485,
      "runs": [
        824.7485
      ]
    },
    "q10": {
      "median_ms": 208.08166599999998,
      "p95_ms": 208.08166599999998,
      "runs": [
        208.08166599999998
      ]
    },
    "q11": {
      "median_ms": 55.16825,
      "p95_ms": 55.16825,
      "runs": [
        55.16825
      ]
    },
    "q12": {
      "median_ms": 222.94229099999998,
      "p95_ms": 222.94229099999998,
      "runs": [
        222.94229099999998
      ]
    },
    "q13": {
      "median_ms": 313.390083,
      "p95_ms": 313.390083,
      "runs": [
        313.390083
      ]
    },
    "q14": {
      "median_ms": 78.238375,
      "p95_ms": 78.238375,
      "runs": [
        78.238375
      ]
    },
    "q15": {
      "median_ms": 150.938125,
      "p95_ms": 150.938125,
      "runs": [
        150.938125
      ]
    },
    "q16": {
      "median_ms": 171.521541,
      "p95_ms": 171.521541,
      "runs": [
        171.521541
      ]
    },
    "q17": {
      "median_ms": 42.430457999999994,
      "p95_ms": 42.430457999999994,
      "runs": [
        42.430457999999994
      ]
    },
    "q18": {
      "median_ms": 972.1186670000001,
      "p95_ms": 972.1186670000001,
      "runs": [
        972.1186670000001
      ]
    },
    "q19": {
      "median_ms": 27.558542,
      "p95_ms": 27.558542,
      "runs": [
        27.558542
      ]
    },
    "q2": {
      "median_ms": 199.756792,
      "p95_ms": 199.756792,
      "runs": [
        199.756792
      ]
    },
    "q20": {
      "median_ms": 128.30191599999998,
      "p95_ms": 128.30191599999998,
      "runs": [
        128.30191599999998
      ]
    },
    "q21": {
      "median_ms": 910.885708,
      "p95_ms": 910.885708,
      "runs": [
        910.885708
      ]
    },
    "q22": {
      "median_ms": 36.318999999999996,
      "p95_ms": 36.318999999999996,
      "runs": [
        36.318999999999996
      ]
    },
    "q3": {
      "median_ms": 279.205667,
      "p95_ms": 279.205667,
      "runs": [
        279.205667
      ]
    },
    "q4": {
      "median_ms": 105.864583,
      "p95_ms": 105.864583,
      "runs": [
        105.864583
      ]
    },
    "q5": {
      "median_ms": 147.105458,
      "p95_ms": 147.105458,
      "runs": [
        147.105458
      ]
    },
    "q6": {
      "median_ms": 214.807667,
      "p95_ms": 214.807667,
      "runs": [
        214.807667
      ]
    },
    "q7": {
      "median_ms": 1468.7126670000002,
      "p95_ms": 1468.7126670000002,
      "runs": [
        1468.7126670000002
      ]
    },
    "q8": {
      "median_ms": 156.162459,
      "p95_ms": 156.162459,
      "runs": [
        156.162459
      ]
    },
    "q9": {
      "median_ms": 951.262917,
      "p95_ms": 951.262917,
      "runs": [
        951.262917
      ]
    }
  }
}