{
  "schema_version": 1,
  "scale_factor": 10,
  "engine": "ultrasql@0.0.1",
  "host": {
    "cpu": "Apple M4",
    "cores": 10,
    "ram_gb": 16,
    "os": "macos unknown"
  },
  "git_commit": "unknown",
  "cargo_lock_sha256": "67386cabaf3f20edd50804e9129f3e6ac99d6eadb8a5957f2601aa0898a58997",
  "recorded_at": "2026-05-21T13:15:49.642875+00:00",
  "queries": {
    "q1": {
      "median_ms": 13.033625,
      "p95_ms": 13.033625,
      "runs": [
        13.033625
      ]
    },
    "q10": {
      "median_ms": 0.32566700000000004,
      "p95_ms": 0.32566700000000004,
      "runs": [
        0.32566700000000004
      ]
    },
    "q11": {
      "median_ms": 0.174375,
      "p95_ms": 0.174375,
      "runs": [
        0.174375
      ]
    },
    "q12": {
      "median_ms": 0.158917,
      "p95_ms": 0.158917,
      "runs": [
        0.158917
      ]
    },
    "q13": {
      "median_ms": 0.09025,
      "p95_ms": 0.09025,
      "runs": [
        0.09025
      ]
    },
    "q14": {
      "median_ms": 0.122292,
      "p95_ms": 0.122292,
      "runs": [
        0.122292
      ]
    },
    "q15": {
      "median_ms": 0.102542,
      "p95_ms": 0.102542,
      "runs": [
        0.102542
      ]
    },
    "q16": {
      "median_ms": 6.664416999999999,
      "p95_ms": 6.664416999999999,
      "runs": [
        6.664416999999999
      ]
    },
    "q17": {
      "median_ms": 0.206959,
      "p95_ms": 0.206959,
      "runs": [
        0.206959
      ]
    },
    "q18": {
      "median_ms": 0.222125,
      "p95_ms": 0.222125,
      "runs": [
        0.222125
      ]
    },
    "q19": {
      "median_ms": 0.662583,
      "p95_ms": 0.662583,
      "runs": [
        0.662583
      ]
    },
    "q2": {
      "median_ms": 2.62975,
      "p95_ms": 2.62975,
      "runs": [
        2.62975
      ]
    },
    "q20": {
      "median_ms": 3.147917,
      "p95_ms": 3.147917,
      "runs": [
        3.147917
      ]
    },
    "q21": {
      "median_ms": 0.292083,
      "p95_ms": 0.292083,
      "runs": [
        0.292083
      ]
    },
    "q22": {
      "median_ms": 138266.086333,
      "p95_ms": 138266.086333,
      "runs": [
        138266.086333
      ]
    },
    "q3": {
      "median_ms": 0.186209,
      "p95_ms": 0.186209,
      "runs": [
        0.186209
      ]
    },
    "q4": {
      "median_ms": 0.136667,
      "p95_ms": 0.136667,
      "runs": [
        0.136667
      ]
    },
    "q5": {
      "median_ms": 0.246667,
      "p95_ms": 0.246667,
      "runs": [
        0.246667
      ]
    },
    "q6": {
      "median_ms": 0.49237499999999995,
      "p95_ms": 0.49237499999999995,
      "runs": [
        0.49237499999999995
      ]
    },
    "q7": {
      "median_ms": 0.3655,
      "p95_ms": 0.3655,
      "runs": [
        0.3655
      ]
    },
    "q8": {
      "median_ms": 0.864834,
      "p95_ms": 0.864834,
      "runs": [
        0.864834
      ]
    },
    "q9": {
      "median_ms": 0.892042,
      "p95_ms": 0.892042,
      "runs": [
        0.892042
      ]
    }
  }
}