{"engine":"duckdb","workload":"update_throughput_10k","n_rows":10000,"samples":32,"median_us":174.063,"min_us":158.375,"iterations_us":[232.374994084239, 208.45793187618256, 203.74997984617949, 194.20799799263477, 169.54203601926565, 173.24998043477535, 163.37493434548378, 196.45807333290577, 172.70795069634914, 178.9169618859887, 180.70789519697428, 173.66698011755943, 175.1669915392995, 174.87502191215754, 178.70799638330936, 183.20896197110415, 216.4999023079872, 165.33408779650927, 158.37501268833876, 173.87501429766417, 178.49996220320463, 181.750045157969, 189.75010607391596, 171.5420512482524, 165.58298375457525, 174.24998804926872, 165.79206567257643, 168.91700215637684, 166.12501349300146, 169.20804046094418, 173.79107885062695, 165.62500968575478]}
