{"engine":"clickhouse","workload":"update_throughput_10k","n_rows":10000,"samples":8,"median_us":3579.250,"min_us":3286.250022938475,"iterations_us":[3718.166990438476, 3948.833007598296, 4539.37501879409, 3607.9169949516654, 3550.5830019246787, 3418.5409895144403, 3487.9999875556678, 3286.250022938475]}
