{"engine":"sqlite3","workload":"update_throughput_10k","n_rows":10000,"samples":32,"median_us":421.791,"min_us":393.417,"iterations_us":[442.49999336898327, 418.3329874649644, 532.4170051608235, 444.0830089151859, 398.54098577052355, 393.41699448414147, 402.66598807647824, 420.6660087220371, 395.00001003034413, 429.0830111131072, 410.87501449510455, 420.6660087220371, 421.99998279102147, 424.62500277906656, 421.58301221206784, 426.8329939804971, 429.290987085551, 425.2079816069454, 421.50000808760524, 436.79101509042084, 426.12498509697616, 429.2080120649189, 431.8749997764826, 428.54101047851145, 436.2500039860606, 490.459002321586, 409.7500059287995, 406.66598943062127, 411.3749891985208, 412.291003158316, 421.0829793009907, 409.332977142185]}
