{"engine":"clickhouse","workload":"update_throughput_10k","n_rows":10000,"samples":8,"median_us":3766.021,"min_us":3429.915988817811,"iterations_us":[4127.957974560559, 3638.291993411258, 4233.082989230752, 3725.1250178087503, 4142.290999880061, 3736.041981028393, 3796.000004513189, 3429.915988817811]}
