{"engine":"postgres17","workload":"update_throughput_10k","n_rows":10000,"samples":4,"median_us":45920.291,"min_us":40517.584,"iterations_us":[45688.541023992, 40517.58395507932, 50762.62494549155, 46152.04100264236]}
