{"engine":"duckdb","workload":"update_throughput_10k","n_rows":10000,"samples":8,"median_us":190.208,"min_us":168.834,"iterations_us":[200.41600510012358, 192.04099953640252, 168.83399803191423, 190.7920086523518, 211.58299932722002, 187.37500067800283, 182.4169885367155, 189.62498870678246]}
