{"engine":"duckdb","workload":"update_throughput_10k","n_rows":10000,"samples":32,"median_us":157.730,"min_us":145.708,"iterations_us":[210.91601229272783, 212.04198128543794, 166.9999910518527, 161.75000928342342, 157.20899682492018, 152.2919919807464, 158.25001173652709, 204.45897825993598, 169.91698066703975, 172.45899653062224, 152.54199388436973, 151.33299166336656, 155.83299682475626, 150.54098912514746, 149.75000522099435, 155.87499365210533, 145.70800703950226, 149.08399316482246, 145.99997666664422, 159.291026648134, 158.91599468886852, 155.54099809378386, 169.1659854259342, 170.83401326090097, 159.37499119900167, 174.08400890417397, 189.4999877549708, 157.1669999975711, 154.87501514144242, 156.29100380465388, 154.29200720973313, 161.33399913087487]}
