{"engine":"ultrasql","iterations_us":[223.834,230.5,246.58299999999997,286.5,317.459,595.1669999999999,663.875,772.916],"median_us":317.459,"min_us":223.834,"n_rows":10000,"samples":8,"workload":"update_throughput_10k"}