{"engine":"ultrasql","iterations_us":[168.0,203.334,204.375,217.542,247.959,276.83299999999997,297.33299999999997,300.834],"median_us":247.959,"min_us":168.0,"n_rows":10000,"samples":8,"workload":"update_throughput_10k"}
