{"engine":"postgres17","workload":"update_throughput_10k","n_rows":10000,"samples":8,"median_us":45168.896,"min_us":40298.292,"iterations_us":[47082.875011255965, 40298.29200590029, 46635.7079858426, 41515.70799876936, 47465.16598970629, 43877.791991690174, 41893.37501884438, 46460.00001230277]}
