{"engine":"sqlite3","workload":"update_throughput_10k","n_rows":10000,"samples":32,"median_us":404.417,"min_us":374.416,"iterations_us":[413.5000053793192, 399.1670091636479, 416.16702219471335, 389.2919630743563, 390.29098115861416, 410.6669803149998, 396.4159986935556, 401.1249984614551, 401.084020268172, 404.08404311165214, 406.16700425744057, 411.7499920539558, 409.54200085252523, 405.1669966429472, 404.7499969601631, 413.37497532367706, 408.62499736249447, 403.70901115238667, 406.70798625797033, 430.1249864511192, 400.2919886261225, 401.2080025859177, 401.0000266134739, 413.79203321412206, 450.74999798089266, 411.3329923711717, 378.3340216614306, 399.9170148745179, 404.0829953737557, 374.4160057976842, 416.582974139601, 396.58398600295186]}
