{"engine":"duckdb","workload":"update_throughput_10k","n_rows":10000,"samples":8,"median_us":176.250,"min_us":169.125,"iterations_us":[187.5000016298145, 198.54199490509927, 204.66698333621025, 171.20898701250553, 169.749982887879, 179.70899352803826, 169.12500723265111, 172.7920025587082]}
