{"engine":"postgres17","workload":"update_throughput_10k","n_rows":10000,"samples":32,"median_us":43564.063,"min_us":36944.875,"iterations_us":[48641.79098512977, 44512.87499978207, 48534.95900169946, 39889.70798673108, 44995.416974416, 43169.20801647939, 43505.37501159124, 46046.000003116205, 47639.75000241771, 40995.24999037385, 46013.9169881586, 43190.70899509825, 44888.083008117974, 46623.417001683265, 42353.91700058244, 44253.83298075758, 44381.16599339992, 41111.166996415704, 43934.29201445542, 42955.500015523285, 41859.791992465034, 39732.957986416295, 44527.99999853596, 36944.87499888055, 48287.70799213089, 43622.750003123656, 41190.58299693279, 42431.750014657155, 40501.375013263896, 45155.91697418131, 41948.2080033049, 42854.16699713096]}
