{"engine":"sqlite3","workload":"update_throughput_10k","n_rows":10000,"samples":8,"median_us":451.083,"min_us":434.333,"iterations_us":[451.83300971984863, 458.9579766616225, 443.3330032043159, 531.5000016707927, 559.4170070253313, 450.3329982981086, 434.33302198536694, 447.54098053090274]}
