{"engine":"sqlite3","workload":"update_throughput_10k","n_rows":10000,"samples":32,"median_us":418.792,"min_us":389.208,"iterations_us":[447.7079783100635, 433.3340039011091, 389.87500010989606, 420.12499761767685, 400.8329997304827, 413.54101267643273, 389.20799852348864, 397.084018914029, 414.2500110901892, 410.37501068785787, 406.25000838190317, 411.165994592011, 416.49999911896884, 469.8749980889261, 438.25001921504736, 399.24998418428004, 445.8330222405493, 430.8749921619892, 416.8339946772903, 419.2500200588256, 418.66599349305034, 448.2500080484897, 438.000017311424, 457.24998926743865, 444.5419763214886, 389.41699312999845, 419.83299888670444, 418.8750172033906, 416.7080041952431, 418.70897985063493, 422.16700967401266, 437.4999844003469]}
