{"engine":"postgres17","workload":"update_throughput_10k","n_rows":10000,"samples":4,"median_us":58609.062,"min_us":50368.125,"iterations_us":[50368.124968372285, 58700.37496788427, 62505.16703585163, 58517.75000337511]}
