{"engine":"postgres17","workload":"update_throughput_10k","n_rows":10000,"samples":8,"median_us":46831.271,"min_us":41109.375,"iterations_us":[47417.16699209064, 44361.00000748411, 46664.25002506003, 41109.37501536682, 44815.875007770956, 46998.29197488725, 49452.834005933255, 51855.291007086635]}
