{"engine":"postgres17","workload":"update_throughput_10k","n_rows":10000,"samples":8,"median_us":44222.563,"min_us":41224.917,"iterations_us":[43870.66699564457, 42703.499988419935, 44020.500004990026, 45417.29201446287, 41224.91698944941, 45130.12498500757, 44424.62499719113, 45286.79099166766]}
