{"engine":"sqlite3","workload":"update_throughput_10k","n_rows":10000,"samples":32,"median_us":431.771,"min_us":423.167,"iterations_us":[436.2079780548811, 443.3749709278345, 432.7499773353338, 431.8340215831995, 470.3750601038337, 440.0840261951089, 437.45897710323334, 434.58398431539536, 438.6249929666519, 431.16603046655655, 437.5410499051213, 432.75009375065565, 432.99992103129625, 433.33310168236494, 433.0830415710807, 428.54202911257744, 423.1669008731842, 426.91698763519526, 426.6250180080533, 426.37495789676905, 427.3330559954047, 425.5420062690973, 431.2080563977361, 428.16600762307644, 431.4170219004154, 427.54202149808407, 426.5420138835907, 431.70794378966093, 445.5000162124634, 433.7918944656849, 423.5839005559683, 427.833991125226]}
