{"engine":"sqlite3","workload":"update_throughput_10k","n_rows":10000,"samples":32,"median_us":417.084,"min_us":383.042,"iterations_us":[410.2080129086971, 418.4999852441251, 485.04199367016554, 453.4579929895699, 431.74996972084045, 440.70801232010126, 399.4160215370357, 387.4999820254743, 420.8749742247164, 404.6250251121819, 396.8749660998583, 415.66701838746667, 419.124960899353, 417.0840256847441, 418.58298936858773, 425.3750084899366, 431.3749959692359, 430.1670123822987, 439.99997433274984, 387.8750139847398, 421.00000428035855, 407.5419856235385, 414.7500148974359, 417.0829779468477, 410.6250125914812, 456.8749573081732, 466.12502774223685, 409.24997301772237, 396.8749660998583, 383.0420318990946, 409.8750068806112, 392.91701978072524]}
