{"engine":"duckdb","workload":"update_throughput_10k","n_rows":10000,"samples":8,"median_us":180.083,"min_us":163.458,"iterations_us":[177.37498274073005, 207.41700427606702, 209.3750226777047, 179.62499987334013, 172.0000000204891, 180.5409847293049, 163.4579966776073, 211.5420065820217]}
