{"engine":"ultrasql","iterations_us":[129.458,134.291,134.375,136.667,137.542,137.709,137.875,139.209,139.958,140.166,142.0,142.792,143.125,143.292,143.916,144.75,146.45899999999997,146.583,148.583,149.5,149.791,150.208,154.458,154.833,156.042,156.584,156.958,159.375,160.917,162.084,170.625,177.708],"median_us":146.45899999999997,"min_us":129.458,"n_rows":10000,"samples":32,"workload":"update_throughput_10k"}
