{"engine":"duckdb","workload":"update_throughput_10k","n_rows":10000,"samples":32,"median_us":172.563,"min_us":150.041,"iterations_us":[198.4999980777502, 175.29100296087563, 157.7500079292804, 185.95802248455584, 163.37502165697515, 200.12498134747148, 187.37500067800283, 201.45898452028632, 178.74999321065843, 181.8750170059502, 173.00000763498247, 168.04097685962915, 163.2080238778144, 176.00000137463212, 176.1250023264438, 168.20899327285588, 164.16600556112826, 170.74999050237238, 168.66601072251797, 161.50000737980008, 196.91602210514247, 182.1249898057431, 162.33298811130226, 186.66699179448187, 154.33301450684667, 158.4590063430369, 181.29099044017494, 154.66698096133769, 172.16699779964983, 159.04201427474618, 150.04101442173123, 172.9580108076334]}
