{"engine":"duckdb","workload":"update_throughput_10k","n_rows":10000,"samples":32,"median_us":164.209,"min_us":150.125,"iterations_us":[223.66701159626245, 202.2079424932599, 168.45902428030968, 176.75000708550215, 162.45793085545301, 185.3330759331584, 164.25002831965685, 156.9580053910613, 153.16694043576717, 177.8329024091363, 162.54198271781206, 169.9160784482956, 327.2499889135361, 183.6250303313136, 192.29191821068525, 163.62499445676804, 166.62501730024815, 157.62506518512964, 162.2500130906701, 174.62496180087328, 158.04206486791372, 162.37504314631224, 164.16702419519424, 169.7090920060873, 164.5830925554037, 153.95903028547764, 164.25002831965685, 151.70802362263203, 159.00004655122757, 156.2499674037099, 158.24998263269663, 150.12500807642937]}
