{"engine":"ultrasql","iterations_us":[132.209,138.042,138.583,142.166,142.834,143.25,143.542,143.583,144.625,144.708,147.91699999999997,148.08399999999997,148.167,148.417,148.417,148.459,148.708,148.917,149.625,149.834,150.125,151.042,151.125,151.667,152.208,152.417,153.542,156.958,158.208,158.792,167.708,174.83399999999997],"median_us":148.708,"min_us":132.209,"n_rows":10000,"samples":32,"workload":"update_throughput_10k"}
