{"engine":"duckdb","workload":"update_throughput_10k","n_rows":10000,"samples":32,"median_us":162.271,"min_us":152.041,"iterations_us":[226.62495030090213, 207.62503845617175, 202.87500228732824, 170.87499145418406, 177.33400454744697, 175.2499956637621, 175.37502571940422, 157.9999807290733, 158.24998263269663, 155.7080540806055, 163.74996630474925, 153.1669986434281, 170.0409920886159, 156.62499936297536, 153.20797683671117, 161.66700515896082, 167.24999295547605, 153.791974298656, 164.0830305404961, 161.5420333109796, 187.3329747468233, 164.91598216816783, 156.74997121095657, 178.2089821062982, 165.58304196223617, 162.874988745898, 158.58298866078258, 157.458009198308, 160.58300388976932, 156.70800348743796, 152.04102965071797, 159.4159984961152]}
