{"engine":"ultrasql","iterations_us":[114.875,115.75,116.208,116.459,117.5,117.917,118.875,120.625,121.625,122.16700000000002,122.917,124.04199999999999,124.833,125.08300000000001,126.12499999999999,126.417,128.792,128.958,130.0,130.041,130.5,131.667,132.917,133.708,136.625,137.708,140.208,143.458,143.584,173.167,201.083,381.375],"median_us":128.792,"min_us":114.875,"n_rows":10000,"samples":32,"workload":"update_throughput_10k"}
