{"engine":"duckdb","workload":"update_throughput_10k","n_rows":10000,"samples":32,"median_us":159.646,"min_us":152.208,"iterations_us":[207.458040677011, 198.20901798084378, 189.24998585134745, 189.95796563103795, 180.0000318326056, 160.70797573775053, 162.83296281471848, 160.54196748882532, 155.58302402496338, 153.54197239503264, 153.50000467151403, 153.62503472715616, 152.24999515339732, 155.95904551446438, 152.33299927785993, 156.95899492129683, 180.37500558421016, 158.99998834356666, 160.79097986221313, 173.70894784107804, 160.08300008252263, 155.2079920656979, 158.1659889779985, 174.2080203257501, 169.83301611617208, 152.2080274298787, 156.7089930176735, 159.2080225236714, 153.1669986434281, 165.79095972701907, 163.08302292600274, 154.4589758850634]}
