{"engine":"postgres17","workload":"update_throughput_10k","n_rows":10000,"samples":32,"median_us":47776.500,"min_us":39817.084,"iterations_us":[40130.83397876471, 39817.08409264684, 41505.708009935915, 48771.16694115102, 49081.332981586456, 47676.74999311566, 49177.66700964421, 50299.45797286928, 50334.54194199294, 48630.95807377249, 48826.41602307558, 48415.08308891207, 50195.79199142754, 49643.83307378739, 47876.24999880791, 49845.124944113195, 46994.4590004161, 51747.458055615425, 48070.33308316022, 47923.54197707027, 43346.58291190863, 45278.37492059916, 45514.16705362499, 45052.29205824435, 47523.54195807129, 47300.374950282276, 48668.87500975281, 47116.916975937784, 45085.45808494091, 46817.958005703986, 46558.66697430611, 47251.58307701349]}
