{"engine":"postgres17","workload":"update_throughput_10k","n_rows":10000,"samples":32,"median_us":53630.458,"min_us":45846.958,"iterations_us":[45846.95800440386, 51147.49999484047, 50334.95899988338, 47664.8329931777, 48925.33301608637, 53239.29100995883, 54172.332980670035, 52650.83399717696, 63092.45800366625, 50008.4160012193, 53745.41599303484, 48795.833019539714, 51838.70799373835, 53515.49998158589, 50367.165997158736, 52570.20899443887, 51875.125005608425, 49838.66700786166, 55296.58298473805, 55093.292001402006, 54273.24998890981, 56384.374998742715, 65817.2499970533, 68894.24999826588, 213310.54100301117, 62701.08401076868, 60535.291995620355, 66308.74998518266, 71850.91701103374, 52187.58399132639, 70810.45798258856, 59331.00002584979]}
