{"engine":"clickhouse","workload":"update_throughput_10k","n_rows":10000,"samples":8,"median_us":3940.729,"min_us":3831.9589802995324,"iterations_us":[4578.708991175517, 3831.9589802995324, 4055.5830055382103, 3930.541017325595, 3949.0000053774565, 3932.4579993262887, 5788.0420063156635, 3846.375009743497]}
