{"engine":"ultrasql","iterations_us":[124.70800000000001,138.917,139.375,141.417,146.584,147.75,153.54100000000003,157.291,161.375,161.875,163.25,172.375,181.208,183.875,184.792,226.292],"median_us":161.375,"min_us":124.70800000000001,"n_rows":10000,"samples":16,"workload":"update_throughput_10k"}