{"engine":"sqlite3","workload":"update_throughput_10k","n_rows":10000,"samples":8,"median_us":375.354,"min_us":367.875,"iterations_us":[385.91702468693256, 452.41700718179345, 410.7499844394624, 375.83295488730073, 372.95796209946275, 368.00000816583633, 367.8749781101942, 374.8750314116478]}
