{"engine":"duckdb","workload":"update_throughput_10k","n_rows":10000,"samples":32,"median_us":154.458,"min_us":149.958,"iterations_us":[173.83397789672017, 199.25000378862023, 198.29103257507086, 171.04099970310926, 161.20902728289366, 158.20900443941355, 174.7499918565154, 159.8329981788993, 153.2090245746076, 151.62501949816942, 166.58398089930415, 152.91600720956922, 151.70802362263203, 151.29102393984795, 151.45802171900868, 151.0829897597432, 151.04195335879922, 150.66703781485558, 150.29101632535458, 149.95801029726863, 155.08296201005578, 194.9160359799862, 190.6250254251063, 151.04201156646013, 151.29201347008348, 157.91697660461068, 166.20801761746407, 155.6670176796615, 153.1669986434281, 153.08399451896548, 153.83301069959998, 163.3749925531447]}
