{"engine":"sqlite3","workload":"update_throughput_10k","n_rows":10000,"samples":32,"median_us":409.416,"min_us":395.875,"iterations_us":[409.29100941866636, 403.04200956597924, 399.8330212198198, 411.54195787385106, 402.41697570309043, 404.33398680761456, 402.3750079795718, 401.87500417232513, 401.87500417232513, 401.6669699922204, 404.99999886378646, 405.50000267103314, 504.6660080552101, 430.7919880375266, 395.8749584853649, 402.62500988319516, 409.5410113222897, 418.2090051472187, 417.50003583729267, 398.37503572925925, 407.45799196884036, 419.20895455405116, 408.1249935552478, 409.70800910145044, 413.7909854762256, 423.1249913573265, 412.83294558525085, 409.75003503262997, 412.5409759581089, 414.41700886934996, 422.79198532924056, 458.49999878555536]}
