{"engine":"postgres17","workload":"update_throughput_10k","n_rows":10000,"samples":32,"median_us":47453.271,"min_us":41554.500,"iterations_us":[47984.124976210296, 41554.49999962002, 49242.58403480053, 49695.49993984401, 49246.29209563136, 47190.625104121864, 46855.4999679327, 48433.99999663234, 47100.08401889354, 47048.83403610438, 47023.54106120765, 46758.958022110164, 48639.3750179559, 47599.24998506904, 47469.66692619026, 46909.374999813735, 47793.41700486839, 48087.87500951439, 47436.874941922724, 46586.87498886138, 46868.54197643697, 47385.49992907792, 47182.24995303899, 46292.874962091446, 49195.24991419166, 47535.000019706786, 50901.20807290077, 48126.16703566164, 47482.124995440245, 47274.834010750055, 47673.333901911974, 46746.49995286018]}
