{"engine":"postgres17","workload":"update_throughput_10k","n_rows":10000,"samples":8,"median_us":42496.333,"min_us":36824.208,"iterations_us":[48588.542005745694, 38908.08401047252, 45869.41600427963, 39379.41600452177, 36824.20798577368, 45881.12499914132, 41738.04199672304, 43254.62499400601]}
