{"engine":"ultrasql","iterations_us":[183.875,192.875,193.417,197.791,202.667,205.083,205.584,209.917,213.75,215.5,221.792,259.375,266.875,288.0,306.125,311.333,316.334,353.959,388.04200000000003,389.08299999999997,419.792,434.95799999999997,441.417,443.5,454.66700000000003,522.3330000000001,544.2090000000001,556.208,571.25,640.208,695.5419999999999,741.2919999999999],"median_us":316.334,"min_us":183.875,"n_rows":10000,"samples":32,"workload":"update_throughput_10k"}
