{"engine":"ultrasql","iterations_us":[139.833,145.33300000000003,145.33300000000003,147.209,147.41600000000003,148.416,151.29100000000003,155.208,158.333,160.167,164.542,166.166,176.75,180.542,180.958,204.0],"median_us":158.333,"min_us":139.833,"n_rows":10000,"samples":16,"workload":"update_throughput_10k"}