{"engine":"ultrasql","iterations_us":[382.83399999999995,389.917,399.208,399.792,406.292,415.458,431.41700000000003,481.666],"median_us":406.292,"min_us":382.83399999999995,"n_rows":10000,"samples":8,"workload":"update_throughput_10k"}