{"engine":"duckdb","workload":"update_throughput_10k","n_rows":10000,"samples":32,"median_us":173.167,"min_us":159.959,"iterations_us":[463.74998055398464, 248.1660048943013, 212.79099746607244, 253.04101291112602, 231.45799059420824, 206.95800776593387, 169.00000628083944, 173.50001144222915, 160.708004841581, 174.58299407735467, 162.04098938032985, 168.25000056996942, 165.49997963011265, 176.20797734707594, 162.874988745898, 165.1250058785081, 175.04201969131827, 189.2500149551779, 167.99999866634607, 165.1250058785081, 161.41700325533748, 164.66699889861047, 166.54198407195508, 159.9589886609465, 177.83301882445812, 172.83300985582173, 170.08400755003095, 176.37497512623668, 281.83398535475135, 315.29099214822054, 259.20799816958606, 172.04199684783816]}
