{"engine":"clickhouse","workload":"update_throughput_10k","n_rows":10000,"samples":4,"median_us":7596.771,"min_us":6304.749986156821,"iterations_us":[8110.416994895786, 7972.666993737221, 7220.875006169081, 6304.749986156821]}
