{"engine":"duckdb","workload":"update_throughput_10k","n_rows":10000,"samples":32,"median_us":156.812,"min_us":148.959,"iterations_us":[216.45904053002596, 192.0000067912042, 168.62497432157397, 156.91702719777822, 158.91599468886852, 154.16700625792146, 165.50003783777356, 173.08304086327553, 151.16599388420582, 176.83400074020028, 153.00000086426735, 192.04197451472282, 204.08298587426543, 221.16699256002903, 175.41699344292283, 151.04195335879922, 155.2909961901605, 172.3750028759241, 162.16601943597198, 160.4999997653067, 171.20799748227, 156.70794527977705, 153.79104297608137, 155.49996169283986, 151.70802362263203, 149.54200014472008, 151.24998753890395, 150.24997992441058, 155.87499365210533, 153.2500027678907, 149.2080045863986, 148.9589922130108]}
