{"engine":"ultrasql","iterations_us":[260.08299999999997,275.125,278.08299999999997,298.29200000000003,302.708,312.667,320.25,349.45799999999997],"median_us":302.708,"min_us":260.08299999999997,"n_rows":10000,"samples":8,"workload":"update_throughput_10k"}