{"engine":"duckdb","workload":"update_throughput_10k","n_rows":10000,"samples":4,"median_us":185.521,"min_us":167.583,"iterations_us":[167.582998983562, 175.9579754434526, 195.08402328938246, 196.83397840708494]}
