{"engine":"postgres17","workload":"update_throughput_10k","n_rows":10000,"samples":8,"median_us":64419.271,"min_us":52771.458,"iterations_us":[59242.79100145213, 52771.45802392624, 70171.91700288095, 66533.00000471063, 64800.3329988569, 65458.79098121077, 62283.2500084769, 64038.208016427234]}
