{"engine":"sqlite3","workload":"update_throughput_10k","n_rows":10000,"samples":32,"median_us":456.626,"min_us":434.917,"iterations_us":[465.832999907434, 473.4999965876341, 475.7080168928951, 466.58399514853954, 462.1670232154429, 449.16701153852046, 447.1669963095337, 457.54198799841106, 449.3749875109643, 459.7500083036721, 454.87500028684735, 451.25000178813934, 438.99999582208693, 441.7909949552268, 440.16700121574104, 445.16701018437743, 446.5829988475889, 434.9169903434813, 486.00000445730984, 458.0410022754222, 455.5420018732548, 454.6669952105731, 458.20800005458295, 459.0419994201511, 459.0419994201511, 460.54201084189117, 451.8750065471977, 467.62501006014645, 454.7499993350357, 461.9999963324517, 456.45900536328554, 456.7920113913715]}
