{"engine":"clickhouse","workload":"update_throughput_10k","n_rows":10000,"samples":32,"median_us":3924.875,"min_us":3254.29200893268,"iterations_us":[8146.041014697403, 7097.958005033433, 6750.708038453013, 6544.708972796798, 5844.417028129101, 5372.79195850715, 5097.958957776427, 4822.417045943439, 4777.541966177523, 4607.665992807597, 4260.99996548146, 3839.458047877997, 4463.124962057918, 3672.9169660247862, 4224.292002618313, 3663.000010419637, 3254.29200893268, 4198.45903525129, 4024.9580051749945, 3808.041976299137, 3660.6250214390457, 3445.9579619579017, 3789.3339758738875, 3858.500043861568, 3452.167031355202, 3568.915999494493, 3673.791012261063, 3442.250017542392, 3991.2500069476664, 3562.8749756142497, 3762.208973057568, 3854.12503965199]}
