{"engine":"duckdb","workload":"update_throughput_10k","n_rows":10000,"samples":8,"median_us":197.188,"min_us":170.542,"iterations_us":[229.4160076417029, 188.54200607165694, 214.29103799164295, 170.5419854260981, 172.79095482081175, 200.12498134747148, 194.2500239238143, 209.0419875457883]}
