{"engine":"ultrasql","iterations_us":[263.334,276.91700000000003,277.58299999999997,285.208,309.16700000000003,326.959,330.792,343.25],"median_us":309.16700000000003,"min_us":263.334,"n_rows":10000,"samples":8,"workload":"update_throughput_10k"}