{"engine":"clickhouse","workload":"update_throughput_10k","n_rows":10000,"samples":32,"median_us":5285.292,"min_us":3634.9169677123427,"iterations_us":[19430.250045843422, 17277.70792786032, 20545.66703736782, 11742.917005904019, 8790.791034698486, 11612.41705995053, 14280.417002737522, 4628.583090379834, 6226.916098967195, 4406.707943417132, 5432.458012364805, 4730.166983790696, 5237.792036496103, 5088.125006295741, 6800.49997754395, 4753.459012135863, 8538.000052794814, 6212.375010363758, 4188.791033811867, 3997.6249681785703, 4150.666994974017, 3680.458990857005, 10424.459003843367, 5332.792061381042, 4481.0830149799585, 4061.5410543978214, 8186.16698961705, 4207.20805414021, 3634.9169677123427, 4450.999898836017, 4734.209040179849, 5517.2499269247055]}
