{"engine":"duckdb","workload":"update_throughput_10k","n_rows":10000,"samples":8,"median_us":169.229,"min_us":153.458,"iterations_us":[210.4590239468962, 168.9160126261413, 190.49999536946416, 191.37500203214586, 169.5409882813692, 156.6660066600889, 153.4579787403345, 162.74998779408634]}
