{"engine":"postgres17","workload":"update_throughput_10k","n_rows":10000,"samples":32,"median_us":44435.313,"min_us":32274.208,"iterations_us":[46586.7500170134, 40058.70799301192, 45138.49999057129, 43948.95798759535, 41144.0419848077, 63049.83299924061, 51880.83299435675, 50026.41602186486, 43804.16701314971, 47862.542036455125, 49476.91597044468, 48406.33302228525, 47240.042011253536, 44961.95801766589, 45185.16600364819, 49987.041973508894, 46430.04201352596, 43925.00000540167, 48889.16696654633, 44019.791996106505, 43762.999994214624, 43011.958012357354, 41599.08398287371, 43068.6249746941, 44850.834005046636, 41595.33296478912, 43363.875010982156, 42922.70902078599, 42617.958039045334, 45540.250022895634, 32274.207973387092, 41905.792022589594]}
