{"engine":"postgres17","workload":"update_throughput_10k","n_rows":10000,"samples":32,"median_us":50493.146,"min_us":42127.958,"iterations_us":[42127.95797502622, 43296.49999272078, 46734.54200383276, 49132.04099284485, 54015.66700311378, 48381.70896982774, 49405.24999983609, 52943.792019505054, 60828.12498789281, 51671.50002671406, 51237.70795762539, 49310.167029034346, 48335.540981497616, 52547.70797910169, 57578.957988880575, 76872.0000050962, 62834.9999897182, 57294.95798004791, 56502.20799725503, 52548.50001074374, 57294.75000407547, 48464.792023878545, 49925.58399681002, 45977.33402624726, 48591.99997736141, 50384.2500038445, 49670.124950353056, 52458.624995779246, 52085.41598403826, 48368.917021434754, 50394.16701765731, 50592.124985996634]}
