{"engine":"sqlite3","workload":"update_throughput_10k","n_rows":10000,"samples":8,"median_us":416.729,"min_us":401.750,"iterations_us":[417.29200165718794, 409.12500116974115, 401.75000322051346, 422.5000011501834, 412.37499681301415, 421.2079948047176, 435.75000017881393, 416.16598900873214]}
