{"engine":"duckdb","workload":"update_throughput_10k","n_rows":10000,"samples":8,"median_us":194.208,"min_us":166.750,"iterations_us":[202.04202155582607, 192.58298561908305, 205.5420191027224, 196.12497999332845, 166.74998914822936, 192.99998530186713, 195.41700021363795, 169.91698066703975]}
