{"engine":"clickhouse","workload":"update_throughput_10k","n_rows":10000,"samples":8,"median_us":7474.708,"min_us":5424.125003628433,"iterations_us":[10672.500007785857, 9573.457995429635, 9968.959027901292, 7943.457982037216, 7005.958002991974, 6087.500019930303, 5424.125003628433, 6821.874994784594]}
