{"engine":"postgres17","workload":"update_throughput_10k","n_rows":10000,"samples":8,"median_us":44662.438,"min_us":42107.291,"iterations_us":[49085.08301014081, 45149.99999082647, 49026.49999712594, 44641.04201178998, 42107.29099577293, 42199.99999622814, 42141.66599558666, 44683.83299536072]}
