{"engine":"sqlite3","workload":"update_throughput_10k","n_rows":10000,"samples":8,"median_us":418.042,"min_us":415.917,"iterations_us":[419.9579998385161, 417.83301276154816, 420.3749995213002, 418.25001244433224, 417.7910159341991, 415.91699118725955, 416.0419921390712, 418.6670121271163]}
