{"engine":"sqlite3","workload":"update_throughput_10k","n_rows":10000,"samples":8,"median_us":415.875,"min_us":412.625,"iterations_us":[417.2910121269524, 419.45799603126943, 413.2080066483468, 424.33300404809415, 412.8339933231473, 412.6249987166375, 416.8330051470548, 414.9169835727662]}
