{"engine":"clickhouse","workload":"update_throughput_10k","n_rows":10000,"samples":8,"median_us":3500.479,"min_us":3273.4579872339964,"iterations_us":[4096.54199029319, 3568.12501559034, 3370.33299729228, 3349.4999806862324, 3584.041987778619, 3582.0000048261136, 3273.4579872339964, 3432.8330075368285]}
