{"engine":"sqlite3","workload":"update_throughput_10k","n_rows":10000,"samples":32,"median_us":424.709,"min_us":385.375,"iterations_us":[449.8330526985228, 449.04102105647326, 437.54198122769594, 428.83300920948386, 436.208036262542, 468.8749904744327, 432.29100992903113, 435.04202039912343, 422.24995559081435, 425.2500366419554, 423.7079992890358, 580.3750245831907, 523.1669638305902, 416.08401807025075, 422.87498945370317, 395.29200876131654, 416.582974139601, 417.1670298092067, 419.20802323147655, 414.7500148974359, 414.91701267659664, 420.8330065011978, 426.5420138835907, 424.91703061386943, 424.50003093108535, 427.833991125226, 421.9159600324929, 526.8749664537609, 465.9580299630761, 422.95799357816577, 385.37499494850636, 408.54100370779634]}
