{"engine":"sqlite3","workload":"update_throughput_10k","n_rows":10000,"samples":8,"median_us":420.250,"min_us":413.625,"iterations_us":[431.6659760661423, 414.54099118709564, 422.25001379847527, 418.2499833405018, 413.6249772273004, 417.00000292621553, 466.5419983211905, 429.25000889226794]}
