{"engine":"clickhouse","workload":"update_throughput_10k","n_rows":10000,"samples":32,"median_us":6290.083,"min_us":4432.125017046928,"iterations_us":[12824.624893255532, 15225.040959194303, 9212.084114551544, 9805.62495533377, 8867.41594877094, 7286.000065505505, 6842.290982604027, 6063.792039640248, 7774.9170595780015, 6068.95808596164, 6499.540992081165, 8226.957987062633, 6295.540952123702, 6690.457928925753, 5739.832995459437, 6440.041004680097, 6608.625059016049, 7402.500021271408, 5943.874944932759, 6306.87503144145, 4680.62493018806, 6024.167058058083, 5106.292082928121, 5719.250068068504, 5705.500021576881, 4938.292084261775, 6284.625036641955, 5377.792054787278, 6032.2919161990285, 4443.333018571138, 5889.166030101478, 4432.125017046928]}
