{"engine":"postgres17","workload":"update_throughput_10k","n_rows":10000,"samples":8,"median_us":44178.354,"min_us":42699.542,"iterations_us":[47583.33299832884, 42874.29200485349, 44190.58300845791, 42699.54199844506, 46254.832996055484, 43685.3749997681, 45807.125003193505, 44166.125007905066]}
