{"engine":"sqlite3","workload":"update_throughput_10k","n_rows":10000,"samples":8,"median_us":449.459,"min_us":431.083,"iterations_us":[460.33295802772045, 454.75002843886614, 520.2920292504132, 513.0409845151007, 444.16700256988406, 431.4170219004154, 431.3330282457173, 431.08302634209394]}
