{"engine":"postgres17","workload":"update_throughput_10k","n_rows":10000,"samples":32,"median_us":47869.917,"min_us":40482.125,"iterations_us":[44184.833008330315, 44400.874990969896, 49272.00000383891, 104240.37501798011, 53697.62500049546, 53253.62499570474, 51980.95800005831, 56299.45799591951, 51515.083003323525, 51825.166010530666, 52352.20800386742, 51739.87499438226, 52627.625002060086, 41574.25000448711, 47210.0839833729, 52353.58400386758, 49647.79200963676, 40482.12501220405, 47800.95900059678, 47477.457992499694, 47938.87501000427, 46505.37497946061, 45681.16698646918, 41607.33299795538, 46365.00001652166, 43122.91700625792, 48511.20899547823, 44102.582993218675, 43683.54202597402, 43612.7909924835, 47127.33399355784, 50469.54200952314]}
