{"engine":"ultrasql","iterations_us":[278.29200000000003,279.91700000000003,281.167,282.25,303.16700000000003,303.959,313.625,358.95799999999997],"median_us":303.16700000000003,"min_us":278.29200000000003,"n_rows":10000,"samples":8,"workload":"update_throughput_10k"}