{"engine":"clickhouse","workload":"update_throughput_10k","n_rows":10000,"samples":8,"median_us":3916.771,"min_us":3432.6669992879033,"iterations_us":[3977.0419825799763, 4097.708995686844, 3856.499999528751, 3432.6669992879033, 3621.3330167811364, 4029.458010336384, 3683.5839855484664, 4061.6249898448586]}
