{"engine":"clickhouse","workload":"update_throughput_10k","n_rows":10000,"samples":8,"median_us":4218.271,"min_us":4051.8750029150397,"iterations_us":[4051.8750029150397, 5019.042000640184, 4130.125016672537, 4242.208990035579, 5373.166990466416, 4175.332986051217, 4194.334003841504, 5051.499989349395]}
