{"engine":"ultrasql","iterations_us":[2369.375,2579.709,2581.6670000000004,2622.959,2676.583,2685.208,2732.625,2760.3340000000003],"median_us":2676.583,"min_us":2369.375,"n_rows":10000,"samples":8,"workload":"update_throughput_10k"}