{"engine":"postgres17","workload":"update_throughput_10k","n_rows":10000,"samples":32,"median_us":55105.084,"min_us":49701.792,"iterations_us":[55957.00000412762, 50601.50008648634, 55353.500065393746, 52657.66708180308, 52039.29194249213, 55443.45802627504, 55582.292028702796, 55704.45896591991, 56536.29207517952, 53249.83305763453, 53732.62497596443, 53670.79202551395, 58778.87492533773, 53009.79106687009, 51850.45802500099, 53109.37506146729, 55588.416988030076, 55030.95802851021, 55179.209099151194, 55598.792037926614, 56645.542033948004, 57326.999958604574, 52325.12496877462, 56935.332948341966, 55773.58289156109, 56103.49995549768, 61317.33302026987, 49701.791955158114, 50941.54202379286, 53039.083955809474, 52032.08397142589, 52157.16699603945]}
