{"engine":"clickhouse","workload":"update_throughput_10k","n_rows":10000,"samples":32,"median_us":4851.562,"min_us":3487.8330770879984,"iterations_us":[13147.37496431917, 11795.916012488306, 9896.99992351234, 5638.041999191046, 8483.208017423749, 4237.334011122584, 6059.542065486312, 5766.166024841368, 4766.6250029578805, 4389.208974316716, 4286.917042918503, 3487.8330770879984, 10538.16603962332, 4993.416019715369, 4332.041018642485, 8239.333983510733, 4936.499986797571, 4112.125025130808, 4130.083019845188, 4609.707975760102, 5083.083990029991, 6104.95894216001, 6781.08399733901, 4373.458097688854, 3656.791988760233, 8143.499959260225, 5049.958010204136, 4320.124979130924, 4449.042025953531, 4202.833049930632, 4154.957947321236, 3641.9170210137963]}
