{"engine":"duckdb","workload":"update_throughput_10k","n_rows":10000,"samples":8,"median_us":174.688,"min_us":163.000,"iterations_us":[197.0000157598406, 185.45900820754468, 164.08300143666565, 173.91701112501323, 168.70800754986703, 175.45800074003637, 162.99998969770968, 218.58300897292793]}
