{"engine":"sqlite3","workload":"update_throughput_10k","n_rows":10000,"samples":8,"median_us":424.292,"min_us":417.292,"iterations_us":[417.29200165718794, 423.87499706819654, 425.0410129316151, 424.1249989718199, 419.66699063777924, 427.49999556690454, 425.7079854141921, 424.4580049999058]}
