{"engine":"postgres17","workload":"update_throughput_10k","n_rows":10000,"samples":8,"median_us":45782.542,"min_us":40259.333,"iterations_us":[52182.790997903794, 41821.79199415259, 58339.83301999979, 40259.33300727047, 46302.834001835436, 45262.25000154227, 43085.70799184963, 50124.87500789575]}
