{"engine":"postgres17","workload":"update_throughput_10k","n_rows":10000,"samples":32,"median_us":47146.354,"min_us":41880.875,"iterations_us":[52201.082988176495, 45986.66599486023, 51214.62495299056, 45569.874986540526, 44910.91601084918, 51205.45800309628, 51614.209020044655, 46372.99996102229, 44694.24998387694, 49426.166980993, 48057.040956337005, 47639.62497236207, 51680.70795480162, 45666.04201681912, 48824.540979694575, 48362.41598241031, 46649.95800703764, 41880.875010974705, 45356.2080510892, 46270.24999354035, 50309.20897843316, 46653.08399125934, 43237.000005319715, 47705.624951049685, 45148.87498226017, 47878.374985884875, 44891.49997243658, 45146.95901889354, 49142.20800856128, 48996.95800850168, 46210.41700011119, 50673.54202037677]}
