{"engine":"clickhouse","workload":"update_throughput_10k","n_rows":10000,"samples":8,"median_us":6299.417,"min_us":4843.292001169175,"iterations_us":[8094.125019852072, 6405.666004866362, 6664.000044111162, 6661.708001047373, 5864.832957740873, 6193.167006131262, 5011.2499739043415, 4843.292001169175]}
