{"engine":"clickhouse","workload":"update_throughput_10k","n_rows":10000,"samples":32,"median_us":4013.792,"min_us":3417.1660081483424,"iterations_us":[6641.165993642062, 4871.2079878896475, 6057.958002202213, 4688.500019256026, 6639.0419960953295, 4509.125021286309, 5871.2499449029565, 4644.875007215887, 4454.000038094819, 4417.08299331367, 3964.208997786045, 3848.6249977722764, 3843.124955892563, 3417.1660081483424, 3784.500004258007, 3756.6660321317613, 3425.625036470592, 4024.374997243285, 5173.833982553333, 4096.833989024162, 3853.250003885478, 4003.2080141827464, 4351.707990281284, 4334.040975663811, 3891.083993948996, 3512.082970701158, 4235.666012391448, 3669.4169975817204, 3658.416972029954, 3849.1670275107026, 3818.625002168119, 3492.2919585369527]}
