{"engine":"postgres17","workload":"update_throughput_10k","n_rows":10000,"samples":32,"median_us":46135.646,"min_us":35331.791,"iterations_us":[48667.749972082675, 35331.79103396833, 50351.499987300485, 42957.08297286183, 47479.124972596765, 46293.8750279136, 42765.54100215435, 47128.3330116421, 45543.20900933817, 45616.49996321648, 45894.33304499835, 47317.33299558982, 48309.208010323346, 48324.958013836294, 46610.75002513826, 43985.87497416884, 45398.290967568755, 46864.916977938265, 45977.416972164065, 46599.79196731001, 45372.08302645013, 44068.166986107826, 46836.95902349427, 45150.62499558553, 44788.37503120303, 43367.45897307992, 46442.70800054073, 45278.333011083305, 44364.87500788644, 55881.25000940636, 54344.83400313184, 49830.45801054686]}
