{"engine":"duckdb","workload":"update_throughput_10k","n_rows":10000,"samples":32,"median_us":168.000,"min_us":151.250,"iterations_us":[210.70905495435, 189.0419516712427, 187.87500448524952, 183.50000027567148, 166.04200936853886, 168.16600691527128, 169.70897559076548, 154.5419218018651, 162.1670089662075, 157.95789659023285, 163.20799477398396, 155.95799777656794, 156.45800158381462, 160.4999415576458, 169.75007019937038, 160.62497161328793, 151.25004574656487, 162.58400864899158, 194.04198974370956, 180.7910157367587, 170.87499145418406, 168.0839341133833, 184.37497783452272, 165.99998343735933, 178.45898400992155, 160.33404972404242, 180.45795150101185, 168.50000247359276, 170.74996139854193, 164.708006195724, 167.91699454188347, 167.582998983562]}
