{"engine":"sqlite3","workload":"update_throughput_10k","n_rows":10000,"samples":32,"median_us":424.313,"min_us":417.709,"iterations_us":[427.8329433873296, 422.75001760572195, 426.5420138835907, 420.5420846119523, 423.8749388605356, 417.709001339972, 455.1250021904707, 430.8749921619892, 448.33391439169645, 439.7500306367874, 428.62503323704004, 425.5829844623804, 424.2919385433197, 424.1670249029994, 423.2499049976468, 425.62501039355993, 423.95899072289467, 425.2500366419554, 425.87495408952236, 422.12498374283314, 421.4580403640866, 423.95805940032005, 420.49994226545095, 423.7910034134984, 422.79192712157965, 422.6249875500798, 421.4169457554817, 424.3339644744992, 442.33398512005806, 436.7920337244868, 424.7910110279918, 427.9579734429717]}
