{"engine":"sqlite3","workload":"update_throughput_10k","n_rows":10000,"samples":32,"median_us":428.583,"min_us":419.500,"iterations_us":[434.54195838421583, 419.4999346509576, 426.7499316483736, 426.5829920768738, 428.3339949324727, 426.54096614569426, 429.95798867195845, 457.9999949783087, 428.9160715416074, 435.2501127868891, 447.5000314414501, 426.1250142008066, 425.2919461578131, 427.66693513840437, 426.25004425644875, 426.41605250537395, 430.3749883547425, 428.79197280853987, 430.54099660366774, 427.1250218153, 428.5000031813979, 432.87500739097595, 430.9579962864518, 428.5830073058605, 428.5830073058605, 430.66602665930986, 428.79197280853987, 429.2090889066458, 427.9589047655463, 439.91708662360907, 427.9169952496886, 427.62490920722485]}
