{"engine":"duckdb","workload":"update_throughput_10k","n_rows":10000,"samples":8,"median_us":181.437,"min_us":163.750,"iterations_us":[218.41700072400272, 188.9999839477241, 181.08298536390066, 175.1669915392995, 170.49998859874904, 181.7920128814876, 163.7499954085797, 183.20800154469907]}
