{"engine":"sqlite3","workload":"update_throughput_10k","n_rows":10000,"samples":4,"median_us":465.916,"min_us":454.000,"iterations_us":[472.12501522153616, 459.70798237249255, 453.9999645203352, 528.3750360831618]}
