{"engine":"postgres17","workload":"update_throughput_10k","n_rows":10000,"samples":8,"median_us":48118.687,"min_us":41709.250,"iterations_us":[45355.12498114258, 41709.25001380965, 52460.83304518834, 46129.541005939245, 50010.83400566131, 47006.20798394084, 49681.75000976771, 49231.166020035744]}
