{"engine":"duckdb","workload":"update_throughput_10k","n_rows":10000,"samples":8,"median_us":183.125,"min_us":158.083,"iterations_us":[220.16599541530013, 195.58402709662914, 193.45799228176475, 160.4579738341272, 173.16703451797366, 193.08296032249928, 168.1249705143273, 158.0830430611968]}
