{"engine":"sqlite3","workload":"update_throughput_10k","n_rows":10000,"samples":8,"median_us":414.667,"min_us":412.959,"iterations_us":[413.8339718338102, 427.5410028640181, 414.8339794483036, 415.58302473276854, 414.4999838899821, 415.37501965649426, 413.25000347569585, 412.95899427495897]}
