{
  "schema_version": 1,
  "engine": "ultrasql_hnsw",
  "workload": "vector_ann_hnsw_512_8d_k10",
  "host": {
    "cpu": "Apple M4",
    "cores": 10,
    "ram_gb": 16,
    "os": "macos unknown"
  },
  "n_rows": 512,
  "vector_dims": 8,
  "top_k": 10,
  "queries": 4,
  "warmup_queries": 0,
  "metric": "l2",
  "m": 16,
  "ef_search": 64,
  "seed": 1367265502,
  "recall_at_k": 1.0,
  "p50_latency_us": 138.291,
  "p95_latency_us": 147.709,
  "p99_latency_us": 147.709,
  "build_time_us": 4787.790999999999,
  "memory_bytes": 175560,
  "query_iterations_us": [
    138.291,
    144.792,
    147.709,
    123.04199999999999
  ],
  "recall_iterations": [
    1.0,
    1.0,
    1.0,
    1.0
  ],
  "first_exact_answer": [
    454,
    420,
    366,
    169,
    284,
    367,
    241,
    471,
    218,
    161
  ],
  "first_ann_answer": [
    454,
    420,
    366,
    169,
    284,
    367,
    241,
    471,
    218,
    161
  ]
}