{
  "schema_version": 1,
  "engine": "ultrasql_hnsw",
  "workload": "vector_ann_hnsw_512_8d_k10",
  "status": "measured",
  "n_rows": 512,
  "samples": 4,
  "median_us": 228.375,
  "min_us": 187.625,
  "iterations_us": [
    187.625,
    226.70899999999997,
    230.041,
    234.958
  ],
  "host": {
    "cpu": "Apple M4",
    "cores": 10,
    "ram_gb": 16,
    "os": "macos unknown"
  },
  "vector_dims": 8,
  "top_k": 10,
  "queries": 4,
  "warmup_queries": 0,
  "metric": "l2",
  "m": 16,
  "ef_search": 64,
  "seed": 1367265502,
  "recall_at_k": 1.0,
  "p50_latency_us": 226.70899999999997,
  "p95_latency_us": 234.958,
  "p99_latency_us": 234.958,
  "build_time_us": 7148.0,
  "memory_bytes": 175560,
  "query_iterations_us": [
    230.041,
    234.958,
    226.70899999999997,
    187.625
  ],
  "recall_iterations": [
    1.0,
    1.0,
    1.0,
    1.0
  ],
  "first_exact_answer": [
    454,
    420,
    366,
    169,
    284,
    367,
    241,
    471,
    218,
    161
  ],
  "first_ann_answer": [
    454,
    420,
    366,
    169,
    284,
    367,
    241,
    471,
    218,
    161
  ]
}