{"engine":"postgres17","workload":"window_row_number_65k_i64","n_rows":65536,"samples":8,"median_us":50529.459,"min_us":47310.792,"iterations_us":[47886.24998764135, 47464.000002946705, 49441.16700789891, 47310.79199700616, 53090.58300917968, 53147.20800379291, 52075.54198568687, 51617.749995784834]}
