{"engine":"duckdb","workload":"window_row_number_65k_i64","n_rows":65536,"samples":32,"median_us":6972.042,"min_us":6623.291,"iterations_us":[6661.999970674515, 7602.500030770898, 7569.917012006044, 7393.583015073091, 7351.999985985458, 7311.249966733158, 7210.916024632752, 7259.0409545227885, 8178.584044799209, 6867.666961625218, 7012.332964222878, 7004.540995694697, 6722.874997649342, 6701.541016809642, 6915.459001902491, 6723.250029608607, 6866.790994536132, 6869.624950923026, 6859.20799151063, 6922.457949258387, 7409.082958474755, 7208.957977127284, 6689.542031381279, 6929.166964255273, 7164.625043515116, 6623.290944844484, 7075.500034261495, 6984.45801390335, 6672.749994322658, 6972.000002861023, 6875.99997036159, 6972.083006985486]}
