{"engine":"duckdb","workload":"window_row_number_65k_i64","n_rows":65536,"samples":8,"median_us":7334.375,"min_us":6352.833,"iterations_us":[6352.833006531, 7826.665998436511, 7501.5829934272915, 7382.790994597599, 7245.6669877283275, 7437.958003720269, 7285.958010470495, 7080.709008732811]}
