{"engine":"postgres17","workload":"window_row_number_65k_i64","n_rows":65536,"samples":32,"median_us":55695.125,"min_us":45774.000,"iterations_us":[50175.582990050316, 45773.99999834597, 51900.082966312766, 56237.87496006116, 56491.66600778699, 55837.458989117295, 56115.45796273276, 54770.70895722136, 57034.207973629236, 55552.79098916799, 55248.95898997784, 57434.54198818654, 55263.33395391703, 56330.66699374467, 57780.45899933204, 58210.625022184104, 56037.958012893796, 51634.24997590482, 53825.374983716756, 55183.08305181563, 57056.20796652511, 54165.33298557624, 53829.58299014717, 55341.87500597909, 57523.249997757375, 57455.374975688756, 55088.29100290313, 56092.45802043006, 53460.2910047397, 54340.49997711554, 56006.8329796195, 56974.16700422764]}
