{"engine":"ultrasql","iterations_us":[4239.75,4303.375,4304.416,4311.4169999999995,4311.8330000000005,4313.125,4322.708,4336.6669999999995,4341.5,4343.292,4350.0830000000005,4353.25,4355.167,4361.167,4365.208,4366.25,4369.5,4369.708,4372.083,4375.040999999999,4377.4169999999995,4382.583,4385.875,4394.417,4394.459,4401.040999999999,4402.041,4402.959,4406.208,4437.25,4475.625,4481.167],"median_us":4369.5,"min_us":4239.75,"n_rows":65536,"samples":32,"workload":"window_row_number_65k_i64"}
