{"engine":"clickhouse","workload":"window_row_number_65k_i64","n_rows":65536,"samples":32,"median_us":8318.459,"min_us":7756.458944641054,"iterations_us":[7756.458944641054, 9103.499935008585, 8708.958979696035, 8899.583015590906, 8705.24998754263, 8691.20901916176, 8428.750094026327, 8293.417049571872, 8240.292081609368, 8558.583911508322, 8398.583042435348, 8309.833938255906, 8274.791995063424, 8210.958098061383, 8437.540964223444, 8340.00005852431, 8334.00001283735, 8194.666937924922, 8253.08298226446, 8356.83406330645, 8322.458947077394, 8521.249983459711, 8277.125074528158, 8228.082908317447, 8294.000057503581, 8297.167019918561, 8385.749999433756, 8376.291953027248, 8211.291045881808, 8128.541987389326, 8314.459002576768, 8183.749974705279]}
