{"engine":"sqlite3","workload":"window_row_number_65k_i64","n_rows":65536,"samples":32,"median_us":29823.958,"min_us":28666.792,"iterations_us":[28666.79197177291, 30087.667051702738, 30058.79098782316, 30125.416989903897, 30085.082980804145, 29998.499958310276, 30172.750004567206, 29620.499990414828, 29595.16696864739, 29976.00001981482, 29605.49999261275, 29682.166990824044, 29760.917008388788, 29653.333011083305, 30476.582993287593, 29921.584005933255, 29840.1250038296, 29723.04105060175, 29703.95900774747, 29724.666965194046, 30366.291000973433, 30405.37500055507, 29932.125005871058, 29797.833994962275, 29928.541975095868, 30098.582967184484, 29807.79198696837, 30051.08400247991, 29597.91704779491, 29735.749994870275, 29650.58304835111, 29713.874973822385]}
