{"engine":"clickhouse","workload":"window_row_number_65k_i64","n_rows":65536,"samples":8,"median_us":11764.124,"min_us":11115.334054920822,"iterations_us":[11591.08302090317, 12550.166982691735, 11519.375024363399, 12409.167014993727, 11920.582968741655, 12169.749999884516, 11607.66597604379, 11115.334054920822]}
