{"engine":"sqlite3","workload":"window_row_number_65k_i64","n_rows":65536,"samples":4,"median_us":30354.209,"min_us":29208.834,"iterations_us":[29208.83399201557, 31225.625018123537, 30331.958027090877, 30376.459006220102]}
