{"engine":"clickhouse","workload":"window_row_number_65k_i64","n_rows":65536,"samples":32,"median_us":10614.063,"min_us":7679.6659850515425,"iterations_us":[11501.125001814216, 11952.499975450337, 11642.374971415848, 12381.249980535358, 12019.33401171118, 11350.125016178936, 10756.333998870105, 10823.959019035101, 10302.541952114552, 10647.91699172929, 10760.625009424984, 10561.667033471167, 11247.292044572532, 11039.666016586125, 11518.708022776991, 10840.25000454858, 10384.875000454485, 10349.499993026257, 9533.167001791298, 7679.6659850515425, 9020.95896890387, 10489.707987289876, 8880.833047442138, 10324.666975066066, 10806.334030348808, 10069.70799062401, 10442.625032737851, 10580.209025647491, 10785.041959024966, 10439.332982059568, 10268.499958328903, 9286.416985560209]}
