{"engine":"postgres17","workload":"window_row_number_65k_i64","n_rows":65536,"samples":32,"median_us":56304.105,"min_us":45348.250,"iterations_us":[45348.25001610443, 47070.666041690856, 50784.41702062264, 52985.332964453846, 53218.458022456616, 50787.41704346612, 55209.33400839567, 56538.375036325306, 58607.042010407895, 58694.95897786692, 58662.37496957183, 56143.08302756399, 56581.91698603332, 56237.041018903255, 58675.75004231185, 56894.1249512136, 57018.041028641164, 57412.79205540195, 56541.333033237606, 56143.7500291504, 57058.9589769952, 58161.49996826425, 57430.74999190867, 55614.041979424655, 56299.4169886224, 56308.79203090444, 56843.66700006649, 54979.54098973423, 56003.7920367904, 57411.666959524155, 55631.29100482911, 52934.41703543067]}
