{"engine":"duckdb","workload":"window_row_number_65k_i64","n_rows":65536,"samples":32,"median_us":7052.249,"min_us":6544.916,"iterations_us":[6544.916017446667, 7736.125029623508, 7252.957962919027, 7300.792029127479, 7220.458006486297, 7590.499997604638, 7023.249985650182, 7262.041966896504, 8147.625019773841, 7149.12498369813, 6862.624955829233, 7007.749984040856, 7067.208003718406, 6823.042000178248, 6971.7500009574, 7137.291016988456, 7037.29095403105, 7090.3750020079315, 6965.624983422458, 7178.6659536883235, 7217.249949462712, 6898.125051520765, 7167.292002122849, 6727.25000185892, 7094.457978382707, 6855.082989204675, 6969.875015784055, 6895.499944221228, 7019.500015303493, 7132.3749725706875, 6747.6670374162495, 6771.791959181428]}
