{"engine":"sqlite3","workload":"window_row_number_65k_i64","n_rows":65536,"samples":32,"median_us":30384.271,"min_us":29009.292,"iterations_us":[29009.291902184486, 30201.458022929728, 30138.334026560187, 30088.083003647625, 30318.04203055799, 30468.2090645656, 30233.37502963841, 29997.000005096197, 30378.37496958673, 30777.66695059836, 30307.58409295231, 30455.95798175782, 30416.790978051722, 30776.333063840866, 30537.6669857651, 30390.582978725433, 30527.584021911025, 30391.208943910897, 30162.45795879513, 30460.832989774644, 30485.540977679193, 30811.83391623199, 30258.3749871701, 30470.832949504256, 30096.54104243964, 30306.125059723854, 30194.667051546276, 30553.37502155453, 30383.917037397623, 30490.458011627197, 30365.000013262033, 30384.624958969653]}
