{"engine":"sqlite3","workload":"window_row_number_65k_i64","n_rows":65536,"samples":32,"median_us":30123.771,"min_us":28709.125,"iterations_us":[28709.125006571412, 30356.37497669086, 30114.415974821895, 30107.37500153482, 30081.374978180975, 30269.83398012817, 30066.291976254433, 30467.625008895993, 30183.62500006333, 30494.66700758785, 30447.75000307709, 29927.291034255177, 29926.666989922523, 30121.375049930066, 30126.16600608453, 30203.874979633838, 30117.24998941645, 29757.458018139005, 29819.2499903962, 30324.833991471678, 29888.125020079315, 31061.666028108448, 29897.416010499, 30052.291986066848, 29967.333015520126, 30276.916979346424, 30339.499993715435, 30049.332999624312, 30238.332983572036, 30360.95795687288, 30249.91601705551, 30181.334004737437]}
