{"engine":"postgres17","workload":"window_row_number_65k_i64","n_rows":65536,"samples":8,"median_us":54630.416,"min_us":50125.042,"iterations_us":[54702.124994946644, 50125.04200567491, 51727.37501561642, 54361.33299372159, 54558.707983233035, 55692.12499540299, 56096.125015756115, 56893.33300688304]}
