{"engine":"duckdb","workload":"window_row_number_65k_i64","n_rows":65536,"samples":8,"median_us":9004.604,"min_us":8536.000,"iterations_us":[9243.000007700175, 15301.915991585702, 9996.625012718141, 8614.875026978552, 10190.624976530671, 8766.208018641919, 8535.999979358166, 8592.959027737379]}
