{"engine":"postgres17","workload":"window_row_number_65k_i64","n_rows":65536,"samples":32,"median_us":67239.396,"min_us":56015.792,"iterations_us":[56015.79195354134, 62009.750050492585, 67971.54201194644, 70759.54205356538, 68428.665981628, 69825.62504708767, 66344.16698943824, 69180.70802930743, 67665.83293210715, 65722.16702625155, 68051.24995298684, 66785.9580134973, 65831.333049573, 65566.58400222659, 65633.29102937132, 66193.6659598723, 66201.1670647189, 66493.66591591388, 65460.292040370405, 70662.37507387996, 66472.49998059124, 67659.0419607237, 67026.75006818026, 67452.04201433808, 68623.08294512331, 69721.66593186557, 68332.45896268636, 70998.12501110137, 70206.45798183978, 69069.29099932313, 66237.83300165087, 66024.45896714926]}
