{"engine":"ultrasql","iterations_us":[4330.0830000000005,4402.0,4404.458,4405.5,4405.833,4413.0419999999995,4414.209,4428.792,4435.5419999999995,4454.584,4468.042,4477.0,4494.25,4500.042,4502.625,4513.790999999999,4532.7919999999995,4534.667,4571.917,4576.541,4588.375,4612.875,4636.875,4678.5,4713.958,4716.792,4784.5830000000005,4835.041,4835.125,4901.25,4990.416,5103.5],"median_us":4532.7919999999995,"min_us":4330.0830000000005,"n_rows":65536,"samples":32,"workload":"window_row_number_65k_i64"}
