{"engine":"duckdb","workload":"window_row_number_65k_i64","n_rows":65536,"samples":8,"median_us":7320.271,"min_us":6556.833,"iterations_us":[6556.832988280803, 7589.041983010247, 7362.291973549873, 7482.959015760571, 7278.250006493181, 7266.500004334375, 7374.958018772304, 7132.250000722706]}
