{"engine":"sqlite3","workload":"window_row_number_65k_i64","n_rows":65536,"samples":8,"median_us":29797.979,"min_us":29067.000,"iterations_us":[29066.999966744334, 30288.250010926276, 30234.791978728026, 30063.541955314577, 29931.999975815415, 29477.167001459748, 29405.375011265278, 29663.958004675806]}
