{"engine":"postgres17","workload":"window_row_number_65k_i64","n_rows":65536,"samples":8,"median_us":53906.104,"min_us":47461.375,"iterations_us":[47789.45798170753, 47461.37501206249, 48874.45899657905, 53384.75000462495, 54584.500001510605, 54427.458002464846, 57081.20801136829, 55491.292005172]}
