{"engine":"clickhouse","workload":"window_row_number_65k_i64","n_rows":65536,"samples":32,"median_us":15344.271,"min_us":9498.749976046383,"iterations_us":[9498.749976046383, 13321.958016604185, 13413.250097073615, 13770.707999356091, 15721.083036623895, 11958.834016695619, 14834.749978035688, 10016.708984039724, 14997.87496868521, 11527.91699860245, 10342.207970097661, 12034.041923470795, 10781.165910884738, 14951.416989788413, 15374.208916909993, 15770.541969686747, 15402.000048197806, 16735.500073991716, 13344.582985155284, 16040.791990235448, 15858.375001698732, 15652.167028747499, 15834.12499167025, 15314.333024434745, 17940.666992217302, 15626.50001142174, 16555.750044062734, 15906.124957837164, 16810.750006698072, 13744.958094321191, 15954.374917782843, 18469.37497612089]}
