{"engine":"postgres17","workload":"window_row_number_65k_i64","n_rows":65536,"samples":32,"median_us":53034.208,"min_us":43510.417,"iterations_us":[45636.75000099465, 43510.417017387226, 46814.54101228155, 44727.79200295918, 52308.4589804057, 51259.50000365265, 46018.20799871348, 52102.58299484849, 50181.16600695066, 53002.54200119525, 51312.54199659452, 50881.00000284612, 51098.041993100196, 48060.040979180485, 53935.542004182935, 51034.291012911126, 53747.12499906309, 53570.74999483302, 50720.79098317772, 54927.37499298528, 53065.8749921713, 55369.91701228544, 54192.20801559277, 72834.95899173431, 58201.33400266059, 56299.49999274686, 56138.79198790528, 70283.95900852047, 60524.75000615232, 73034.58300884813, 58505.08299772628, 62035.04101722501]}
