{"engine":"ultrasql","iterations_us":[4456.8330000000005,4489.917,4491.584,4494.583,4495.4169999999995,4496.041,4520.458,4526.167,4527.75,4532.75,4536.833,4542.959,4545.875,4552.416,4567.540999999999,4572.0,4572.084,4579.875,4583.6669999999995,4597.791,4619.7080000000005,4619.791,4621.625,4629.5,4635.5,4639.667,4652.709,4655.7919999999995,4659.209,4660.916,4708.834,4710.792],"median_us":4572.084,"min_us":4456.8330000000005,"n_rows":65536,"samples":32,"workload":"window_row_number_65k_i64"}
