{"engine":"clickhouse","workload":"window_row_number_65k_i64","n_rows":65536,"samples":8,"median_us":5787.334,"min_us":5165.250011486933,"iterations_us":[5165.250011486933, 6110.624992288649, 5789.166985778138, 6106.08299029991, 5885.582999326289, 5785.500019555911, 5559.875018661842, 5734.1250067111105]}
