{"engine":"duckdb","workload":"window_row_number_65k_i64","n_rows":65536,"samples":32,"median_us":7148.812,"min_us":6343.166,"iterations_us":[6343.165994621813, 7333.290996029973, 7768.208044581115, 7565.375010017306, 7171.208970248699, 7434.666971676052, 7392.917003016919, 7902.624958660454, 7479.250023607165, 7192.749995738268, 7335.45795083046, 6749.957974534482, 6877.334031742066, 7152.166974265128, 6663.582986220717, 7191.415992565453, 7145.458017475903, 6729.540997184813, 6956.957979127765, 7557.958015240729, 7350.542000494897, 7090.750033967197, 6878.542015329003, 7006.375002674758, 7055.333000607789, 6938.582984730601, 6987.917004153132, 7302.667014300823, 6911.540986038744, 6812.207982875407, 7307.08398623392, 7068.374950904399]}
