{"engine":"clickhouse","workload":"window_row_number_65k_i64","n_rows":65536,"samples":8,"median_us":6234.791,"min_us":5463.290988700464,"iterations_us":[5463.290988700464, 6683.5840116254985, 6357.3749794159085, 6603.042013011873, 6349.666975438595, 5992.332997266203, 6119.915982708335, 6041.874992661178]}
