{"engine":"postgres17","workload":"window_row_number_65k_i64","n_rows":65536,"samples":32,"median_us":53510.105,"min_us":45233.375,"iterations_us":[46304.707997478545, 45233.37498540059, 49371.08303420246, 51901.25002991408, 50191.66599959135, 53121.08399812132, 54657.45797846466, 54787.290981039405, 52401.54097555205, 54325.20795147866, 50059.41697163507, 54509.749985300004, 55273.542006034404, 55357.74998134002, 55528.79098104313, 54412.500001490116, 51429.37501659617, 48253.290995489806, 52844.33299675584, 50715.79205105081, 49371.125001925975, 53354.6669757925, 53693.20802856237, 50450.74998633936, 63663.33301411942, 57587.12498936802, 53665.54204374552, 54885.4999942705, 53716.79103700444, 52505.958010442555, 54310.4590033181, 55137.3339840211]}
