{"engine":"sqlite3","workload":"window_row_number_65k_i64","n_rows":65536,"samples":32,"median_us":29185.376,"min_us":28184.792,"iterations_us":[28184.792026877403, 29598.12496555969, 28859.16701052338, 29067.625000607222, 28910.249995533377, 29358.208004850894, 29115.08403485641, 28617.499978281558, 29055.666003841907, 29929.917014669627, 28726.54201928526, 28986.499994061887, 29288.583027664572, 28617.54095647484, 28958.20903358981, 28874.87504631281, 29286.83301433921, 29048.375028651208, 29175.667033996433, 30166.500015184283, 29603.332979604602, 30219.12497933954, 29508.33400245756, 30251.749965827912, 29195.08400373161, 29470.791982021183, 29059.29199187085, 29594.374995213002, 28910.70896293968, 29199.249984230846, 29417.04198019579, 29331.541969440877]}
