{"engine":"postgres17","workload":"window_row_number_65k_i64","n_rows":65536,"samples":8,"median_us":54531.063,"min_us":46653.209,"iterations_us":[49181.625014171004, 46653.20896310732, 48820.249969139695, 56144.24997474998, 53865.041001699865, 55543.16705092788, 55529.08300887793, 55197.08403153345]}
