{"engine":"postgres17","workload":"window_row_number_65k_i64","n_rows":65536,"samples":32,"median_us":53322.938,"min_us":45242.208,"iterations_us":[48305.29197352007, 45242.207997944206, 52911.58298496157, 53430.29199866578, 55396.66599361226, 53630.29200816527, 54157.62501070276, 53187.29201098904, 52651.582984253764, 50278.70903722942, 54540.58403847739, 54283.75001065433, 50589.957972988486, 53587.290982250124, 51917.290955316275, 53931.000002194196, 53340.45900963247, 51360.6250169687, 55948.249995708466, 53006.290982011706, 51760.20896760747, 53264.1249592416, 53305.41601870209, 55091.45796531811, 54543.29098574817, 51134.50001226738, 54380.29102515429, 53405.540995299816, 51456.74996310845, 54208.042041864246, 54703.25000351295, 52782.62495994568]}
