{"engine":"ultrasql","iterations_us":[3984.4579999999996,4033.875,4039.75,4058.6659999999997,4059.292,4063.375,4068.459,4075.7500000000005,4085.0419999999995,4092.8329999999996,4117.7080000000005,4119.625,4158.375,4163.2919999999995,4172.958,4193.834,4194.875,4196.958,4197.833,4204.25,4206.375,4213.0,4245.0,4260.75,4260.916,4263.0,4267.1669999999995,4283.25,4359.9169999999995,4361.7919999999995,4442.9580000000005,4471.041],"median_us":4194.875,"min_us":3984.4579999999996,"n_rows":65536,"samples":32,"workload":"window_row_number_65k_i64"}
