{"engine":"sqlite3","workload":"window_row_number_65k_i64","n_rows":65536,"samples":32,"median_us":33312.854,"min_us":29184.875,"iterations_us":[29184.874962083995, 31232.750043272972, 29992.541996762156, 30709.083075635135, 30698.750051669776, 30521.875014528632, 30306.875007227063, 30269.958078861237, 31085.291993804276, 54515.62500093132, 33667.8751045838, 30919.458018615842, 31267.37498678267, 33481.66693467647, 33137.24999316037, 35121.5839618817, 33707.041991874576, 34265.45800175518, 33453.62492837012, 35696.45795505494, 35605.33304698765, 37836.16598229855, 34385.62504015863, 33172.08297085017, 34218.457993119955, 35698.291962035, 33688.79191111773, 32890.08291903883, 52637.915941886604, 36508.250050246716, 32535.95798742026, 31753.749935887754]}
