{"engine":"sqlite3","workload":"window_row_number_65k_i64","n_rows":65536,"samples":8,"median_us":30996.416,"min_us":28860.791,"iterations_us":[28860.790975159034, 30673.041997943074, 30870.249989675358, 31680.541986133903, 31729.750015074387, 31732.499977806583, 30510.959011735395, 31122.582993702963]}
