{"engine":"sqlite3","workload":"window_row_number_65k_i64","n_rows":65536,"samples":32,"median_us":30017.459,"min_us":29675.917,"iterations_us":[29850.957915186882, 30915.832961909473, 30700.791045092046, 31137.33301870525, 30560.709070414305, 30169.583042152226, 29933.58310777694, 30159.582966007292, 30020.750011317432, 30910.292058251798, 30199.249973520637, 29816.625057719648, 29946.208000183105, 29817.292001098394, 30156.33299946785, 30014.167074114084, 29975.082958117127, 30098.041985183954, 29899.207991547883, 30070.667038671672, 30315.499985590577, 30527.999973855913, 29863.958014175296, 29970.041010528803, 30118.16693469882, 30199.29095171392, 29991.333023644984, 29900.250025093555, 29985.499917529523, 29935.667058452964, 29675.91700144112, 29699.624981731176]}
