{"engine":"ultrasql","iterations_us":[11405.458999999999,11556.208999999999,11599.708999999999,11630.792,11633.917000000001,11677.375,11738.042000000001,11901.5],"median_us":11633.917000000001,"min_us":11405.458999999999,"n_rows":65536,"samples":8,"workload":"window_row_number_65k_i64"}
