{"engine":"clickhouse","workload":"window_row_number_65k_i64","n_rows":65536,"samples":8,"median_us":6004.417,"min_us":5327.374994521961,"iterations_us":[5327.374994521961, 6141.583988210186, 6035.708007402718, 6110.750022344291, 5739.125015679747, 5968.334007775411, 5973.124993033707, 6273.707986110821]}
