{"engine":"postgres17","workload":"window_row_number_65k_i64","n_rows":65536,"samples":8,"median_us":50759.521,"min_us":47449.375,"iterations_us":[50446.41700806096, 48735.667020082474, 47449.37497889623, 49938.042007852346, 51499.49999758974, 52760.08299551904, 51072.62500678189, 54077.99998647533]}
