{"engine":"sqlite3","workload":"window_row_number_65k_i64","n_rows":65536,"samples":32,"median_us":28565.125,"min_us":27283.792,"iterations_us":[27283.792005619034, 28554.791992064565, 28575.458010891452, 28596.791991731152, 28508.29201634042, 28469.00001168251, 28240.95799587667, 28383.915981976315, 28354.749985737726, 28551.37499864213, 28053.916001226753, 28122.874995460734, 28616.833995329216, 28920.79099547118, 28971.249994356185, 28813.1250126753, 29089.124989695847, 28877.042001113296, 28895.666997414082, 28437.708999263123, 28669.082996202633, 29048.833006527275, 28503.124980488792, 28594.625007826835, 28586.333006387576, 28810.08299300447, 28586.957982042804, 28034.29201594554, 28647.416998865083, 27852.625004015863, 28482.49999806285, 28219.08300393261]}
