{"engine":"sqlite3","workload":"window_row_number_65k_i64","n_rows":65536,"samples":32,"median_us":30214.250,"min_us":28923.542,"iterations_us":[30387.457984033972, 31079.000007594004, 30362.124991370365, 53935.95900386572, 30723.25000539422, 30601.875012507662, 30095.791997155175, 29886.583011830226, 31085.583003005013, 31196.33300229907, 29791.667009703815, 29735.749994870275, 30751.541984500363, 29267.41700503044, 29841.250012395903, 30415.04099383019, 34067.416010657325, 31258.208997314796, 30332.708003697917, 30935.58398541063, 30362.582998350263, 30932.83300404437, 29108.749993611127, 29373.541998211294, 29817.083006491885, 29337.95901481062, 29266.124998684973, 28923.54200594127, 29081.208020215854, 29155.291995266452, 29003.667004872113, 29245.915997307748]}
