{"engine":"ultrasql","iterations_us":[4229.584,4244.0,4244.0,4247.1669999999995,4250.292,4263.916,4264.6669999999995,4278.6669999999995,4282.667,4284.75,4285.834,4287.458,4295.75,4296.834,4300.9169999999995,4307.375,4315.167,4324.625,4334.290999999999,4353.208,4357.875,4359.333,4365.458,4386.1669999999995,4386.834,4392.667,4403.458,4414.292,4416.7080000000005,4436.792,4454.416,4488.9580000000005],"median_us":4315.167,"min_us":4229.584,"n_rows":65536,"samples":32,"workload":"window_row_number_65k_i64"}
