{"engine":"clickhouse","workload":"window_row_number_65k_i64","n_rows":65536,"samples":32,"median_us":9131.396,"min_us":5707.459058612585,"iterations_us":[9572.333074174821, 9604.958002455533, 9824.792039580643, 10122.332954779267, 10198.500007390976, 10218.91599521041, 11205.708025954664, 9249.499998986721, 9940.291987732053, 10211.83398552239, 10156.333912163973, 9886.95805426687, 9709.541918709874, 9769.083000719547, 9113.791980780661, 8445.207960903645, 6410.000030882657, 8779.542054980993, 6115.08300062269, 7495.4580049961805, 9148.999932222068, 6250.458071008325, 9332.041954621673, 8620.791952125728, 5896.167014725506, 8437.833981588483, 8419.041987508535, 8291.54101666063, 7983.874995261431, 5803.2500091940165, 5707.459058612585, 8351.083029992878]}
