{"engine":"sqlite3","workload":"window_row_number_65k_i64","n_rows":65536,"samples":8,"median_us":29267.000,"min_us":28743.584,"iterations_us":[28743.584000039846, 30255.3329966031, 30380.542011698708, 30227.37498395145, 29276.83398593217, 29257.165995659307, 28980.167000554502, 28842.541010817513]}
