{"engine":"duckdb","workload":"window_row_number_65k_i64","n_rows":65536,"samples":4,"median_us":7217.542,"min_us":6465.000,"iterations_us":[6465.0000422261655, 7331.541972234845, 7226.624991744757, 7208.458031527698]}
