{"engine":"postgres17","workload":"window_row_number_65k_i64","n_rows":65536,"samples":32,"median_us":55490.896,"min_us":46683.250,"iterations_us":[46683.24999511242, 53475.916967727244, 53975.62508005649, 53766.41696784645, 56178.29202674329, 53793.16594917327, 56221.83298692107, 54691.91598240286, 57377.499993890524, 53525.166935287416, 55176.37496814132, 55709.70801636577, 53108.87494124472, 56087.625096552074, 55423.75007644296, 54089.33397848159, 56559.45895705372, 54668.208002112806, 58227.207977324724, 59602.87502966821, 59779.000002890825, 62043.50001644343, 55628.9580417797, 58368.16597729921, 54280.87501786649, 55568.20903439075, 54464.24998808652, 53441.45791605115, 56906.749960035086, 55558.042018674314, 54597.208043560386, 56260.3750731796]}
