{"engine":"sqlite3","workload":"window_row_number_65k_i64","n_rows":65536,"samples":8,"median_us":29791.104,"min_us":28619.875,"iterations_us":[28619.87499636598, 30376.458977116272, 29847.249999875203, 30130.291008390486, 29844.375007087365, 29737.832985119894, 29456.45898580551, 29589.91701598279]}
