{"engine":"clickhouse","workload":"window_row_number_65k_i64","n_rows":65536,"samples":8,"median_us":6106.521,"min_us":5582.708021393046,"iterations_us":[5582.708021393046, 6380.916980560869, 6377.666984917596, 6290.208024438471, 6098.125013522804, 6030.374992405996, 6114.917021477595, 5985.083000268787]}
