{"engine":"sqlite3","workload":"window_row_number_65k_i64","n_rows":65536,"samples":8,"median_us":30298.521,"min_us":29472.208,"iterations_us":[29472.207999788225, 30753.33300512284, 30457.040993496776, 30676.416994538158, 30267.33302976936, 30329.708999488503, 29938.49996710196, 30200.375011190772]}
