{"engine":"duckdb","workload":"window_row_number_65k_i64","n_rows":65536,"samples":32,"median_us":6958.187,"min_us":6308.125,"iterations_us":[6308.125040959567, 7657.832989934832, 7224.83400022611, 7297.458010725677, 7126.50001514703, 7159.8750073462725, 7035.207992885262, 6982.833030633628, 7932.915992569178, 7176.291022915393, 7029.33402499184, 6776.291003916413, 6964.0830042771995, 6820.500013418496, 6766.750011593103, 6939.499988220632, 6844.624993391335, 6842.083006631583, 6982.416962273419, 6847.375014331192, 7556.665979791433, 6921.08302609995, 6992.084032390267, 7010.95798285678, 6847.125012427568, 7000.832993071526, 6865.083996672183, 6822.5410068407655, 6952.29199482128, 6763.45796091482, 6802.79202060774, 6731.208995915949]}
