{"engine":"duckdb","workload":"window_row_number_65k_i64","n_rows":65536,"samples":8,"median_us":7755.438,"min_us":6655.208,"iterations_us":[6655.208009760827, 7845.1250155922025, 7751.750003080815, 7759.125001030043, 7429.12499117665, 7546.375010861084, 7834.290998289362, 7858.66699879989]}
