{"engine":"postgres17","workload":"window_row_number_65k_i64","n_rows":65536,"samples":32,"median_us":54809.604,"min_us":45527.042,"iterations_us":[45527.04200614244, 47324.37490019947, 49291.249946691096, 55452.62503437698, 56273.99997320026, 56362.20902670175, 56571.415974758565, 54791.70801118016, 52960.74994839728, 56344.7920139879, 53985.6250397861, 54617.66698863357, 53773.58396071941, 54089.542012661695, 56066.042045131326, 55852.74996701628, 56157.915969379246, 53459.292044863105, 57048.66605810821, 57881.4169857651, 53355.7910239324, 52989.167044870555, 53461.74992155284, 53419.9170069769, 53385.208011604846, 57967.2500025481, 56447.83400930464, 56550.91698281467, 54827.500018291175, 55406.45797736943, 53229.707991704345, 57393.45797337592]}
