{"engine":"duckdb","workload":"window_row_number_65k_i64","n_rows":65536,"samples":32,"median_us":7811.604,"min_us":6943.250,"iterations_us":[7033.250003587455, 8519.499999238178, 7800.667022820562, 8167.457999661565, 7956.124987686053, 7622.000004630536, 9214.54100171104, 8139.416022459045, 7950.125000206754, 7847.2500026691705, 8308.042015414685, 8018.4580001514405, 7822.540996130556, 7717.250002315268, 7504.707988118753, 7607.000006828457, 8159.7919925116, 7049.042003927752, 8613.000012701377, 7484.250003471971, 7479.4999964069575, 8138.041011989117, 7768.0000104010105, 8038.166997721419, 8060.499996645376, 7482.332992367446, 7589.500019093975, 7563.375023892149, 6943.249987671152, 7961.12502575852, 7788.37499092333, 7416.208012728021]}
