{"engine":"clickhouse","workload":"window_row_number_65k_i64","n_rows":65536,"samples":8,"median_us":6035.875,"min_us":5526.375025510788,"iterations_us":[5526.375025510788, 6164.584017824382, 5868.16601571627, 6322.416011244059, 6017.749983584508, 6053.999997675419, 6133.375019999221, 5799.74998254329]}
