{"engine":"sqlite3","workload":"window_row_number_65k_i64","n_rows":65536,"samples":32,"median_us":29286.854,"min_us":27933.000,"iterations_us":[27933.000004850328, 29855.3750035353, 29645.999980857596, 30050.374974962324, 29532.083979574963, 29631.708981469274, 29567.292018327862, 29191.08301284723, 29133.042000466958, 29497.333976905793, 29150.791000574827, 29014.375002589077, 28852.49999235384, 28715.125023154542, 28929.91600674577, 29883.41700984165, 29333.16698181443, 28774.333011824638, 29230.33299157396, 29852.708015823737, 29725.125001277775, 29365.584021434188, 29372.666991548613, 28513.291996205226, 29051.45799741149, 29240.541014587507, 29164.958017645404, 28894.584014778957, 29372.625023825094, 29795.207985443994, 29042.250011116266, 29364.457994233817]}
