{"engine":"postgres17","workload":"window_row_number_65k_i64","n_rows":65536,"samples":32,"median_us":71688.230,"min_us":60695.667,"iterations_us":[92696.41700666398, 67702.95900059864, 64744.29200170562, 64806.625014171004, 60695.66699443385, 65839.5409991499, 94705.29097598046, 69610.20801099949, 69462.12501497939, 84980.70799396373, 67550.87501369417, 76465.62499576248, 67112.9580005072, 62660.29199468903, 65399.04201054014, 68669.1669980064, 68249.66700514778, 75188.87499463744, 70652.9590243008, 64083.33400031552, 65802.58402391337, 74614.95898314752, 72723.4999940265, 84942.58299469948, 98513.04101175629, 80725.95798876137, 82045.87499494664, 80358.45798440278, 88296.54101282358, 108179.16700034402, 93922.24997282028, 127472.91702544317]}
