{"engine":"duckdb","workload":"window_row_number_65k_i64","n_rows":65536,"samples":4,"median_us":7785.812,"min_us":6596.666,"iterations_us":[6596.6660040430725, 7596.332987304777, 7975.2909950912, 8169.082982931286]}
