{"engine":"sqlite3","workload":"window_row_number_65k_i64","n_rows":65536,"samples":8,"median_us":29695.875,"min_us":28901.916,"iterations_us":[28901.91599726677, 30924.20898610726, 30690.583982504904, 30277.208978077397, 29516.749986214563, 29875.00000745058, 29249.624989461154, 29165.915999328718]}
