{"engine":"postgres17","workload":"window_row_number_65k_i64","n_rows":65536,"samples":8,"median_us":51603.313,"min_us":47910.375,"iterations_us":[51464.99999682419, 47910.37499671802, 50182.8340056818, 48847.332975128666, 51741.625007707626, 53716.2919936236, 57027.25000446662, 57165.542006259784]}
