{"engine":"postgres17","workload":"window_row_number_65k_i64","n_rows":65536,"samples":32,"median_us":51494.896,"min_us":44367.292,"iterations_us":[48463.62498938106, 48958.583996864036, 44367.29199369438, 51412.834000075236, 50314.62499755435, 51504.50000655837, 53658.95800059661, 51608.917012345046, 51543.29098877497, 51522.25002530031, 50140.29101585038, 51438.666007015854, 52805.625018663704, 50864.25002082251, 52872.24997300655, 54141.95900084451, 49772.45899499394, 51214.665989391506, 52913.54100336321, 51485.29200232588, 48259.666975354776, 52181.04101368226, 50720.83399863914, 51634.12500405684, 51078.49999330938, 54822.6670071017, 51071.58300234005, 53185.33402169123, 46155.916003044695, 55078.37500772439, 54557.374998694286, 51786.75000206567]}
