{"engine":"duckdb","workload":"window_row_number_65k_i64","n_rows":65536,"samples":32,"median_us":6729.125,"min_us":6224.750,"iterations_us":[6224.750075489283, 7247.666944749653, 7164.375041611493, 7286.709034815431, 7230.374962091446, 6993.916933424771, 6977.249984629452, 7681.12507648766, 6557.708024047315, 6796.333938837051, 6657.707970589399, 6665.374967269599, 6700.083031319082, 6547.375000081956, 6847.333977930248, 6832.666927948594, 6770.000094547868, 6768.124992959201, 7141.0839445889, 6731.875007972121, 6677.457946352661, 6584.2499025166035, 6770.9170980378985, 6491.790991276503, 6726.374966092408, 6686.749984510243, 6637.708051130176, 6479.499978013337, 6580.7499922811985, 6664.83398526907, 6870.625074952841, 6625.834037549794]}
