{"engine":"duckdb","workload":"window_row_number_65k_i64","n_rows":65536,"samples":8,"median_us":7434.375,"min_us":6417.250,"iterations_us":[6417.249969672412, 7897.20902685076, 7061.582989990711, 7839.000027161092, 7220.542000140995, 7648.2080039568245, 8207.667036913335, 7070.62502624467]}
