{"engine":"duckdb","workload":"window_row_number_65k_i64","n_rows":65536,"samples":32,"median_us":6369.979,"min_us":6103.875,"iterations_us":[6323.7089780159295, 7224.458997370675, 7258.124998770654, 6897.417013533413, 6640.583014814183, 6612.66699898988, 6632.541015278548, 6701.2909858021885, 7347.4160162732005, 6365.165987517685, 6256.291992031038, 6319.7909912560135, 6384.167005307972, 6120.083009591326, 6288.042000960559, 6267.9999973624945, 6214.666995219886, 6103.87499909848, 6397.832999937236, 6172.584020532668, 6561.042013345286, 6322.583998553455, 6580.333021702245, 6323.917012196034, 6369.7499863337725, 6337.5419995281845, 6612.708006286994, 6512.915977509692, 6370.208982843906, 6310.665979981422, 6204.25000670366, 6378.874997608364]}
