{"engine":"duckdb","workload":"window_row_number_65k_i64","n_rows":65536,"samples":32,"median_us":7713.292,"min_us":6989.583,"iterations_us":[7280.874997377396, 8292.292011901736, 7921.916985651478, 7721.6660138219595, 8058.125007664785, 7832.709001377225, 7987.874996615574, 7632.541994098574, 8923.457993660122, 7752.292003715411, 7459.20799090527, 7425.499992677942, 7297.16700152494, 7962.999981828034, 7686.249999096617, 7747.249997919425, 7123.042014427483, 7821.792009053752, 7645.375007996336, 7957.958005135879, 8202.62500201352, 7610.625005327165, 8187.416009604931, 7421.208021696657, 7359.499984886497, 6989.583023823798, 7704.916992224753, 7632.2499953676015, 8018.874999834225, 7166.249997681007, 7615.542010171339, 8033.41600112617]}
