{"engine":"sqlite3","workload":"window_row_number_65k_i64","n_rows":65536,"samples":8,"median_us":30050.375,"min_us":28929.334,"iterations_us":[28929.334017448127, 29800.25002034381, 30331.749992910773, 30316.5000223089, 29596.541018690914, 29564.500000560656, 30300.4999877885, 30903.999984730035]}
