{"engine":"duckdb","workload":"window_row_number_65k_i64","n_rows":65536,"samples":8,"median_us":7506.020,"min_us":6470.417,"iterations_us":[6470.416992669925, 7739.499997114763, 7437.916996423155, 7617.417024448514, 7610.708009451628, 7534.374977694824, 7477.666018530726, 7309.667009394616]}
