{"engine":"sqlite3","workload":"window_row_number_65k_i64","n_rows":65536,"samples":32,"median_us":28601.916,"min_us":27807.833,"iterations_us":[27889.916993444785, 29274.791973875836, 28652.79099205509, 29087.20899722539, 28872.12499626912, 29368.417017394677, 28507.54201062955, 28127.915982622653, 28399.66700412333, 28890.042012790218, 29020.874993875623, 29371.332988375798, 29162.45799860917, 29414.000018732622, 28551.041992614046, 29438.20902146399, 28013.625007588416, 28549.333015689626, 27952.9589752201, 28321.04201661423, 29164.375009713694, 29044.083988992497, 28336.332994513214, 28711.166989523917, 28690.500010270625, 28192.291007144377, 28415.416018106043, 28390.6249969732, 28293.332987232134, 27807.8330156859, 28654.124995227903, 27873.957995325327]}
