{"engine":"postgres17","workload":"window_row_number_65k_i64","n_rows":65536,"samples":4,"median_us":46303.167,"min_us":45498.208,"iterations_us":[45498.20796819404, 46931.62505282089, 45674.70902111381, 50648.16604135558]}
