{"engine":"postgres17","workload":"window_row_number_65k_i64","n_rows":65536,"samples":8,"median_us":58630.708,"min_us":49609.625,"iterations_us":[49609.624955337495, 65701.2090086937, 59020.54096804932, 59881.66603492573, 58450.25001326576, 58633.58295755461, 58088.25005078688, 58627.83303018659]}
