{"engine":"duckdb","workload":"window_row_number_65k_i64","n_rows":65536,"samples":32,"median_us":7073.167,"min_us":6590.666,"iterations_us":[6590.666016563773, 7865.7090198248625, 7532.082963734865, 7568.832952529192, 7664.249977096915, 7361.249998211861, 7365.124998614192, 7442.999980412424, 8191.375061869621, 7280.999911017716, 7011.4589761942625, 7058.541988953948, 7357.625057920814, 7087.792037054896, 6916.166050359607, 6997.165968641639, 7015.374954789877, 6803.625030443072, 7120.458059944212, 7187.749957665801, 7376.500056125224, 7162.209018133581, 6783.582968637347, 7029.750035144389, 6916.207959875464, 6951.707997359335, 7052.124943584204, 6695.583928376436, 6851.5000166371465, 6892.000092193484, 6794.583052396774, 7402.375107631087]}
