{"engine":"clickhouse","workload":"window_row_number_65k_i64","n_rows":65536,"samples":8,"median_us":10815.271,"min_us":9427.374985534698,"iterations_us":[11607.417021878064, 12290.665996260941, 11386.999976821244, 11012.999981176108, 10617.542022373527, 9427.374985534698, 10451.74995670095, 9666.70800698921]}
