{"engine":"duckdb","workload":"window_row_number_65k_i64","n_rows":65536,"samples":8,"median_us":7467.896,"min_us":6736.000,"iterations_us":[6735.9999811742455, 7905.709004262462, 7549.417001428083, 7717.54200104624, 7698.582980083302, 7386.374985799193, 7118.209003238007, 7346.375001361594]}
