{"engine":"sqlite3","workload":"window_row_number_65k_i64","n_rows":65536,"samples":32,"median_us":29283.375,"min_us":28572.917,"iterations_us":[28572.916984558105, 29722.4999521859, 29543.040960561484, 29916.291998233646, 29638.20903096348, 29272.541985847056, 29243.333032354712, 29390.3750134632, 29564.91697113961, 29665.499983821064, 29584.000003524125, 29332.124977372587, 29294.207983184606, 29083.708010148257, 28903.541970066726, 29158.915975131094, 29360.2499878034, 29053.33397211507, 29106.125002726912, 29062.791960313916, 29182.08303162828, 30166.20804555714, 29191.375011578202, 29430.916998535395, 29192.665999289602, 29836.292029358447, 29045.208008028567, 29306.332988198847, 29184.708022512496, 29099.500039592385, 29335.500032175332, 29098.916973453015]}
