{"engine":"clickhouse","workload":"window_row_number_65k_i64","n_rows":65536,"samples":32,"median_us":10380.313,"min_us":7530.624978244305,"iterations_us":[11186.58302584663, 12394.207995384932, 12274.458014871925, 12046.042014844716, 11351.290973834693, 11314.541974570602, 10652.291006408632, 10921.375011093915, 10930.042015388608, 9605.875005945563, 11242.917040362954, 10615.333972964436, 11098.582996055484, 8600.916946306825, 10731.833986938, 9004.249994177371, 8960.167004261166, 10972.250020131469, 9637.834038585424, 8989.208028651774, 8322.208013851196, 10684.12500899285, 8074.37498588115, 10145.291977096349, 10069.666022900492, 7530.624978244305, 10789.624997414649, 7937.833026517183, 8129.49996907264, 8539.166010450572, 7911.125023383647, 7649.7090049088]}
