{"engine":"duckdb","workload":"window_row_number_65k_i64","n_rows":65536,"samples":32,"median_us":8420.604,"min_us":6997.958,"iterations_us":[6997.957942076027, 13157.91707020253, 10366.41700193286, 9628.708008676767, 8261.292008683085, 8773.084031417966, 8210.332947783172, 7880.458026193082, 10714.457952417433, 8047.41692263633, 8186.999941244721, 8438.499993644655, 7621.374912559986, 7413.665996864438, 7294.542039744556, 9287.209017202258, 8166.958927176893, 12836.91602293402, 7641.625008545816, 8568.375022150576, 8321.332978084683, 8178.125019185245, 8402.708917856216, 8532.874984666705, 8325.499948114157, 8839.79198988527, 9421.667084097862, 8871.124940924346, 8989.625028334558, 8249.790989793837, 8639.290928840637, 9964.957949705422]}
