{"engine":"clickhouse","workload":"window_row_number_65k_i64","n_rows":65536,"samples":4,"median_us":12391.146,"min_us":11992.333980742842,"iterations_us":[12949.125026352704, 12689.833994954824, 12092.458957340568, 11992.333980742842]}
