{
  "rendered_at": "2026-05-28T04:46:37Z",
  "schema_version": 1,
  "workloads": {
    "delete_throughput_10k": {
      "engines": [
        {
          "engine": "sqlite3",
          "iterations_us": [
            1.0,
            159.70800450304523,
            525.0000031082891,
            554.8330009332858,
            596.958001551684,
            918.1250134133734,
            1041.2499905214645,
            1358.8749934569933
          ],
          "median_us": 575.896,
          "min_us": 1.0,
          "n_rows": 10000,
          "rank": 1,
          "samples": 8
        },
        {
          "engine": "duckdb",
          "iterations_us": [
            2356.812015932519,
            3381.6879949881695,
            4966.271000739653,
            5125.6040096632205,
            5399.479014158715,
            5661.937997501809,
            9277.771001507062,
            26630.603992089164
          ],
          "median_us": 5262.542,
          "min_us": 2356.812,
          "n_rows": 10000,
          "rank": 2,
          "samples": 8
        },
        {
          "engine": "postgres17",
          "iterations_us": [
            20623.12499037944,
            20678.25000267476,
            20888.915998511948,
            21448.125000461005,
            22429.999997257255,
            22713.2080035517,
            24297.208001371473,
            25190.040993038565
          ],
          "median_us": 21939.062,
          "min_us": 20623.125,
          "n_rows": 10000,
          "rank": 3,
          "samples": 8
        }
      ]
    },
    "insert_throughput_10k": {
      "engines": [
        {
          "engine": "ultrasql",
          "iterations_us": [
            4020.875,
            4037.209,
            4273.458,
            4429.916,
            4460.7919999999995,
            4489.291,
            4634.834,
            4739.1669999999995
          ],
          "median_us": 4460.7919999999995,
          "min_us": 4020.875,
          "n_rows": 10000,
          "rank": 1,
          "samples": 8
        },
        {
          "engine": "sqlite3",
          "iterations_us": [
            19264.00000229478,
            19341.37499483768,
            19378.415992832743,
            19693.83300456684,
            19915.12499807868,
            19937.124990974553,
            19944.75000537932,
            23354.040997219272
          ],
          "median_us": 19804.479,
          "min_us": 19264.0,
          "n_rows": 10000,
          "rank": 2,
          "samples": 8
        },
        {
          "engine": "postgres17",
          "iterations_us": [
            43293.958995491266,
            45528.87499448843,
            47947.62500387151,
            49512.29201105889,
            49993.49999707192,
            51030.791000812314,
            52999.20900142752,
            60787.79099334497
          ],
          "median_us": 49752.896,
          "min_us": 43293.959,
          "n_rows": 10000,
          "rank": 3,
          "samples": 8
        },
        {
          "engine": "duckdb",
          "iterations_us": [
            62437.9590008175,
            62918.62500074785,
            63770.9580041701,
            63819.625007454306,
            64576.54199039098,
            64735.91600661166,
            64877.08300119266,
            65089.95899639558
          ],
          "median_us": 64198.083,
          "min_us": 62437.959,
          "n_rows": 10000,
          "rank": 4,
          "samples": 8
        }
      ]
    },
    "mixed_oltp_pgbench_like": {
      "engines": [
        {
          "engine": "sqlite3",
          "iterations_us": [
            361.6278176248264,
            361.8243406484869,
            363.0940068841733,
            367.4566299269183,
            368.1075213267725,
            371.6088118488659,
            374.4183302218001,
            380.78934659014607
          ],
          "median_us": 367.782,
          "min_us": 361.628,
          "n_rows": 10000,
          "rank": 1,
          "samples": 8
        },
        {
          "engine": "duckdb",
          "iterations_us": [
            1266.5091149938237,
            1268.8142187653284,
            1269.592187491071,
            1274.410886253463,
            1287.6768749993062,
            1288.4613537426048,
            1297.0458325071377,
            1304.1105724914814
          ],
          "median_us": 1281.044,
          "min_us": 1266.509,
          "n_rows": 10000,
          "rank": 2,
          "samples": 8
        },
        {
          "engine": "postgres17",
          "iterations_us": [
            11627.906976744183,
            11904.761904761905,
            12048.192771084336,
            12195.121951219511,
            12345.67901234568,
            12500.0,
            12500.0,
            12500.0
          ],
          "median_us": 12270.4,
          "min_us": 11627.907,
          "n_rows": 10000,
          "rank": 3,
          "samples": 8
        }
      ]
    },
    "select_scan_10k": {
      "engines": [
        {
          "engine": "ultrasql",
          "iterations_us": [
            7412.792,
            7729.167,
            7850.25,
            7935.833,
            8100.792,
            8317.833,
            8537.542000000001,
            8574.792
          ],
          "median_us": 8100.792,
          "min_us": 7412.792,
          "n_rows": 10000,
          "rank": 1,
          "samples": 8
        }
      ]
    },
    "update_throughput_10k": {
      "engines": [
        {
          "engine": "duckdb",
          "iterations_us": [
            1.0,
            1.0,
            1.0,
            1.0,
            104.4375021592714,
            314.93750429945067,
            549.1455012816004,
            15170.72850401746
          ],
          "median_us": 52.719,
          "min_us": 1.0,
          "n_rows": 10000,
          "rank": 1,
          "samples": 8
        },
        {
          "engine": "sqlite3",
          "iterations_us": [
            1.0,
            1.0,
            1.0,
            1.0,
            261.43750437768176,
            493.3125092065893,
            591.187497775536,
            1347.1455094986595
          ],
          "median_us": 131.219,
          "min_us": 1.0,
          "n_rows": 10000,
          "rank": 2,
          "samples": 8
        },
        {
          "engine": "postgres17",
          "iterations_us": [
            42699.54199844506,
            42874.29200485349,
            43685.3749997681,
            44166.125007905066,
            44190.58300845791,
            45807.125003193505,
            46254.83299605549,
            47583.33299832884
          ],
          "median_us": 44178.354,
          "min_us": 42699.542,
          "n_rows": 10000,
          "rank": 3,
          "samples": 8
        }
      ]
    }
  }
}