{
  "rendered_at": "2026-05-28T07:11:08Z",
  "schema_version": 1,
  "workloads": {
    "delete_throughput_10k": {
      "engines": [
        {
          "engine": "sqlite3",
          "iterations_us": [
            526.0420002741739,
            534.6669931896031,
            535.7079935492948,
            539.6659980760887,
            545.832997886464,
            557.1660003624856,
            563.917012186721,
            573.5000013373792
          ],
          "median_us": 542.749,
          "min_us": 526.042,
          "n_rows": 10000,
          "rank": 1,
          "samples": 8
        },
        {
          "engine": "ultrasql",
          "iterations_us": [
            1224.75,
            1273.5,
            1278.875,
            1331.625,
            1395.208,
            1422.833,
            1474.125,
            1649.041
          ],
          "median_us": 1395.208,
          "min_us": 1224.75,
          "n_rows": 10000,
          "rank": 2,
          "samples": 8
        },
        {
          "engine": "duckdb",
          "iterations_us": [
            1908.4579980699343,
            1972.4170124391096,
            2025.45800129883,
            2043.207990936935,
            2061.040999251418,
            2077.3750002263114,
            2100.291007081978,
            2229.9170086625963
          ],
          "median_us": 2052.124,
          "min_us": 1908.458,
          "n_rows": 10000,
          "rank": 3,
          "samples": 8
        },
        {
          "engine": "postgres17",
          "iterations_us": [
            20623.12499037944,
            20678.25000267476,
            20888.915998511948,
            21448.125000461005,
            22429.999997257255,
            22713.2080035517,
            24297.208001371473,
            25190.040993038565
          ],
          "median_us": 21939.062,
          "min_us": 20623.125,
          "n_rows": 10000,
          "rank": 4,
          "samples": 8
        }
      ]
    },
    "filter_sum_1m_i64": {
      "engines": [
        {
          "engine": "duckdb",
          "iterations_us": [
            187.66699940897524,
            193.7500055646524,
            198.2079993467778,
            199.70900029875335,
            204.66699788812548,
            221.5839922428131,
            222.70801127888265,
            230.5410016560927
          ],
          "median_us": 202.188,
          "min_us": 187.667,
          "n_rows": 1000000,
          "rank": 1,
          "samples": 8
        },
        {
          "engine": "sqlite3",
          "iterations_us": [
            16461.666993563995,
            17190.250000567175,
            17218.459004652686,
            17289.875002461486,
            17550.167001900263,
            18030.62499675434,
            41971.41600889154,
            112698.37500003632
          ],
          "median_us": 17420.021,
          "min_us": 16461.667,
          "n_rows": 1000000,
          "rank": 2,
          "samples": 8
        },
        {
          "engine": "postgres17",
          "iterations_us": [
            35715.2080105152,
            36845.83300491795,
            37452.165997819975,
            37587.66700048,
            44827.125006122515
          ],
          "median_us": 37452.166,
          "min_us": 35715.208,
          "n_rows": 1000000,
          "rank": 3,
          "samples": 5
        },
        {
          "engine": "ultrasql",
          "iterations_us": [
            70933.66600000001,
            70988.625,
            71385.208,
            71677.91699999999,
            90834.583
          ],
          "median_us": 71385.208,
          "min_us": 70933.66600000001,
          "n_rows": 1000000,
          "rank": 4,
          "samples": 5
        }
      ]
    },
    "insert_throughput_10k": {
      "engines": [
        {
          "engine": "ultrasql",
          "iterations_us": [
            4282.9169999999995,
            4902.7080000000005,
            4954.5,
            5006.375,
            5022.541,
            5181.584000000001,
            5294.25,
            6186.167
          ],
          "median_us": 5022.541,
          "min_us": 4282.9169999999995,
          "n_rows": 10000,
          "rank": 1,
          "samples": 8
        },
        {
          "engine": "sqlite3",
          "iterations_us": [
            21385.457992437296,
            21593.833997030742,
            21842.6659994293,
            21915.20799533464,
            21927.41699400358,
            21974.542003590617,
            22574.999995413236,
            26193.375000730157
          ],
          "median_us": 21921.312,
          "min_us": 21385.458,
          "n_rows": 10000,
          "rank": 2,
          "samples": 8
        },
        {
          "engine": "postgres17",
          "iterations_us": [
            43293.958995491266,
            45528.87499448843,
            47947.62500387151,
            49512.29201105889,
            49993.49999707192,
            51030.791000812314,
            52999.20900142752,
            60787.79099334497
          ],
          "median_us": 49752.896,
          "min_us": 43293.959,
          "n_rows": 10000,
          "rank": 3,
          "samples": 8
        },
        {
          "engine": "duckdb",
          "iterations_us": [
            63490.37500331178,
            63597.62499050703,
            63650.04200779367,
            64158.0840019742,
            66192.33300443739,
            66275.33400023822,
            66865.62499089632,
            73444.54100530129
          ],
          "median_us": 65175.209,
          "min_us": 63490.375,
          "n_rows": 10000,
          "rank": 4,
          "samples": 8
        }
      ]
    },
    "mixed_oltp_pgbench_like": {
      "engines": [
        {
          "engine": "sqlite3",
          "iterations_us": [
            394.490222832991,
            397.4537535719315,
            399.56779086972506,
            400.7043663994409,
            402.1242667979095,
            419.19543416346033,
            419.8570137486968,
            433.67649052078343
          ],
          "median_us": 401.414,
          "min_us": 394.49,
          "n_rows": 10000,
          "rank": 1,
          "samples": 8
        },
        {
          "engine": "duckdb",
          "iterations_us": [
            1333.3581666617345,
            1334.7700559922184,
            1348.4802213303435,
            1352.4536106657858,
            1363.3645546700184,
            1369.515944000644,
            1379.5383333344944,
            1455.5859528523538
          ],
          "median_us": 1357.909,
          "min_us": 1333.358,
          "n_rows": 10000,
          "rank": 2,
          "samples": 8
        },
        {
          "engine": "postgres17",
          "iterations_us": [
            11627.906976744183,
            11904.761904761905,
            12048.192771084336,
            12195.121951219511,
            12345.67901234568,
            12500.0,
            12500.0,
            12500.0
          ],
          "median_us": 12270.4,
          "min_us": 11627.907,
          "n_rows": 10000,
          "rank": 3,
          "samples": 8
        }
      ]
    },
    "select_avg_1m_i64": {
      "engines": [
        {
          "engine": "duckdb",
          "iterations_us": [
            248.99998970795423,
            258.83401394821703,
            261.3749966258183,
            266.415998339653,
            267.37499865703285,
            273.04200921207666,
            279.2919985949993,
            279.91700335405767
          ],
          "median_us": 266.895,
          "min_us": 249.0,
          "n_rows": 1000000,
          "rank": 1,
          "samples": 8
        },
        {
          "engine": "sqlite3",